mileage,age,engine_noise,tire_wear,check_engine_light,interaction_feature,additional_feature,complex_feature,needs_maintenance
186691.7072,18.24706162,1,2.683500006,1,0.318737545,14234.05858,13.15488632,1
95797.9681,-1.775244492,0,46.4929146,1,-0.197464986,1654580.81,-3.270936942,0
116828.6628,0.284061619,0,54.97797051,0,0.396055,206842.9547,-10.64133263,0
290391.2339,21.88173371,0,42.39960892,0,0.291457056,46246.35992,-13.17870561,1
99419.23798,12.87432465,0,38.36026478,0,-0.004776161,24781.92829,15.94490907,1
154144.562,4.463049676,1,51.93620597,1,0.639244324,95101.58159,26.30435173,0
281685.3087,6.52404645,2,100,0,0.459772615,152835.8963,21.9446244,1
110513.3001,18.65273861,0,44.78523095,1,0.354220603,20646.89122,24.86636975,0
45531.23432,4.750455369,0,53.89390035,0,0.327368914,27157.72383,-6.330350572,1
98790.34848,14.21901684,1,84.49843482,0,1.194048464,27143.67969,-14.355837,1
231637.1305,8.004683325,2,51.47695605,0,0.176491725,92245.19372,22.69098589,1
130497.5577,1.31201244,1,60.88142288,0,0.171080011,163206.195,10.4372028,1
319347.5294,3.92009243,2,45.60217943,1,-0.150992981,208261.2329,19.20054958,0
79463.03908,16.68339996,1,38.95586458,0,-0.020358934,15775.31627,-6.315679694,0
9215.505403,5.464286144,1,4.648513992,0,0.119785092,2342.861873,3.308091118,0
309624.6333,11.30250719,0,61.02008598,0,-0.108991682,96409.26504,1.592670226,1
212661.8897,7.351902954,0,9.61797585,1,0.265635088,55740.15411,2.469903698,0
290228.0894,8.195569045,0,20.54928966,0,0.136064149,88658.54723,-8.50262318,0
155725.3807,4.28910772,1,40.13045445,0,0.195705477,92482.9175,-16.93815721,1
279961.8058,5.953115236,2,58.525095,1,-0.080515799,144276.9095,5.003329346,0
23111.07229,-0.95482879,2,59.59194019,0,-0.281416067,91061.88229,-26.76035306,1
126946.4396,17.65840182,0,73.38549808,0,1.016208858,27881.75404,-4.128785988,0
226217.4213,16.94459863,0,14.73486076,0,0.270848425,33536.54779,-6.149983169,0
244808.8803,5.824738132,0,72.50285729,1,0.340222854,134789.1946,-3.162395448,0
276441.8407,13.82731761,0,0,1,0.181876902,12086.34201,4.008659354,1
158557.6968,8.552975274,1,25.68026321,1,-0.074534853,49976.05916,4.558403933,1
145126.294,18.57140024,2,65.55369419,1,0.388402019,29798.38335,14.00388351,1
88394.73043,6.932662638,2,56.84064473,1,0.147091906,40403.12899,26.71517723,1
-3346.04519,20.1395171,1,0,0,0.082981161,-185.5844245,1.27696291,1
149939.2234,16.31379492,1,0,0,-0.181392395,5657.171744,8.576675137,1
48963.88836,6.828215417,1,100,0,0.034086007,25750.31573,-8.218132319,0
172510.3427,-1.341520781,0,100,0,1.015516084,1211522.947,2.554329556,0
99452.75169,20.30199183,1,0,1,0.171907766,3054.241309,3.480261952,1
88283.97089,-0.142439096,1,83.01894656,1,0.600575517,211173.4721,10.41440978,0
80984.13768,18.57105609,1,20.80880285,0,0.492617422,12174.54079,-7.939058402,1
252200.2284,13.71646644,0,43.32971269,0,0.492454175,61236.50555,-11.29738595,0
41859.02931,18.06734482,0,34.10038588,1,0.474212368,7604.529172,2.377837369,0
27282.16414,1.39970476,0,89.40689951,0,0.476039969,36332.79784,13.30639201,1
278815.7242,11.50645864,2,21.76167965,0,0.146081707,65384.78019,-7.618376135,1
114410.4325,13.93898891,0,95.42985436,1,0.495579517,32934.27227,26.57395817,0
230400.8088,18.27472911,1,91.6767178,0,0.577345071,51453.27382,-2.790581724,1
249524.2373,0.893829765,1,40.51643685,1,0.090296553,323361.478,8.14157881,0
150368.9974,11.03055344,0,81.16678766,1,0.543291445,50990.99516,19.03528331,0
195227.6278,10.97536451,1,55.18864851,0,0.339770922,60869.60043,-0.243731257,0
98754.14972,0.448800176,2,82.58167024,0,0.249953659,178970.6532,-1.096321739,0
251585.7017,6.706034298,0,66.96735467,1,0.657406506,122373.9236,22.64855955,0
125653.5298,7.308138096,2,45.71001671,0,0.117039871,52060.61098,16.37296644,1
214603.4389,6.706447689,0,100,0,1.083045894,113921.5673,7.006307524,1
150658.6481,15.64537126,0,69.47350427,1,1.091325898,36431.60862,6.875415033,0
301951.7857,21.31807498,2,0,0,-0.229845949,8833.449279,8.470214704,0
204678.4611,14.30310046,1,79.53838005,0,0.540617962,55264.58161,-6.94109305,0
64277.5417,19.40873669,2,6.592729803,0,0.189081304,6524.524124,5.96973272,1
298223.2338,6.64274157,1,28.95886251,0,-0.084992706,118557.4398,3.251172823,0
251836.4344,17.28119991,2,20.73337187,0,-0.118927916,40808.86768,7.978223022,0
115686.1233,13.04310213,1,70.35397558,0,0.776409753,33077.51575,6.572524503,0
61721.82966,8.879501084,1,30.58523315,0,-0.045169399,19761.90477,14.0945937,0
168861.6013,11.2658441,1,17.31631988,0,0.813286911,37589.54359,-11.75720107,0
288404.1696,2.628385909,0,99.86012115,1,0.422870384,288101.5053,3.660524929,1
230637.5188,5.804479246,2,93.11098918,1,0.89115672,134593.958,25.91234234,0
303356.4384,5.458513724,0,40.62551408,0,0.016865019,152662.9567,24.66206083,0
190086.7764,19.51758573,1,90.51106041,0,1.41514633,40016.1567,-6.31934222,1
308932.5267,11.9726839,0,45.27406495,1,-0.199137365,85270.28832,0.474876886,1
239947.1587,9.489199032,1,10.69058966,1,0.300451916,53142.17614,-6.736254864,1
336145.7183,5.812477273,0,88.10349409,1,-0.593611094,193627.3606,-10.97909328,1
-48436.62016,13.65291055,0,33.07432937,1,0.534075948,-10965.19335,8.495852602,1
193768.3067,9.822696881,2,97.66221943,0,1.157596996,75443.53595,12.21067166,1
178001.8026,21.98697703,0,38.95049397,0,0.099048745,27557.70838,-2.996288732,0
-1066.653743,-1.845095616,1,99.56844516,1,0.147093895,-31823.09094,8.431187823,0
89687.15688,18.76112016,0,79.8879284,1,0.943051301,18929.22921,7.82692187,0
274250.4762,2.308235218,0,0,0,-0.268209747,44103.54159,-5.686151943,1
373420.1201,12.30010423,0,100,0,-0.696622206,120757.2162,-0.435797838,0
4938.278647,6.537518873,1,45.60171376,0,-0.275540901,2176.545734,16.42578751,0
286974.0276,9.238745618,0,55.04502155,0,0.291456591,103148.2026,-8.273804434,0
115726.0653,9.965542616,2,0,0,0.054643903,6659.327437,3.483225854,1
-21420.94386,1.526473937,0,55.63057157,1,-0.108833419,-24663.50495,6.182146426,1
126941.5122,9.391754615,0,57.58271193,1,0.308214433,45439.43314,1.913293116,0
-34006.89929,22.67510897,0,81.53426607,1,-0.334032289,-6206.137503,9.708889099,0
280837.0786,16.8350745,0,24.01127307,1,-0.136178404,48418.38572,-20.0994632,1
186946.6035,3.481555226,1,100,0,1.101137777,157756.7533,7.595033091,0
102713.3033,7.966501439,2,81.80283943,1,0.384223946,45717.37373,4.967438438,1
262795.713,19.0723841,1,34.02596064,1,-0.072497621,44700.68486,1.793905926,0
50210.95838,6.375012132,0,75.54319041,0,0.608164209,26052.34528,-1.674958734,0
127937.9487,13.26398105,0,100,1,0.825870443,38653.88505,-3.896973062,1
300269.1827,14.12314465,0,100,0,0.666728132,85956.73302,13.31206266,0
239695.1962,8.950444769,2,37.27884626,1,0.311461893,80345.31567,3.850630006,1
144119.1191,4.392149697,0,50.3437756,0,-0.044758094,89283.61702,26.32691479,1
124098.4974,11.1237741,1,18.15230159,0,-0.225554377,28332.8076,9.637234345,0
175044.1675,16.7887339,0,85.59184537,0,0.665056842,41753.97447,-5.68293865,0
119350.5644,13.71981042,0,29.64637753,0,0.498420465,26173.65864,-3.063971417,1
58843.45418,6.002162721,0,0,0,0.19234441,5183.818729,1.485910723,1
7976.26865,14.91426559,0,39.74947257,0,-0.113421011,1697.289735,16.98720454,0
-36534.73632,9.029549664,1,95.79446897,0,0.027462457,-15393.51607,12.50778328,0
156913.6672,14.70403511,0,0,0,0.098619362,6561.365486,8.752544489,0
-44337.01462,-3.15153001,1,15.91363276,0,-0.164007043,111028.1018,-1.280451365,0
94916.36885,6.2900111,0,35.30040735,1,0.638897597,41312.34258,0.2721504,1
260527.4903,13.7198809,2,28.14989233,1,-0.098383314,56489.58358,19.08776881,1
99241.24811,12.4029843,0,93.28889149,1,0.94768762,31327.4653,22.99432287,0
188666.4127,15.05509902,2,55.8643272,1,0.728157737,44778.37399,13.85412771,0
344029.9792,6.10919544,1,65.41253221,0,-0.006968515,178748.0458,-4.375025783,0
246659.4953,5.416944417,2,17.19285744,0,0.06076256,98240.37668,-5.678090286,1
59542.30681,9.770872315,0,39.95803953,0,0.485392479,18786.93151,-16.73508013,1
218916.3617,19.35274504,1,68.26729936,1,1.108734452,43559.19338,8.193513653,1
147551.5351,12.20329928,0,17.63131134,1,0.128925272,31098.59402,1.655066792,0
269084.5106,-0.925722775,0,0,0,0.020252059,173628.2051,-0.200639701,0
-9419.582596,12.62525727,0,50.41043472,0,0.23012179,-2601.259925,5.416392621,0
196947.4227,16.21695044,0,42.66931618,1,0.313521784,41115.0283,1.844497838,1
99870.98282,1.979829329,2,63.29893339,0,0.444299802,104832.0721,20.76697314,0
176771.0713,12.34925503,0,100,0,0.632642851,56935.12506,-11.38694509,0
194241.2069,28.72041745,1,0,1,-0.517244337,4330.170055,12.18684215,0
110909.039,4.685615705,1,34.656788,0,-0.030165328,59815.96812,-10.03095271,0
102878.0997,13.80889231,1,100,1,1.115490132,30113.09793,5.211477233,1
149789.3156,17.38556058,1,60.0717897,0,0.290808768,32012.46889,6.979607568,0
106670.4074,11.69121961,0,27.41997523,1,0.386035899,26371.69448,15.67315228,0
91531.16138,6.978133129,1,23.45636628,1,0.631551291,33122.74837,4.689358458,1
154240.9613,18.0075069,0,64.8368109,0,0.695702627,32447.83208,0.846139736,0
131069.3979,10.42720025,2,60.53623133,1,0.320283928,43598.82394,26.86606132,1
168976.4634,17.67393685,1,61.54606546,1,0.571422746,35648.05133,-0.172269726,1
19345.08352,1.865170366,2,68.28884242,1,0.245230807,21430.4546,18.6939585,0
297219.0781,-0.494398192,0,0,0,0.115492272,136937.6732,-6.890658557,1
326876.1872,10.42004346,0,48.67281572,0,-0.026612643,103433.8768,2.430957794,1
101077.3842,19.8788555,0,50.20014302,0,0.614818543,18191.36844,5.397365046,0
226431.3839,-0.604764564,0,35.52998754,1,0.573105395,588170.4304,-5.796726034,0
134339.3832,13.35949081,0,69.53953709,1,0.533545518,37281.62247,0.873436434,0
81320.35674,16.69953857,1,81.72253268,0,1.015129257,19267.53948,10.74508546,0
154925.5769,20.04033728,0,51.95568256,0,0.618320154,27981.88499,-2.601105754,0
132827.7581,10.63710435,1,49.80544496,1,-0.184124528,41494.05116,3.182138791,0
174813.3058,13.28283788,2,40.29822745,0,0.340305816,42798.30931,9.236448094,1
420.4190456,-1.109094652,1,54.3463639,0,-0.049778425,1761.300948,-9.74104139,1
163574.6052,1.508135258,0,1.626897354,0,0.340277262,60107.77951,-11.82640704,0
187941.9426,15.28638299,0,99.13449737,0,0.77012745,50193.6993,-23.88375673,1
330071.9249,7.496468179,0,39.10920755,1,-0.01722214,129272.6727,9.851635111,1
230849.1275,22.23846134,0,44.66097306,0,-0.095237468,36612.96594,0.31992076,1
195495.2046,7.495814455,1,0,0,-0.249067398,14332.78867,8.143749497,1
40169.5883,21.26120691,0,100,1,0.630073791,7921.286113,22.2185925,0
130364.2572,7.816170849,2,74.23379046,0,0.349599181,57583.12042,3.178368567,0
172410.8193,6.330583557,1,80.15702799,0,1.081954203,91306.30431,1.82062705,1
66501.75526,9.92085225,1,38.05639782,1,0.576824079,20631.17966,12.75084226,0
161607.8235,9.289003296,0,0,1,0.372411089,9904.630548,-5.700774453,0
215571.2024,18.14526296,0,73.63894642,0,1.077567214,46319.55572,-14.57709023,0
68885.93001,7.920508908,1,27.94733431,0,0.410204025,23654.81923,-8.701706339,0
176982.9281,0.923998328,0,0,0,0.127637051,42050.72387,-0.398168071,0
54876.81629,4.678011974,0,30.64106678,1,0.345724627,28597.9242,15.53335021,1
296166.5502,-1.495106956,0,16.16193833,0,0.050308737,1700635.22,15.67323693,0
43526.78966,7.429959472,0,79.55576397,0,0.223370716,20248.94757,-2.847027905,1
-35592.86925,3.006688454,1,93.81690041,0,-0.095882976,-32423.03987,3.412441473,1
258641.5286,4.918647727,0,21.76453292,1,0.249439976,118437.745,23.37331715,0
300057.4937,11.69393225,1,63.46370422,0,0.353291153,91673.91648,8.587848357,1
109093.4412,1.261938501,0,34.64606455,0,0.244751488,120509.8331,1.37217724,1
44878.4887,6.277164579,1,59.23269501,0,0.220822178,22158.83754,4.607017593,0
134419.468,6.354802583,2,57.67721541,0,0.625474884,65748.17017,10.86135958,0
175721.0004,16.29846108,2,20.07649071,1,0.159292446,29733.73827,0.351958676,1
124382.2195,3.433865201,0,20.00792533,1,1.042025827,70852.01507,12.07845058,1
50507.92519,10.46744415,0,7.392840668,1,0.616108025,9070.172795,7.110138768,0
183882.0757,14.67878995,0,100,1,0.965583974,51099.12233,20.8823708,0
322938.8567,13.41368733,1,45.91199237,0,-0.079520838,81112.87431,8.60368518,0
233618.3254,11.86982989,1,23.07907251,1,0.300235085,54301.21605,18.46181575,0
186383.4647,19.37216306,1,58.62992668,0,0.432474526,35788.43484,-4.8273747,1
-36184.32698,4.916794382,0,32.22334167,0,-0.247954632,-18483.9257,-5.964301849,0
157549.5207,10.71519965,1,79.80769043,1,0.810939272,54599.4618,13.73399272,0
137758.121,16.5968568,0,68.11284087,1,0.557039235,31467.46469,0.740948863,0
100243.4184,2.773760457,1,19.39416882,1,0.218581195,64410.92935,14.62420539,0
147885.5976,21.97682091,0,48.86281546,1,0.597591763,24304.69042,-7.165180653,0
-46612.39643,4.09326292,1,10.01119344,1,-0.999677395,-18920.39432,3.591280119,0
163415.6586,4.903836539,0,36.03642341,0,-0.21827664,86042.12347,-5.664941663,0
127500.1184,12.66762557,0,88.31666738,1,0.590499572,39059.85481,1.973484209,1
128880.2895,1.125531736,1,2.04540659,1,0.103546825,57667.87631,-11.2187853,1
325307.3246,9.341312199,0,30.83541651,1,-0.265515445,100141.8413,5.970969379,0
111150.3364,15.46102206,1,0,1,0.693030264,4433.022985,3.100975363,0
172348.6977,10.8694116,1,69.4460411,0,0.954768736,57080.79431,22.34072987,0
336052.1247,1.75589284,1,16.17651798,1,0.552351461,259367.6109,30.22630936,1
85601.2545,0.892026765,0,0,0,0.270052424,20535.10678,-10.67967279,0
190735.036,6.284008643,0,79.70884181,1,0.277220816,101319.7534,-10.1021632,0
245659.7873,2.828588767,1,67.14235371,0,0.075114571,215576.8282,-10.32473739,1
208773.1682,5.463114561,0,15.27628313,0,-0.020617841,79658.05818,-0.618596401,0
120337.926,7.453693217,1,84.03307328,0,0.425447472,56634.16205,13.98185377,1
266468.7894,18.88925765,0,9.279009502,0,0.366963055,30726.36276,-4.814622919,1
191792.5791,7.152131419,0,47.84127224,0,0.402324588,82013.74516,5.782778038,0
243454.8205,9.928807439,0,10.88295172,0,0.132221046,52219.22132,-7.990407807,1
215633.704,9.856511726,0,18.90351918,0,0.570513183,55167.15127,-4.871224442,0
94969.30719,13.4600343,0,0,0,0.578016267,4098.131141,1.667966211,0
295682.1181,11.76590638,1,13.63066957,0,-0.056373712,59003.89384,3.318800276,0
103210.6906,3.185035639,1,28.73378091,0,-0.162727801,68259.31304,1.424083081,0
118361.4908,10.48312399,0,72.82919693,1,0.31790305,40873.43013,-2.283987563,0
139091.3723,18.90769176,2,26.51053821,0,0.605649793,22271.60017,20.95553323,0
283303.3925,12.16334909,1,97.61680021,0,0.37612965,92117.69241,15.67091347,1
80401.19907,9.159420551,2,0,0,-0.267010581,4914.9133,18.40374959,1
112452.4996,1.935694437,1,3.117757352,0,0.240509395,46596.16412,-5.380951148,0
235152.7643,5.328021729,1,0,1,-0.322867892,22260.33327,3.502152952,1
173503.6275,14.88748122,0,33.66125922,0,-0.199633269,36697.87592,-5.248748165,0
87295.73681,8.699275084,0,49.53746807,0,-0.222744549,32095.25381,-9.747167066,1
88938.578,3.277459768,0,13.03555555,0,-0.332544448,45733.99154,2.849630802,1
60160.91938,10.01690749,1,86.45261134,1,0.836490554,22482.25319,-8.760444751,1
60170.7261,4.585894268,0,79.8767585,1,0.391374726,40313.95514,17.40578137,0
9580.433038,-1.030410839,1,0,0,-0.01014,6836.667736,-10.61188649,0
1012.928911,10.25207839,0,0,0,0.05609073,-83.56570352,-3.130144954,0
38913.63579,12.17046182,1,0,0,-0.303145859,1904.318233,-19.20261712,0
16036.29645,16.55176145,0,100,1,0.015776253,3904.121053,28.0775761,1
150332.1213,4.924206033,0,47.91604729,0,0.363044743,84735.67926,6.582243813,0
129525.827,15.98768025,0,18.6583427,0,-0.099747026,21782.92738,0.858717675,1
84950.13754,2.478824742,0,33.58081488,0,0.106424071,67754.81076,-6.881309432,0
154830.674,11.29815091,0,100,0,0.963250583,53976.52605,-10.65726735,0
168400.1485,17.35814981,1,78.86074548,0,0.709199892,38116.71436,2.163218237,1
173930.8968,6.614991317,0,33.92971678,0,0.464447138,72363.55383,3.022109642,0
37034.93615,19.44155603,0,93.46752784,0,0.192608523,7746.251823,-2.298431818,0
229000.0106,22.96301199,1,25.64519217,0,0.656390173,30552.84234,10.10117132,0
30881.35302,13.81043413,0,0,0,-0.309822299,1297.821517,18.55729481,0
154935.732,4.276162859,2,28.80454364,0,0.128893421,84589.78003,-6.595755798,1
237208.6204,6.882180079,2,28.91521503,1,0.319388171,91609.59216,12.98892945,1
267297.199,19.28501656,0,83.46313472,1,0.562248977,55919.76139,26.54797411,1
199260.0439,15.47786247,0,21.79200167,1,-0.163025702,36016.79665,1.560650925,0
-40015.10033,7.624205331,0,28.77889522,1,-0.142930529,-14262.11325,3.974183319,1
8583.518296,2.719403141,1,100,0,0.325589896,8360.46591,6.261661825,1
225989.2583,12.97607046,1,30.98689564,0,-0.241614032,52932.23236,10.36320421,1
47729.03868,7.60363084,1,63.23177726,1,0.264126246,20677.15908,21.20700882,0
38361.78047,7.98768765,1,66.19653524,0,-0.198318732,16011.25707,3.919028102,0
177415.5936,2.423915372,0,0,0,-0.243881076,27933.36848,-7.948560879,0
174046.0843,12.4967138,1,100,0,1.011310837,55566.26442,9.142695145,0
21275.79765,22.21082883,1,36.71356144,0,0.012323519,3149.967252,-4.956304999,1
143849.8507,4.783825814,1,16.16330862,1,-0.18196173,61478.77293,9.527136193,0
82712.77344,8.907022235,2,31.32521615,0,0.596971637,26525.85295,6.741438888,1
157423.6454,19.21646985,1,98.32560394,1,0.883152915,34037.36728,14.82698178,1
404784.179,4.840996912,0,36.2853266,0,-0.12066983,215666.7294,-0.822974307,0
137389.0881,16.66670012,0,32.5121184,0,0.769367799,26050.74327,10.01905159,1
341972.2486,14.57203741,0,67.04112696,0,-0.386992024,87412.34102,6.180411125,0
295540.5636,5.165127672,0,61.71063299,0,0.298917546,171277.0101,6.945680606,1
235455.9122,5.570806718,2,72.15736331,1,0.635612522,133862.6857,8.578577356,0
252148.276,18.67577536,0,71.95034466,0,0.001256991,52451.26033,-16.42078761,1
114922.3957,10.73726837,1,54.92787241,0,0.863358425,36388.66236,-0.694458969,0
18643.78652,1.109498458,1,94.67679037,0,0.20577435,27499.76923,5.410877329,0
43304.71079,17.02836488,0,60.13437896,0,0.092496374,9465.380366,0.32397643,0
-66727.06433,7.702764044,2,100,0,-1.104731315,-31847.75985,1.223026424,1
23341.24986,14.71674521,2,54.24792069,1,-0.256809036,5669.450932,17.25211001,1
292621.3149,9.593421193,1,54.5060859,0,0.083934128,101729.06,0.425406037,0
237401.835,18.31694375,0,9.890260979,1,-0.332680504,28891.67467,3.632871211,1
19622.84656,12.10116931,0,81.37393078,0,0.348479988,6272.493316,-19.88805494,1
286689.0694,18.90864983,0,22.28357691,0,-0.053260498,43788.6343,7.671438246,0
156148.7293,2.195344137,0,68.8533568,0,0.220079783,158601.1077,6.12823697,0
228084.4715,16.73621218,1,8.724265266,0,-0.132725677,28852.95171,25.21348342,1
132398.1102,8.109939184,2,99.70159539,1,0.647934755,60526.16409,8.56131842,0
159460.4196,2.633029854,1,97.7262901,1,0.609745491,158289.7346,6.476391075,1
137598.4089,6.939105188,2,0,1,-0.664542231,10643.64763,7.011074121,0
268074.1449,9.62485954,1,0,1,0.029852957,16014.34768,2.761309119,1
195810.6694,15.11869292,0,60.39182052,0,0.273034488,47277.81112,15.79866452,0
340795.8358,9.683973491,2,46.24206241,1,0.441264275,113059.0375,8.940655912,1
51718.1814,17.87374693,0,100,1,0.792205131,11983.38484,8.462764208,1
40367.8705,1.696900742,2,100,1,0.882247212,50429.22393,6.983142037,1
39858.36659,7.540316402,0,61.16695804,0,0.452063991,17240.66916,15.23623042,1
225922.5511,10.80602618,0,56.25718649,0,0.259053454,71691.80872,4.871963733,0
129319.5625,14.52993075,2,64.68362539,0,0.719297425,32916.52477,23.33248798,1
-21808.26237,4.820922076,1,0,0,-0.090827263,-2284.854557,31.34629418,0
231069.3286,8.965667664,2,94.01290758,0,0.796509605,96186.36352,-1.639600954,1
29981.07342,9.384087283,2,68.36613027,1,0.469294414,11203.7924,25.17701185,1
350169.813,2.48026293,0,41.50835096,0,0.032976236,294962.0611,-2.567376897,0
123214.1087,6.064621409,1,100,0,0.945705032,70663.02406,-4.413771737,1
84605.92644,-0.606538235,0,0,0,0.019748719,41966.34593,-14.66282814,0
207986.9823,18.19132195,1,11.4899641,1,0.16621018,26972.1431,28.93847797,1
149706.301,13.13833273,1,19.40588697,0,0.525284287,30375.00172,13.64503296,0
251464.251,20.3597635,0,50.13252841,1,0.14721688,44504.09045,4.826146647,1
199400.2837,6.714373113,1,59.62290196,1,0.466012624,94250.50411,16.53214264,1
162628.328,20.15640933,1,98.64932787,1,0.832733745,33824.00038,-3.667932958,0
293552.2202,2.395638013,0,47.00457716,0,0.137368324,259798.4005,-0.943808507,1
296588.1337,2.640451073,1,92.75778804,0,0.353154679,290865.0014,-5.994242501,0
219234.182,0.461360144,1,62.41548167,1,0.597321167,371023.5481,23.0352871,1
40262.27948,13.64969773,2,0,1,-0.017302599,1781.256326,22.51698655,1
187106.0182,2.386787393,0,65.10058647,1,0.94371055,179543.4701,16.97301006,0
265419.7881,2.302271836,0,88.35294247,0,0.17551419,277901.6172,9.473631249,0
135311.9748,10.39045779,1,47.6318882,0,0.01513739,42719.06285,-3.275251945,1
260536.096,-1.316953528,0,30.10424618,0,0.25026823,1323227.955,7.169548266,0
111646.4594,9.850771582,2,19.65905442,1,0.164569372,28986.66504,-3.082791714,0
115094.1531,9.814572443,0,38.63055622,1,0.302616416,36124.75309,-8.926288826,0
186014.5044,9.67506456,1,61.65944361,0,0.195123906,66018.21569,2.055664982,0
142638.0249,4.480108923,1,39.6287064,0,0.451742407,82056.06845,7.41858739,0
183834.3331,1.530111792,0,100,0,1.502944384,240738.5658,5.981351872,0
93544.85523,10.24124968,0,86.02951638,1,0.292959062,34122.95989,-3.295006912,0
133698.1337,15.09676269,1,68.09118113,0,0.615253495,33329.26252,-11.63026537,1
146765.9122,23.44981849,1,60.0091283,0,0.619550284,23715.39216,0.327030248,1
213631.9906,-2.011549181,0,74.05167138,0,0.492044068,-80120797.81,-8.764111863,0
99430.99189,5.504249168,2,27.0812147,0,0.276365368,44684.75193,10.81240293,1
122844.1428,-0.514513225,0,64.44042369,1,0.472898369,347013.1264,-2.101144147,0
242396.6913,3.278219245,0,43.64401627,1,0.333080002,175505.2703,26.04938268,0
197932.1608,1.085390345,1,0.345889589,1,-0.073293497,54840.11974,5.253546539,1
293046.7953,11.06518847,0,15.37768853,1,-0.12912223,64086.49151,2.452174375,1
98020.27467,-2.496954955,2,18.49776741,0,0.130521379,-595856.5153,-8.312938567,0
130884.8539,6.478788868,0,89.52009488,1,1.009041687,69795.56919,-3.749779091,1
88006.93353,12.58265763,0,96.3894724,1,0.27571452,27676.80878,6.608641616,0
69524.6071,1.562187692,0,67.21563834,1,0.638736715,82713.04486,2.410111197,1
64550.66804,21.98284635,1,47.68046812,0,0.069122926,10379.81779,-12.62969958,1
191618.0799,18.6275519,1,17.7505824,1,0.352550196,27752.31229,22.24543859,1
176855.6155,8.910850409,1,24.19273873,1,0.036276859,52826.5746,-3.148480253,0
95593.01641,0.701152749,0,34.52707746,0,0.496033722,127376.8269,3.52613571,1
226725.3597,12.87164468,0,87.68726978,0,0.657980952,68490.86165,4.422051936,0
252340.571,4.59546965,1,69.77369216,1,0.12555461,163561.2128,-5.691673653,0
33150.53936,0.533023131,0,81.92230497,1,0.13499596,57871.89862,5.203936965,0
201086.3721,4.152787625,2,0,0,0.358100159,22528.68363,-10.02065299,1
145653.5522,7.847823509,0,42.45964157,0,0.437376273,56080.18919,4.075987648,0
30658.80942,16.96624039,1,91.34114654,0,0.13826405,7354.143256,4.744178613,1
320040.0611,12.94820443,0,55.74908891,0,0.309395052,86749.38035,-0.772823777,0
78145.20634,2.301956252,1,0,1,0.256549972,12607.35255,-6.684503028,0
53.47626873,15.68125917,0,33.99052373,0,-0.251885858,80.78991016,11.81036727,0
282362.635,16.92383706,0,13.150022,0,-0.020235139,40449.42806,-3.778291789,1
15001.78135,1.552757577,0,8.490830149,1,-0.516063126,9941.596399,-11.8595683,1
26479.38535,14.87219284,0,88.75239607,0,0.493860066,7118.293921,-9.442919708,0
37172.50814,11.97217694,0,62.98093746,1,0.229981535,11089.60667,-12.13500252,0
-22442.56701,3.32523742,1,75.22938597,0,0.033627742,-18325.57576,-4.719934754,0
279430.9593,4.181783776,1,54.75209129,1,-0.393285702,182445.5535,0.353868245,0
149593.7373,7.67003038,1,13.00822979,1,0.045460798,41936.56109,13.32195698,0
194645.7699,10.05608781,1,12.84226354,0,0.169744005,43555.7435,8.893408967,0
198859.8143,7.682264304,1,77.97735064,1,0.077227274,90006.77632,13.7287738,0
96944.44146,4.909160112,0,93.33512948,1,0.9665209,64111.36014,19.13221977,1
245809.0657,17.13332188,0,78.12511416,1,0.396330668,56300.19039,-2.945190148,0
-17291.65212,10.13357736,0,25.47298926,0,-0.570242867,-4695.858573,3.183201883,0
4175.166023,-0.766942316,1,49.76755242,0,-0.133579593,13466.89504,-13.50427929,0
159206.8048,10.9706242,0,80.16383256,0,0.938461451,54110.53003,-4.768453606,1
241518.9362,14.81319888,0,0,0,-0.273932427,9899.623159,3.411852185,1
-48053.93489,7.715059485,1,24.55501654,0,-0.127209148,-16188.24254,-2.540034886,1
337946.6323,13.18313756,0,0,0,-0.129939933,15373.28564,16.33253821,0
102054.3528,2.207344269,2,31.88545368,1,-0.326441472,85550.3373,5.13778879,1
241714.8563,7.582288161,2,10.99021832,0,0.259984908,64723.47588,13.51507556,0
254108.2141,15.58472162,0,38.53372727,1,0.460060854,53428.84917,3.562270818,0
276169.4762,16.15900008,0,25.58285371,1,0.439487206,50349.46958,6.374619722,1
372441.4415,13.81870138,0,88.70246782,0,-0.485498752,106140.7704,-3.650313478,1
204993.7758,10.69509246,1,79.6249306,0,0.851965458,71103.8309,5.041790044,0
50129.30594,5.946895587,0,44.443281,1,-0.270635016,24112.12562,23.93305896,0
283253.6247,5.56547737,1,75.05516141,0,0.30032553,162722.982,17.79070384,0
187281.3341,9.369159593,1,24.08085032,0,0.134524309,53774.17743,-1.810778958,1
114140.1304,15.1618019,0,70.05778533,1,0.61389141,28476.01593,6.079999577,1
135090.6311,7.881112765,0,45.13223096,0,0.105253121,52736.71643,0.50839133,0
157018.4538,7.951048363,1,61.18870474,1,0.948686119,65342.89719,17.06295176,0
48926.08754,10.94415198,0,32.42484542,1,-0.342904275,13301.30073,24.23913534,0
215523.4389,3.008248574,1,100,0,0.915625751,199008.8886,14.59385752,0
72080.72592,6.879241305,0,46.41050264,1,0.031052848,31444.36819,4.144952039,0
238492.4098,0.324856833,1,48.96999917,0,0.971760312,403321.0208,4.600040157,0
86893.85656,2.612025556,2,76.40652729,1,0.792083658,82245.88898,14.23066654,1
143343.8166,14.25008323,2,83.28022794,1,0.81640883,39161.88234,10.61799103,1
-33746.05823,6.46867338,0,86.67158181,0,-0.595338484,-17941.05794,10.13544314,0
184393.8067,12.86864638,0,86.77054572,0,1.102546786,55702.2808,-25.14017276,0
147902.9344,13.5737658,1,0,1,-0.979390749,6504.209785,13.74555278,1
138997.3933,19.06753838,0,57.26102155,0,0.678525484,26908.66717,4.118685978,0
258511.4984,5.208692768,0,49.63834107,1,0.415302885,141364.7869,-11.01914005,0
61377.94907,10.88832287,2,100,0,0.711482292,21978.11952,-3.818192809,1
280651.819,10.26470726,0,0,0,0.251354027,15740.69301,-20.65883124,0
-15619.46143,18.92171536,0,9.520555464,0,-0.184301942,-1722.134834,16.96776196,0
32390.50298,10.16456386,0,100,1,0.483065098,12395.86894,0.083575198,1
245357.3886,14.74763516,1,21.02539043,1,-0.067484871,45887.44004,17.52757806,0
104983.23,9.739489156,1,2.054740442,0,-0.231293284,12555.87102,12.57964855,0
217574.048,3.363830045,0,45.12275094,1,0.061446026,156165.2063,5.510638571,1
44485.23986,15.47921778,0,0,1,-0.0755939,1813.825231,-6.645719946,1
160409.1501,2.415546648,0,11.46345086,0,0.447938179,94381.99292,5.127654107,1
143606.0768,14.48848224,1,80.213851,0,1.309391477,38500.31559,5.960632482,0
169297.9812,7.681957559,0,84.48659758,0,0.757441435,78027.91694,9.362377014,1
186427.2719,11.18434895,2,100,0,0.763753632,65368.07427,-5.044458359,1
264058.5833,3.218849724,0,52.23750323,0,0.64973087,202020.3578,10.22432302,0
197373.9564,10.74223241,2,92.47711674,1,0.980735275,70464.46824,29.64837353,1
116325.6661,0.069336978,0,26.9425845,1,0.256077569,189103.7792,2.622944244,1
237897.6197,13.26474857,1,27.14309844,0,-0.144225816,52645.24194,-5.917760275,0
198560.5903,13.0504752,0,12.76824364,0,0.546364582,35546.29751,-4.832854104,0
317279.9302,17.61080817,0,63.05068194,0,0.008432637,67626.46081,-6.401301804,1
217758.1869,8.347026898,2,20.57486372,1,0.169067407,65399.37429,8.505838427,1
253978.1841,12.40026561,2,73.78469158,0,0.580224333,76332.60381,-0.338514724,0
50851.80069,10.37004623,0,36.21085125,1,0.182874067,14996.2798,10.58262373,0
88422.34694,-0.100059303,1,94.02305639,0,1.169586923,212433.5187,6.683235284,0
219124.5315,9.799082921,1,73.84511015,1,0.904357032,80391.34262,8.133655928,0
-19518.35085,7.579024571,2,91.35213053,0,-0.345573482,-9269.077571,-14.03876139,1
161405.2272,12.89380527,0,25.53527729,0,0.281184197,36110.55194,4.430260731,0
41110.14718,1.825694625,1,69.73607735,0,0.103052904,45936.19495,-13.4000825,0
22982.84822,6.373918917,0,52.03584203,0,0.685352357,10959.68472,2.495886317,1
-8597.491212,12.6305081,0,43.95029464,1,-0.254603312,-2174.306857,7.348182436,0
280081.8485,5.853311158,2,38.50726228,0,0.092989275,131965.5447,1.54902227,1
208458.2509,12.13153633,0,71.83192148,0,0.734754963,63353.90406,6.448325643,0
219303.2107,0.935964093,0,100,1,0.964293191,345537.0811,13.63565044,0
-36390.97854,13.05932958,1,64.03100853,0,-0.025532268,-10152.14661,7.490589255,0
80584.53581,2.893926379,1,88.18539827,0,0.876473815,74237.66107,9.911365675,0
158838.8969,5.374962618,0,33.95176661,1,0.547323144,77255.31499,1.69860104,0
273567.3717,2.643701512,0,45.54919557,1,0.049964899,227316.508,2.481187278,0
112018.7871,11.30107348,2,9.799870103,0,-0.075691042,20791.49873,17.49564628,1
73052.11825,-1.192734136,0,57.33677742,1,0.394053148,369590.8522,13.99107331,0
71993.0911,15.4417135,1,93.73598985,1,0.452522458,18688.19231,8.914380387,1
9051.400953,3.68727119,1,62.63558327,0,-0.140698846,6663.954187,-18.11715694,0
161781.892,13.9768624,0,75.37481019,1,0.626333323,44087.22578,12.60228355,1
216754.2024,3.661003764,2,24.24864858,1,0.831217654,125109.3274,13.61011992,1
101018.4738,8.114212103,1,14.64506853,1,0.58718033,28082.95805,-5.448486778,1
244605.3046,17.48613945,0,37.50751527,1,0.168594084,46246.06242,-2.36103546,1
20724.01196,2.179343968,1,5.608488025,0,-0.608414009,9942.902472,-2.602024101,0
163990.2706,-0.213664753,1,76.94109319,0,0.590487027,401124.8069,4.985492994,1
70511.06657,18.51563307,1,18.35434558,0,0.382964137,10393.26404,29.13874137,0
198541.6613,5.219111215,2,37.01053928,0,-0.130914706,100867.6858,15.74620147,1
220663.6932,9.323534562,0,21.33589549,0,0.352815698,61308.60698,-15.08441798,1
174811.8248,6.479819893,0,16.62534813,1,0.325560637,60407.30452,-0.284709501,0
284868.5938,15.0817669,0,73.84619874,0,0.218418236,72077.76021,-0.945329521,0
112718.1152,-0.168672122,0,100,0,0.891924781,284640.3525,5.024549355,0
203114.7968,8.589788797,0,30.60213342,1,0.002790401,66738.18123,-2.59286582,1
140425.7728,14.27936893,2,100,1,1.195211646,39952.97622,23.40291631,0
91834.9877,5.313635202,1,97.59130341,1,0.868435336,57713.27665,7.053522451,1
142079.6228,11.79285191,1,59.60138869,0,0.445132857,42537.78523,9.263413931,0
65907.64891,15.27683296,1,63.62522963,1,0.154128772,15825.91929,12.64303838,0
76369.85612,1.800099369,1,56.44306056,1,0.032331451,81719.24609,29.30886988,0
152550.8582,8.838251902,0,59.0450593,0,0.701301485,58014.75435,9.788217068,0
94569.21183,-0.29231873,2,95.44681743,0,0.713307173,253535.3142,14.22020832,1
144314.5942,5.031603439,0,100,1,0.935014849,95006.35086,-0.57660086,1
250783.9203,13.03481668,2,56.391535,0,-0.134418631,67896.97558,1.899795911,0
181111.0455,8.797797759,1,47.53614094,0,0.133148596,65355.28251,6.237858028,0
114628.2202,16.42275294,0,42.90063725,0,0.029745217,23688.59191,-12.33395031,0
115270.2061,17.45309873,1,87.04195249,0,1.026070529,26722.70211,14.63152712,1
-67839.42501,17.07904372,1,60.11860048,0,-0.325760466,-14714.46148,5.437446795,0
332738.9856,21.10502733,0,0,0,-0.084895222,9926.922329,10.99928848,1
-92445.40836,17.0746199,1,23.38304719,0,0.145003255,-15647.74382,8.955367206,1
211808.3804,14.16387323,0,7.517588537,0,0.353433445,29507.56453,0.448630378,0
74135.96133,2.792811719,0,0,1,0.331630703,10602.03179,-1.226795974,0
158034.086,8.676615068,2,0,1,-0.072613209,10242.14409,-1.797322541,0
199404.9599,-0.158913495,1,41.34917787,0,-0.04730639,408206.3435,-7.884996781,0
129184.3982,22.1757598,2,89.28059066,1,1.370243715,24109.73405,27.7537296,0
287782.8441,16.69785758,1,100,0,0.417979056,70991.70754,10.76649346,1
248912.62,3.766681899,0,52.492432,0,0.482186753,172601.1835,12.34070322,0
-21633.14044,9.631685451,1,100,1,-0.011887265,-8732.451143,7.646753387,0
27401.84031,1.881098172,1,54.1985597,0,0.975712001,28505.04307,12.59741913,0
110041.5048,4.263254971,2,38.56773353,0,0.313658901,65144.70752,2.363769911,1
45106.24377,13.10941653,0,52.05491929,0,0.65786367,11752.52707,5.799343317,1
203362.7382,12.73308193,2,20.0087969,1,-0.076747222,42775.19992,24.52514236,1
216091.6725,13.43173376,2,100,0,1.075443361,64754.47569,28.04025264,1
62592.52399,20.70212316,1,34.32268672,0,0.736111124,9990.959332,15.27416516,1
-53963.01667,-0.754610119,2,75.02551393,1,-0.3995838,-188157.9047,12.42725506,1
237073.6827,8.922882398,0,17.91022508,0,-0.450888497,64807.05071,5.609573065,0
246395.4585,10.99581452,2,35.54505794,0,0.392955199,68670.5784,19.12206023,1
134886.7118,6.936811005,1,34.90983905,0,0.275464184,54593.28003,9.732796708,1
187653.9949,17.04415127,0,95.73567253,0,1.166235383,45052.7079,-3.992503858,0
229195.3194,2.631663711,2,31.06782484,0,0.093409231,173153.2195,9.392365162,1
-96736.81296,9.008867897,0,48.4124412,1,0.317648838,-34508.27592,19.99432723,0
-37814.43162,4.995067408,0,0,1,0.031929549,-3819.382934,18.12429998,0
186868.561,16.2910884,1,34.49293359,0,0.567061452,36748.00736,4.657586759,0
247510.8,6.313604477,0,35.6013766,0,-0.079809908,108158.7644,-11.16759064,0
6147.286762,18.35440876,0,0,0,-0.352520565,270.7863776,-17.79675441,0
48135.85982,3.963205303,1,38.09073308,0,-0.212708842,29711.16515,9.947156378,0
240410.1446,2.738325414,0,1.712907814,0,-0.375526715,66573.68967,-15.33431914,0
108562.0434,13.28210458,0,0,0,0.20353914,4775.272704,3.20040369,0
235764.817,12.8313444,0,30.69494378,0,0.035826587,55253.83464,10.7767746,0
146174.5262,0.952113595,0,85.94214639,0,0.473307675,221677.2417,-1.631787433,1
129386.5417,6.388336933,1,76.75736179,0,0.529321013,67406.62932,-12.43191842,0
107967.3188,4.96051687,1,90.4515527,0,1.008696873,70340.07165,-10.37219181,0
22063.62046,6.642745507,2,35.73774888,0,0.281818331,9298.360925,-4.043459236,0
65507.16657,17.71096011,1,35.27160753,0,0.513950859,12025.29939,2.96787377,1
-2755.542273,4.920095121,0,48.5714669,1,-0.097840743,-1589.382112,19.01079709,0
63777.58068,11.34784964,2,56.86722123,0,0.937729447,19514.40777,6.854881602,0
136525.73,-0.849096288,1,49.73182526,0,0.811454268,468004.8905,22.4544427,1
163159.9954,3.856667669,1,0,0,-0.352247164,19256.01746,12.37263253,0
90616.46117,16.37818698,1,20.34303934,0,0.403770752,15222.60335,7.00180348,0
358151.7378,6.333960035,2,93.54448872,1,-0.392646643,195906.4248,13.989738,1
24552.36789,19.90477899,1,39.06945732,1,0.045441613,4106.340506,5.735361874,1
69265.72355,16.92576339,0,34.3446769,0,0.222272611,13086.66739,1.492923713,0
97257.65575,3.583553613,1,45.83842709,1,0.178993737,67320.95852,14.08701414,0
95243.3404,1.760581497,0,45.48488266,0,0.67332282,97788.57287,3.21212897,0
77983.11747,25.22133605,0,48.26962689,0,0.165942508,11324.00876,-4.986087955,0
54971.10172,8.641087841,0,67.98783094,0,0.187146964,21969.58709,-10.31922315,0
97617.89303,15.07189171,0,32.05707504,1,0.49360698,20127.62742,24.28755425,0
213317.5699,1.738278984,0,72.05736626,0,1.260740164,245682.3061,6.342479586,0
215843.0598,3.543727342,0,28.1814284,1,0.085463799,132667.9863,8.863645175,0
-48029.5637,8.637199426,1,80.71408113,0,-0.746889981,-19923.02637,8.002788059,0
40391.25004,1.546887544,1,40.90835151,0,0.502730951,42805.65015,12.25736293,0
202803.3166,10.6125585,2,95.8738516,1,0.918765546,73841.21711,11.62823842,0
64897.99419,17.98417321,0,63.22768332,1,0.532836771,13575.45476,6.655078349,0
83207.92628,20.92713761,1,98.30932,1,0.737131696,16679.53632,6.964713257,1
24848.09575,17.20883372,2,65.11745187,1,0.338222981,5379.18105,16.2943516,0
104868.6314,10.3711202,0,46.0577766,0,0.508380588,32898.0581,-6.759428021,0
201772.1538,13.72165885,1,10.9402566,0,-0.058381237,32764.58879,-6.359460491,0
143482.0323,0.581441621,1,53.21156906,0,0.73836729,223058.0848,-15.43432499,1
39979.11153,7.587929387,0,37.84872722,0,0.297347238,15212.51232,16.58036634,0
183511.2893,10.96703639,2,17.01536889,1,0.05288458,41779.65246,7.402839187,1
198298.4171,7.416496248,1,69.37180052,1,0.583711131,89939.92297,15.91985093,1
45298.16953,10.35773361,0,24.67341065,1,-0.12778268,12001.35535,5.930818015,0
288740.4937,5.387269177,0,65.35087085,0,0.302897328,164489.7177,4.972261449,0
23132.34656,20.36911789,0,51.20412114,1,0.259241755,4208.30429,-12.87938711,1
162955.9912,12.1521117,0,5.773475632,1,0.046011747,23757.16142,-2.296057321,0
111296.3198,21.15123711,1,0,0,-0.34161816,3283.119668,16.19445986,1
9359.541822,9.533334416,1,25.65698259,0,-0.582779719,2740.585516,22.51828806,1
121423.8835,13.29213354,0,64.07759773,1,0.531055973,33354.73842,4.359697974,0
146573.0874,16.16022637,2,73.02774803,0,0.797235093,34898.11879,5.547371112,1
89788.70257,3.526910906,0,21.44208459,1,0.361082767,51252.03487,15.29471499,1
47352.0723,0.794087084,0,5.421121857,0,0.364563567,33936.68489,4.407281099,0
199944.1932,18.78922067,0,0,0,-0.10713288,6688.712631,0.296375726,0
63270.17943,12.70386856,1,52.04539699,0,-0.166867088,17001.20345,2.918733733,0
119135.8525,19.42277097,0,33.71716363,0,0.159086649,19991.98361,-5.704764677,0
170136.0065,1.898597509,0,69.63472481,0,1.345400287,186276.5351,-6.05451286,1
72015.72907,1.271214213,0,13.78007136,0,0.58414995,60666.71088,1.320403467,0
65071.22074,9.920097857,1,62.77670339,1,0.508698821,22742.00095,14.23939189,1
203035.9526,16.87168783,2,39.65430478,1,0.225917788,40043.87455,18.19925482,1
37921.4134,14.03747068,0,24.62424137,0,0.06377288,7669.775075,-6.854675739,0
115349.6977,-1.103414071,0,73.06698129,0,1.182378531,555691.3187,13.32597319,0
132354.0529,18.6537391,1,59.10619504,0,0.636083686,26498.30875,-11.89381001,1
136399.6389,4.249176197,1,95.62363896,1,0.821710257,100115.152,17.13624887,1
220939.5091,25.27158971,0,100,0,1.200806691,37535.84245,-5.399333506,1
85035.80358,7.466696546,2,0,0,-0.584302539,6423.446766,-3.19385973,0
193952.5815,17.96000146,1,52.33143048,0,0.186771874,38799.36029,0.989647591,1
164866.6162,14.97188034,0,63.27482727,1,0.389345355,40562.43706,-7.961552005,1
272398.6081,2.201009037,1,86.89354712,0,0.652905329,290972.0174,5.026324983,0
353100.1554,6.107903526,2,12.22142508,1,-0.214631864,115728.9832,24.58359315,1
279813.7975,1.801379045,1,43.74982838,1,-0.384584371,281466.0069,1.513740847,0
28919.3699,19.70336219,0,8.638070734,0,-0.183020863,3288.773742,23.50864718,0
94462.42216,16.72079892,0,34.00178286,0,0.134221877,18087.38959,-8.608612555,0
235729.7566,1.272666735,0,7.129035469,0,0.030105949,159171.2921,-4.232363359,1
57613.41902,7.723997469,0,57.85839141,0,0.35367441,24190.59872,13.59811116,0
267944.1239,18.51926232,1,100,0,0.736176955,60475.68413,-7.66785552,0
45779.26164,11.87286387,1,0,0,-0.093609859,2247.756643,1.179507165,1
-20367.76033,5.724466706,1,62.8178511,1,-0.301890001,-10991.93469,27.5088757,1
44676.43111,5.575466232,2,8.17520515,0,0.049329938,13701.70562,-7.066742101,1
40720.43045,20.54778308,0,0,0,0.072794677,1396.451888,5.905521293,1
35279.59092,-0.937894909,2,85.44718111,0,0.114840585,148583.2349,7.042760726,1
143855.175,12.55541938,1,27.72660858,0,-0.236059508,33579.14468,-15.68400293,0
200647.6986,8.896893021,0,68.32961489,0,0.472494968,78327.93218,-6.155669292,0
140561.5162,7.619547115,1,30.57308302,0,0.543800137,50834.47778,26.57526373,0
158709.5453,17.94335247,0,47.61860305,0,0.452478305,31090.41859,2.237953705,0
194616.0055,-1.032777289,1,37.69852354,1,0.723892691,740895.5255,10.99451703,0
197106.4648,5.187206387,1,63.13333795,0,0.732196985,114578.2785,4.656903755,0
225613.6843,4.423466244,0,0,1,-0.158376282,24301.54091,20.42801018,0
175224.3889,24.29619706,1,53.42374921,0,0.9661788,26720.4698,-4.808649019,0
-71775.48665,4.843771825,1,0,1,-0.26071636,-7156.035167,-4.583738454,0
221615.2765,18.08780695,0,64.25155107,0,0.010748861,46221.01445,-1.107553991,1
102640.9767,15.2940353,0,2.757521271,1,0.126812481,9240.993484,7.217918442,0
198790.5958,14.23079233,0,45.73322057,0,0.182959789,47253.86173,1.537084154,0
51601.27191,1.988774676,1,48.42610395,0,0.221939091,50695.90909,3.230142483,0
203954.0047,13.77130834,2,0,0,-0.321592778,9001.595322,1.900077132,1
254316.5826,16.01080299,2,3.015366388,0,0.018349078,22745.23225,14.07381078,0
345806.9428,0.199309861,1,100,0,-0.1657816,727206.3259,-18.4763255,0
189918.6735,19.31600389,1,49.94574087,1,0.662541351,35102.76225,5.98665527,1
113415.8739,23.10469821,0,36.06058229,0,-0.014709849,16396.2108,-8.211816493,0
215125.2246,16.8910522,1,0,1,-0.40623641,8063.911368,-6.902487932,1
102230.4873,11.99336199,0,0,0,0.119244733,5053.167501,-17.80667082,0
-43434.56191,11.70401509,0,65.80453191,0,-0.390788532,-13335.4751,2.325161375,0
126999.944,13.08884805,1,0,0,-0.167028803,5769.920394,7.913792903,1
213181.5243,16.18265613,0,71.13622717,0,0.567040411,50329.24604,4.367246822,1
96838.45016,16.91873321,1,45.39059569,0,0.322883561,19728.28563,13.52625512,1
173609.7789,0.227343108,1,95.14113939,1,1.05062834,356776.2156,21.38565151,0
236106.1934,16.995193,0,22.88196716,0,0.307263956,40035.33908,-20.39293552,1
15399.31645,16.4255615,0,19.11235701,1,0.324483257,2641.619351,10.68108097,0
131183.6184,4.499307358,2,11.8855873,1,0.0374244,53108.17575,9.514789813,1
352852.3117,6.781415247,1,69.01677275,0,0.038298466,171454.4608,4.317696908,0
267138.5398,10.36315899,0,42.4467262,1,0.368569053,82049.93777,5.27648253,0
163501.1022,10.88965396,0,47.30481294,0,0.733980397,49330.78488,-5.503936361,0
83618.53801,14.12717025,1,38.82161192,0,-0.043938871,19355.46758,9.037431544,0
340327.1114,18.76903971,1,100,0,-0.289619985,75785.59732,-5.471539618,0
268749.6944,8.21287779,0,5.911138135,0,0.594500694,54517.20336,11.02855681,0
5956.244845,10.88236296,0,57.11520898,1,-0.377358027,1801.953442,2.580836557,1
161740.5451,5.078947474,2,41.13369221,1,0.948351346,86001.53045,-9.492086735,0
-10522.50038,14.24876168,1,100,0,0.419154066,-2935.079689,4.900837137,0
204796.429,5.446898458,2,79.10530279,0,0.922280343,120906.5646,-7.106347539,1
-28064.4946,1.902563096,1,12.12919582,0,-0.437618441,-19056.25972,-10.60266902,0
291304.4027,7.543106065,2,20.15680013,1,-0.019306559,94374.54484,16.82054653,0
62685.50442,10.07794909,0,70.68694521,0,0.652419812,22186.32841,9.346994215,0
7818.940215,2.134454591,1,15.23710649,0,-0.385840143,5306.095326,0.370774356,0
140532.0181,13.59982081,0,53.50629812,1,0.730623579,36033.96315,-12.81337589,0
143230.423,3.044577866,1,0.426046777,0,0.036616479,25106.86584,7.059063719,0
200610.0115,3.907681336,0,42.93953077,1,0.218651832,129367.7274,3.357346459,0
44855.07815,15.89812239,0,60.75913014,0,-0.07227645,10466.25671,13.78262205,0
102111.0645,13.07197399,2,63.48460468,1,0.979041109,28264.54996,34.87008147,1
299188.4768,11.48054811,2,3.04375995,0,0.237572445,35866.33904,-8.266115075,1
276720.2032,0.586110704,0,0,0,-0.049483576,74121.55057,24.72583913,0
5031.637899,2.300709237,1,60.03431424,1,0.04064143,4889.694569,-6.317550122,0
266806.3827,19.64437899,0,51.55345739,1,0.154750533,49101.53359,1.79643273,1
299656.3644,12.683301,0,80.23074891,1,-0.426365372,89932.57173,19.22009916,0
171724.5434,-1.946927514,1,86.38451298,0,1.241144809,14501201.1,-5.821177496,1
191677.0597,10.7171557,0,34.3007629,1,0.388335695,54223.8516,-2.276646881,1
154280.7533,-0.581709368,2,72.63048185,0,1.012334753,469238.2924,-15.53907808,1
293176.5302,-1.250809225,0,20.73334496,0,-0.093083234,1222359.845,-13.35653823,0
250340.4471,8.994965336,1,47.2964544,0,0.309405927,88739.44464,-5.144238438,0
183967.3955,3.351686886,1,17.12971007,1,0.261119418,101460.9804,13.71357608,1
205545.4854,15.95042691,0,89.0881022,1,1.097629313,51648.59256,26.22379834,1
299258.84,6.020915321,0,46.64106072,0,0.60713921,145019.1923,-7.585847132,1
-31556.41916,5.924633479,1,52.29228062,0,-0.26691603,-15918.07874,-1.573667629,0
244411.3298,10.5282875,1,17.04632715,0,0.005201437,57642.50819,-6.693978423,1
67905.22443,2.550296656,0,59.38519682,0,0.299259525,61537.62511,-15.28223244,0
-28856.73355,7.113306138,1,62.87178587,0,-0.35781015,-13266.60301,-12.58819041,0
20076.42645,7.487988991,0,85.69606794,1,0.96483266,9471.99584,-3.497846933,1
325082.6785,10.55201188,0,9.401324165,1,-0.514725661,62952.67108,2.565294509,0
156160.771,10.50116003,0,0,1,0.805919335,8627.268387,-6.284345272,1
192351.4659,11.80911949,0,14.7281903,0,0.329816264,39309.84083,-3.772462395,0
211840.1736,19.243928,1,46.8926313,0,0.37558374,38806.23376,8.354871044,1
124387.1422,4.869868435,1,89.95948037,0,0.600657612,82033.38815,1.281640866,0
100661.8307,13.81136456,2,5.789719321,1,0.036785055,12971.26758,-1.806834737,0
59202.83296,10.07712832,1,44.11413856,0,0.077053117,18777.74891,12.74722071,0
55429.16147,11.65445938,2,2.899835909,1,0.429370766,6410.772965,-11.68274609,1
268089.8299,3.680900147,1,63.84719393,1,0.473154344,197581.1437,2.169650851,0
14429.95532,8.213730391,1,46.77998379,0,0.56854433,5495.357033,20.08768104,0
238761.5938,12.10202776,2,100,0,0.597421247,78251.31279,10.36260121,1
-71668.12755,12.20716393,1,40.99249632,1,-0.226871275,-18895.88461,-8.085890362,0
21505.70323,13.70798087,0,76.60986039,1,0.134266837,6115.520069,-7.080453825,1
122215.8264,1.019607971,1,49.77624333,0,0.355673565,159561.5408,-2.389533226,0
258101.2404,0.095919444,2,12.58825346,0,-0.241782753,330165.7401,-4.246762329,1
151171.0106,3.878770174,1,17.33920788,0,0.388901564,76371.84455,9.060171339,0
295994.2327,4.440675631,1,74.5386121,1,0.236964996,199367.3074,22.04835552,0
-3310.185007,-0.735103378,1,10.60504541,0,-0.017681091,-6680.4832,-4.298771417,0
212101.0113,16.42257696,2,56.58441471,0,0.633215959,46817.94783,7.051510299,0
176884.466,-0.538623176,0,21.52365814,0,0.087386627,382219.2371,-10.32566556,0
8420.772979,7.851189134,1,7.039487874,1,0.010480853,1916.357262,3.876866789,1
72178.74267,5.954358935,0,29.62398205,0,0.454343437,31307.02413,-10.25033074,0
218940.6695,18.9716033,1,100,1,1.114279206,48277.69474,14.59943138,1
167570.2524,9.58219388,1,0,0,0.45845632,9951.925695,-3.169276991,1
124678.3963,16.53759211,0,46.9813811,0,0.112501131,26136.13993,6.256373587,1
13369.15584,13.60531218,0,100,0,-0.155493764,3929.262063,10.49407471,1
-61052.18656,2.307655598,1,75.51204983,0,-0.778484359,-61661.32932,14.458489,0
63842.68027,0.888702196,0,78.54323356,1,0.273600888,96879.51883,9.223338901,1
188570.103,10.54249979,0,59.87001073,0,0.468699737,61991.4228,6.071300049,0
280932.6235,5.962057507,1,87.1221449,0,0.415298428,158407.9324,-2.554335964,0
214767.6422,1.019964302,0,57.5962733,0,0.832118464,290707.8607,-8.408419927,1
2304.451073,16.97081237,0,76.02096367,1,-0.100640417,641.1405479,-4.955494374,0
121186.2087,-2.213539648,2,60.17121318,0,0.735557908,-2343769.414,6.561405467,0
78920.09119,10.9800035,0,66.80166328,0,0.857550636,25629.02948,-20.505446,1
84365.32196,22.5834097,0,77.62684851,0,0.44335466,15032.75596,8.729532129,1
281755.9008,12.89481331,1,0.141108766,1,-0.083939896,14344.78501,0.37855089,0
91018.04273,14.59274746,1,100,0,0.809448835,25311.10366,0.89324264,1
160779.2116,7.896384107,2,56.23366261,1,0.059265552,66008.65121,19.85894744,1
2336.167785,9.839522006,2,79.44726372,0,0.171947847,826.6402542,-12.06430494,1
229866.4096,3.156408428,1,32.32102271,0,-0.120147635,157534.5865,-0.443410202,0
193140.3523,14.14712967,0,67.9645987,0,0.872844925,50772.57784,15.7843154,0
245630.0061,11.26021311,0,80.11674813,0,0.377775861,81692.15293,-2.838805344,0
319133.577,12.80834486,0,100,1,-0.202841438,99675.69993,-3.231291135,1
278512.4411,10.26218638,0,64.56700895,0,-0.068278831,95274.98809,-3.465502218,0
36892.27845,19.71328349,1,35.57337793,0,0.290581305,6092.47742,17.52906242,0
281417.2031,2.012156028,1,50.37381946,1,0.322346072,277657.034,0.864848726,1
133279.1584,6.700028215,0,40.02118336,0,0.252384124,57187.58336,-15.39913257,0
249109.3376,15.36398185,1,5.986275065,0,0.575546041,29735.96802,-0.749187528,1
-30220.70964,12.22171441,0,28.08047945,1,-0.073285768,-7278.815198,-8.748326702,0
256219.0194,18.3157203,0,18.16498068,0,0.095270056,37807.61624,-22.56262604,1
276892.5504,5.441944951,1,100,1,0.381892549,172089.4871,19.86951399,1
177195.7585,19.57386478,0,43.43524014,0,0.221498138,31320.25878,10.48048387,0
234878.5731,23.46261543,0,88.53044216,0,0.33247197,41674.80734,4.190096564,1
95860.14617,11.29389944,0,20.62593285,0,0.056741094,22398.35308,8.934828256,0
250025.3711,8.618205965,0,79.41347763,1,0.665301196,103687.4182,4.84778696,1
121594.2247,12.66839591,1,25.58400297,0,-0.315492971,27517.34079,17.07681358,1
381679.1592,2.417672198,2,29.60062786,0,-0.634878321,298467.7427,-3.173779575,1
292664.8199,16.65709088,0,70.22330602,1,-0.032484711,67243.01124,8.385091497,1
193346.8226,-0.233694856,0,71.1315655,0,0.126821195,469813.7832,-8.436682506,0
291511.2034,16.23504064,1,83.14190481,1,-0.238318431,70935.60372,-0.873650741,1
21990.85235,-2.314178915,2,71.38027047,0,0.398547863,-300684.8044,-3.316060305,1
237610.9033,16.97792436,0,18.84535833,0,-0.000901893,37867.91904,22.2921701,1
139582.4155,18.39504415,0,38.08639978,0,0.121279431,25314.00156,15.33356711,0
135534.3457,7.526716185,1,30.26301908,0,0.337620487,49434.78988,10.49469738,0
-12092.06634,8.193924069,1,58.37065747,1,-0.035913036,-4911.945461,6.217050905,1
-23655.74429,13.35979107,0,49.16627862,1,0.234156206,-6096.416068,2.499399855,1
224980.7008,3.751369358,1,57.55396197,1,-0.085981218,159787.9423,26.65626764,0
222107.8921,11.81044303,0,38.40589753,1,0.027746132,59486.60396,6.420382969,0
64723.41531,5.14797451,1,20.28305513,0,-0.056800327,28025.14453,10.17542632,0
79791.73945,17.62599045,1,42.51681781,1,0.421720365,15429.56863,5.18162194,1
198889.9329,6.70455201,2,65.00136257,1,1.461590554,96101.55276,10.26781112,0
378368.2999,12.91193952,0,30.55948138,0,-0.007097485,88429.69092,7.806694756,0
197576.3424,16.91620728,0,7.276535622,0,-0.012883398,23301.34605,-7.354032172,1
34888.77363,-3.738516251,0,69.84444419,1,-0.125219405,-85805.15311,11.83999729,1
48950.40342,7.884331082,2,60.51770763,0,-0.116979514,20515.61319,-1.387428847,1
113031.3401,4.877288123,0,84.50564089,1,1.035335858,73316.37127,14.29451655,1
104620.0351,12.77001428,0,56.60737459,0,0.251518479,28845.15972,-7.303297529,0
45010.23285,25.62117329,0,29.18013282,0,0.020725397,5523.197142,17.52565221,0
172771.4243,18.20505133,1,100,0,1.484894349,39447.82828,3.624316001,0
87494.94854,21.10128789,0,73.42406771,0,0.049151099,16394.2571,7.744912238,1
257168.6901,7.427563652,0,79.1758573,0,0.508340608,119971.5326,-0.206609042,1
171302.2272,2.75945508,0,70.41741214,0,0.425972334,154084.0672,-5.01370345,1
251159.2725,3.686576612,2,84.82168141,0,0.990603712,197249.2745,9.583132288,1
66852.98775,10.77889652,1,52.01700898,1,0.040845113,21047.14992,22.03341966,0
139905.1976,0.407897179,1,0,0,0.200675152,40413.96654,-13.84486764,0
-26619.60788,20.50162725,2,78.31501129,1,-0.748471148,-5209.954082,19.21567547,1
64705.10804,7.503513793,2,19.50605921,0,0.583573029,20856.2569,4.397606762,1
75420.95964,2.033285661,0,35.0678416,1,0.516031165,67620.03989,8.01952117,0
39001.83817,15.65267759,2,66.02794439,1,0.084183958,9377.80017,29.57692944,1
236222.7861,6.606677624,0,52.53180903,0,0.487103035,109663.3954,8.162777002,0
278987.8706,15.73174512,0,88.07394005,1,0.590619207,70792.68493,20.95126507,1
200344.1958,16.01731699,2,95.91367741,0,0.916611292,51025.83392,10.63535727,1
-28339.11768,7.115208084,0,25.48284563,0,-0.18781755,-10373.54285,-4.336201094,0
287482.4083,13.23529223,0,86.48336481,1,0.198557681,84528.91556,-14.94830107,1
331891.9619,17.3325656,0,75.68075329,0,-0.100492681,74675.9268,14.15322664,1
50650.95271,9.20436855,1,14.8475068,0,0.088932156,12735.27223,-21.96745933,0
173687.7564,9.451336502,0,98.66800469,0,1.103459314,69824.20355,15.87569526,0
232088.1501,11.65400265,1,10.57173276,1,-0.229027743,43084.55584,14.07449296,0
22734.21922,19.63536072,2,62.39915095,1,-0.053820133,4317.914808,36.44720672,1
169517.4224,2.956875132,1,100,0,0.875225294,158183.0693,4.376672003,1
155048.2524,12.41323249,0,6.273099115,1,0.204018941,22737.99602,7.507616433,0
227314.6859,4.524363924,2,80.57529923,1,0.156634003,153696.6949,11.37787797,1
362786.8987,4.288263505,0,11.79112039,1,-0.008933989,151245.7876,4.191734572,0
100242.9594,6.604758236,0,77.9438475,0,0.891131476,51048.30106,-7.247339424,0
196639.1349,-6.763436824,0,62.61967656,1,0.59235446,-172115.2279,6.739053206,0
366608.0535,17.58635814,1,14.2576799,1,-0.048834203,52231.46853,-0.495543574,1
-44843.87309,14.33832099,0,13.14709024,0,-0.147751131,-7394.605035,0.462239547,0
-8226.158135,20.69952738,0,71.70703737,1,-0.040248971,-1721.42639,8.211525311,0
68147.22819,9.218228466,0,83.61616911,0,0.394397245,27013.10814,-0.201754115,0
229950.7761,6.782934861,0,100,0,0.696118039,121172.259,-0.902962528,0
60714.34577,19.84926631,1,28.82343415,1,0.031947969,9641.411076,3.643351044,1
43599.91469,14.27539974,1,25.71306803,1,0.054777173,8752.411321,14.44456101,1
300088.3175,5.694676911,1,32.15294854,0,-0.050182896,137793.3925,5.535456127,0
78028.26131,9.955066679,0,0,0,-0.354358167,4443.26867,2.762720984,1
164664.9109,6.060483682,0,100,1,0.545443682,94538.48959,0.582182217,1
236587.7838,16.96238401,2,0,1,0.023768631,8604.26968,14.97041692,0
203676.7862,-0.145662855,0,14.2140557,1,0.308150207,306055.2127,-3.867770712,1
151446.6295,12.71011139,2,100,1,1.464687337,47587.05077,11.90259039,0
157575.3631,1.580603243,0,26.14871526,1,0.590754222,146761.8602,6.031036802,0
117850.6022,19.364737,2,34.44741435,0,0.589570876,19788.76375,20.30263175,1
104000.1286,6.987665243,0,51.42496334,1,0.512257429,46077.57678,-4.907122838,0
125630.8417,2.277118251,0,84.24636275,0,0.836915668,130886.782,-9.886589855,0
236807.5699,9.653781426,1,48.81277535,1,0.104284614,79735.02718,-9.535282617,1
312901.787,4.439990983,1,15.97501222,0,-0.268664547,140266.1587,7.169243671,0
141130.0265,14.25520764,0,48.68150374,0,0.537789288,34017.53044,-3.372756702,1
80035.11889,4.984692646,1,6.044297053,1,-0.20712409,23825.41576,8.935280877,0
159245.0714,18.08840873,1,86.11320806,1,0.8337556,35548.92516,16.91517904,1
-14718.18075,16.82219593,0,43.28302215,1,-0.812804513,-3013.179755,14.45930974,1
105449.4822,10.03182094,0,0,1,0.140141686,6050.996848,0.014391721,0
55507.67247,-0.269530755,0,41.62586198,0,-0.091051484,121095.8571,-7.093021149,1
373420.8549,19.74713084,0,100,1,-0.986866559,79458.80172,12.32013501,1
80985.19289,8.548794749,1,12.96723609,0,0.310644196,20824.42547,7.069393248,0
92331.71364,5.115067834,0,5.182417272,0,0.33025777,25543.62381,-3.483521412,0
237748.4229,12.66110265,0,25.4503774,0,0.150748738,53693.33513,0.908337093,1
157037.9881,6.50978068,0,38.67645582,1,0.171629291,68434.7983,-7.231047774,0
216508.9432,2.896003291,1,0.544736566,1,0.219997579,41248.47857,-10.28509388,0
40389.09017,13.18645591,0,58.01991483,1,-0.002683258,10846.18725,-8.987323714,0
15687.2381,5.777665924,0,30.17921361,0,-0.000142418,7052.745704,2.885581495,1
212401.5248,4.894569262,0,88.01931539,0,1.153394323,138586.6759,7.399648609,1
53498.26287,-0.532474457,2,77.42664469,0,0.507320968,159503.2396,-12.7963706,0
9051.833624,21.12762478,0,90.43013863,0,0.067897156,1645.220261,1.611135603,1
310740.6239,13.38948629,1,81.05403399,0,-0.055063426,89283.95561,8.130775419,1
136073.4465,8.855702042,0,18.32671089,1,0.192386486,37737.77632,0.287921902,0
257080.6043,9.662692968,0,44.78174511,1,0.321755259,84798.70392,22.70740568,0
207544.0163,-1.453074128,1,60.21689944,0,0.189450773,1567553.976,-13.36594672,0
198351.0439,2.106296203,0,33.16003876,0,0.666234894,171931.6491,-3.775590945,1
60230.74551,11.04426989,2,58.16535089,1,0.192091444,18795.28541,-14.84917771,0
78306.70246,16.13461971,2,63.16350913,1,0.384233494,18007.22784,19.43740354,1
153164.1465,17.12345673,1,26.98694916,1,0.513749075,27063.00399,2.013693773,1
190553.6963,1.773174332,1,14.0694356,0,0.090443453,140254.1766,-18.42550826,0
196261.3772,2.904452151,0,79.93102054,0,1.003043654,176224.7757,5.940099103,0
219465.2125,9.490269034,0,78.82281901,1,0.62564337,83877.06372,7.309595364,0
194728.9879,17.14254091,2,57.28629243,0,0.562539216,41567.33376,5.210942833,0
209307.4061,-5.558830511,1,58.76098616,1,0.573884593,-241554.1673,21.29767253,0
336219.55,15.07396777,1,14.98963369,0,0.079371757,55767.24204,-3.929772972,1
30023.88433,19.63495439,0,90.35326076,0,0.435069322,6223.331276,6.439525978,0
90620.15246,11.55169015,0,12.13506821,1,0.411121437,17660.90896,11.37654322,1
77644.08715,12.80054172,2,77.22121213,0,0.83891107,22954.72079,1.530554281,1
215190.7582,4.897253421,0,45.28724353,1,0.140551498,120352.1195,6.814261249,1
109294.1447,12.27325231,0,54.17919483,0,0.917362718,30833.80283,16.78743217,1
357015.7074,11.54214442,0,73.26977595,1,-0.814637212,113878.4064,-1.538136828,0
136065.8344,21.65189178,1,0,0,-0.189360979,4048.082127,10.20246701,0
344678.8409,15.57629135,0,92.80984323,0,-0.320211562,89230.35075,0.621111317,0
191048.6878,0.836714652,1,79.80686301,0,0.402587526,296650.589,13.62156829,0
305567.8391,3.204392426,0,46.79021288,1,0.124096753,228292.9278,6.502994379,1
66264.57182,1.642504809,2,33.55646478,1,0.428399115,64864.84575,15.21352968,1
53012.02198,20.56507378,1,74.93819616,0,0.165127991,10214.17409,-11.47031454,1
121315.739,-0.027053947,0,45.06547409,0,0.561174863,236613.9843,-21.44165971,0
164720.0206,4.476718393,1,0.730551621,1,0.258338624,25538.98607,-7.521840386,0
144252.9752,11.0147451,0,57.96477158,1,-0.005770348,45420.79171,3.198002664,0
179642.8344,14.65720843,0,18.6309529,1,0.233860452,32669.97355,0.774619789,0
136867.8598,2.955651844,2,94.41638241,1,1.036936618,126244.1566,24.07800194,1
137086.9639,4.341756466,0,90.85050716,0,0.615245564,97972.47314,-3.92988474,0
195919.2162,17.97605639,0,52.66523134,0,0.128946794,39199.46535,0.238262134,0
13753.5958,11.90712165,0,41.42639631,0,-0.149534705,3606.300138,1.395609582,0
291059.3684,0.899471962,0,96.90842014,1,0.165754561,461190.7191,3.529188765,0
-30441.70479,1.613243115,2,27.30107238,0,-0.307030619,-28418.30178,2.357212817,0
114705.4322,7.629489607,0,13.78177729,0,0.292299921,32722.58748,10.51161043,0
291402.2508,8.754094406,2,30.94705968,1,0.197660684,94733.20223,14.47238409,1
39432.91874,14.06120121,2,5.860982807,0,0.135295138,5069.354958,13.43172721,0
327124.2383,6.170044657,0,46.63605905,1,0.317164055,155498.7403,10.1612629,0
141651.3331,17.9361455,0,66.89838389,1,0.854671782,30109.10212,24.65038489,0
246737.1559,20.3790426,2,21.23071437,1,0.217557069,34657.9892,3.11230918,1
75568.85512,7.527735999,0,100,0,0.318399241,36655.62858,25.00617388,1
54096.49252,2.99619644,0,78.34613493,0,0.750701235,47391.59049,9.96341871,1
36285.80461,13.80281514,0,100,1,0.734948059,10652.05925,21.78139245,1
49267.67744,7.408524024,1,80.38518653,0,0.281485035,22995.81184,15.82140504,0
-70042.54214,14.11551997,1,100,0,-0.887338938,-20156.14906,14.12049921,0
57985.20112,-4.690961274,0,98.4381402,1,0.765716631,-99290.5778,-2.979496862,0
225189.3957,19.64241056,0,0,0,-0.546100233,7198.801259,-11.33006673,1
-6042.552868,5.183085751,2,63.31854083,1,0.081269626,-3378.962746,19.50266957,0
-2411.216697,4.132604007,1,0,1,0.449036766,-225.1029619,7.808677434,0
-6244.331307,8.258619945,1,40.18720326,0,-0.139425232,-2217.686577,11.73180123,0
77478.65038,-1.387981154,1,33.91607639,0,0.309924051,453429.1595,1.644579956,0
235734.4683,-0.270705241,0,54.48336577,0,0.415121148,549881.2567,-13.17286964,0
198226.2125,16.57325471,1,47.24001685,0,0.745967256,41545.71599,2.969749454,1
203228.0171,6.544143837,0,83.40654409,1,0.778652488,105687.734,16.54635628,0
34640.38095,2.232023756,0,0,0,-0.102814302,5557.330203,-2.531713484,0
168164.2101,7.698581836,1,15.05317152,0,-0.306154477,49271.16994,2.727065502,0
233491.5178,10.59468644,0,55.12100335,1,0.426243132,74943.22352,7.724883249,0
82619.08914,2.526544083,2,88.49012676,0,0.629773073,82301.77094,-2.041052195,1
246338.0963,16.75921692,0,14.34909317,0,-0.520343394,36574.13968,-8.139091374,1
221863.2199,8.881614163,2,48.23749063,1,0.082649056,79843.51568,33.98948365,1
69478.01051,0.945389371,2,57.08174287,0,0.186156081,96318.02699,17.53062315,1
13390.92953,7.171966815,0,67.06648555,1,-0.089688082,6204.422303,18.89083638,0
85548.50717,7.982764879,1,100,1,0.746423976,39657.6625,16.97568966,1
128493.1015,0.986027309,0,54.79628016,1,0.492793833,173777.4058,-2.644555102,1
208708.973,2.405159497,2,38.03798866,1,0.311972812,174745.6002,18.14223156,0
216558.3051,6.05675565,0,31.04109115,0,0.934978521,94012.8125,11.15309576,0
94136.29288,0.213298261,1,14.59991704,1,-0.014407285,119399.6187,0.838074658,1
168498.2878,5.103145467,0,62.54007617,1,0.360516784,98846.28688,-2.768778227,1
46052.22073,12.64970801,0,86.45535386,0,0.854319661,14169.49547,4.269198763,1
41877.86487,1.261117642,0,0,0,0.439182513,8799.732749,10.67914697,0
263607.665,16.22609566,0,100,1,0.159592957,66943.28066,3.599605236,0
323916.4971,3.791217683,1,0,0,0.364028308,38849.03339,7.234201289,0
252914.8441,2.590650184,1,46.76171892,1,-0.285182944,214124.4962,-0.626595799,0
-12014.5326,5.273462791,1,100,1,0.741260428,-7637.00522,0.929608211,1
177453.7613,2.025349134,0,51.07407102,0,1.035028164,175049.8238,2.048667534,0
107541.0891,2.868796809,0,21.0192811,0,0.344504999,69249.92527,-8.143877217,0
59714.36876,6.430982772,0,4.038827755,0,0.280280758,12801.68367,4.300859329,0
259339.8212,20.97680606,1,56.72873641,0,0.428755208,46029.25946,-11.57429122,1
243664.9093,8.25448322,2,83.11375114,0,0.340860286,105628.613,-2.824212523,1
170464.837,14.04009289,0,48.22128922,1,0.836598568,41670.28408,17.23520831,0
173364.7061,16.94465206,0,76.61373025,1,1.162847986,39956.47178,15.67808004,0
195635.3004,13.95513323,0,10.83646349,1,-0.117767356,31196.9816,7.482284734,0
240652.603,15.74317585,1,42.74917986,1,0.277089967,51639.48343,6.051236134,1
26729.68492,20.13110151,1,54.0478407,0,-0.227200399,4791.324566,4.623867281,1
58303.85438,0.161910521,1,0,1,-0.01429453,18685.2473,-1.845226095,0
258501.8884,13.3993374,0,19.4054039,0,0.022231064,51496.2914,23.33774641,0
150773.7578,4.63847541,1,43.80027499,0,0.812878841,86745.58366,5.318066125,0
49852.92285,2.693773242,1,53.56654792,0,0.736372257,42721.00036,-6.024819388,0
176467.2452,6.744780476,0,49.71806398,0,0.168768519,79529.92444,-0.809138211,0
138987.8272,12.16839065,1,0,0,0.230741224,6847.153305,-13.31702821,1
203399.0076,16.45407234,0,61.19638211,0,0.811378658,45795.74906,-19.03778179,1
132268.5583,1.781726613,0,43.52506675,0,-0.102437744,133487.4451,14.62714003,0
267397.9273,0.233935609,2,64.44402862,1,0.579987597,502227.0505,11.73192684,1
57686.12153,2.378089773,0,26.34088274,0,-0.299774508,44070.96435,-4.515882135,1
284173.7849,1.553249708,1,90.49591173,1,0.113941449,361991.419,10.49401685,1
53138.24734,6.658346556,1,27.3907073,0,-0.131507285,20573.81671,1.538700128,0
356203.9587,12.81270247,0,60.88223822,0,-0.719836477,99583.75622,0.675901067,0
-7133.982364,16.3196049,1,40.20833217,0,0.302477285,-1430.63287,15.51723004,1
309010.3058,17.71837634,1,37.08985548,0,-0.263571731,57422.1363,9.563692789,1
-1728.814023,10.50115922,0,100,1,-0.136174323,-630.5512321,5.90415816,0
252592.3497,13.74042795,0,22.42138743,0,0.127438369,51362.60311,-17.48880237,1
57649.47397,16.94528203,0,33.65169977,0,0.406327816,10846.24197,-10.02311268,1
210911.0039,13.85377216,0,26.10716463,0,-0.066440734,44362.74447,7.584561427,0
176471.8033,7.431293929,0,32.03506747,0,0.460592782,66000.51197,15.62097625,0
225447.965,13.7458687,0,58.26734857,1,0.382424532,58661.00431,-1.146157551,0
63240.65892,16.47320562,0,32.48099669,0,-0.110431135,12095.03858,-10.29112027,1
57533.67335,15.9270208,2,48.54994338,0,0.570321006,12726.75633,3.657906569,1
56108.69098,11.19510547,0,100,0,1.155643595,19676.5305,17.84406193,1
-24637.43979,9.52362918,1,99.23628635,0,-0.180844086,-9895.836577,4.563057917,1
268292.5358,3.279111287,1,99.19403438,0,0.256494331,234755.7913,-5.81179016,1
35763.79321,18.24404665,1,23.66468142,0,-0.137869832,5819.758883,0.659985026,1
32808.63852,19.43044079,0,68.07230594,0,0.461278396,6555.697514,-5.281854627,0
184513.7028,11.53047417,2,0,1,0.004056136,9403.601645,13.8326433,1
319839.0381,17.71358207,1,78.36244451,1,-0.363182108,71387.23581,32.59582448,0
-18462.73818,11.66548386,1,100,0,-0.691537167,-6373.826121,4.723795635,0
139063.3348,0.249059251,0,90.75725947,0,1.007247384,279954.5959,10.93755062,0
155589.9426,17.63244523,0,81.65983998,0,0.436907971,35113.33221,-13.46068262,0
47100.27471,2.811310953,1,45.8028112,1,0.087073972,37828.22689,31.85452963,0
23665.56891,10.66952302,0,59.456055,0,0.62801042,7494.502126,-13.39079347,0
283406.4046,5.664665103,0,83.78114794,1,0.004267356,164597.1585,21.27167259,1
5157.446685,7.100862719,0,39.83262372,0,0.336639124,2122.179621,3.386214155,0
294822.9422,20.32374149,1,29.88854919,0,-0.248927008,45711.39483,-8.072859715,1
243269.0636,17.53734203,2,55.41860003,1,0.623181932,50457.30739,24.164411,1
157230.8375,15.38519341,0,26.27520804,0,0.435293101,30187.16968,-0.290806812,0
155668.7654,5.236702285,1,0,0,0.14645358,14899.20434,-6.828846153,1
236533.4503,7.936253248,1,41.26580184,0,0.106516418,89787.07243,2.924474545,0
102014.732,7.808307306,0,21.93760016,0,0.378015497,33104.09025,-16.49856809,0
193905.4859,12.64581872,2,69.29585469,1,0.758873768,56474.74637,10.61302522,0
8621.622063,6.490577579,2,39.60197909,1,0.600483974,3829.546634,1.744000056,0
118380.4289,17.75811357,1,20.40922097,0,0.004213034,18700.24609,2.390140036,1
28166.48128,16.39883488,0,56.1049457,0,0.54174399,6143.830079,-17.30780796,0
6402.649724,14.51007613,1,100,0,-0.206205928,1820.009849,-14.100546,0
271639.7397,20.5574876,0,70.82050478,1,0.220495114,51649.04266,-0.07544606,1
-70643.40236,-2.478861835,0,51.57934143,0,-0.526367045,587368.0317,-0.383080597,1
273244.6781,16.23364871,0,16.60438198,0,-0.082575991,43733.74475,-9.732537346,1
18238.98845,14.64937933,1,51.76524935,0,0.046678087,4362.32675,8.442911249,0
121752.4026,9.822175555,2,78.96663854,0,1.173425538,45192.28886,13.28895375,1
231932.4462,13.86181579,0,100,1,0.86968423,67653.20022,1.558633094,0
335678.8264,17.81936104,0,11.16199166,1,0.346388196,43586.05657,17.24565147,1
98235.87569,9.053983692,2,29.72163485,0,0.251599948,30678.45072,2.988963264,1
60971.84398,16.20974031,0,59.47186067,1,0.725378257,13800.08944,26.02713064,0
281281.9038,20.19085146,1,82.21298973,0,0.333554099,56120.0507,1.897182694,0
201880.0461,14.72300076,0,64.57508987,0,0.34524739,50552.97755,-11.21636259,1
229190.1018,1.121693644,0,18.32291085,0,0.454419332,221201.2538,12.2809136,0
182276.3333,5.971868136,2,6.342131065,0,0.506589358,48452.36504,-5.52654555,1
-59579.79295,8.629917865,0,79.75004471,1,-0.256037741,-24794.16033,20.30733073,0
138682.5202,22.37896449,0,16.85443981,1,0.414964198,16617.33886,5.311671754,1
211188.3579,6.508463105,0,89.90450819,0,1.15436168,112201.4488,-5.558863383,0
179481.7818,-0.206244425,2,83.04589126,0,0.728692865,444708.3885,-6.776001105,1
171332.3932,16.77347008,2,20.71084348,0,-0.010375063,28488.83341,7.328632237,0
140287.4519,22.00279804,0,76.67594719,1,0.864783754,25560.40809,15.55496443,1
68221.76295,6.669907019,0,0,1,0.517935358,5423.500505,-0.400899249,0
221257.2791,5.950445687,1,100,0,0.89139049,128725.7534,17.23443879,0
7016.766838,8.102329972,0,54.70722569,1,0.227267252,2788.06648,-4.361273746,0
62353.22335,3.776110477,1,92.46164745,1,0.562308432,49143.44747,10.59278691,1
2516.890354,0.80801915,0,99.38494669,0,0.113383338,4049.439394,11.00660134,0
93191.80719,14.98328174,0,33.21254509,0,0.108213302,19548.38333,-12.03899063,0
84725.24528,14.23714201,1,86.99231633,1,0.816456504,23433.50516,23.50281956,1
231023.3987,11.19062015,0,81.85212655,0,0.86809777,77603.10576,0.197960066,0
111222.965,11.85468927,2,29.82140896,0,-0.18334966,27669.71469,7.987312297,0
263675.8763,12.31850553,0,100,0,0.033319505,85130.991,-3.395531363,0
262854.53,16.76294688,0,49.64126831,0,-0.28250206,55305.00167,-12.08963242,0
31213.78391,4.894748674,2,44.48133133,1,0.579236603,17398.14881,10.30615613,0
15314.03579,10.8484326,0,66.9398573,0,-0.175326324,5184.294873,-5.557838043,0
204302.9132,-1.738097098,1,100,0,0.996073093,3607765.783,16.56142661,0
49829.40943,14.59005228,0,94.41430348,0,0.986736941,13563.30412,5.104226146,0
21920.11668,8.584788721,1,21.16893336,1,0.145788987,6471.166745,7.875939916,0
215218.0569,16.21713915,1,72.25631233,0,0.758136387,50676.29904,17.20444238,1
-36391.43786,4.452662323,0,29.86514333,0,-0.359238044,-19465.91347,-0.561121949,0
209603.4043,15.85578641,1,36.81106019,0,0.418454342,42948.12459,11.01073866,0
238599.5409,19.13984867,1,47.64032835,1,0.028151991,44104.28689,22.91922662,0
374257.4465,11.87170276,0,49.89063004,1,-0.853101261,106592.0471,4.340664234,1
23122.67269,6.218635622,1,41.30612292,1,0.11036455,10685.07924,13.27011537,0
312791.8432,15.88017366,1,100,0,0.109918644,80700.98303,-0.381916475,0
228344.3237,20.10859325,0,0,1,-0.158515062,6995.676551,11.46183063,1
40749.29224,11.4733554,0,69.40459549,0,0.051069074,12848.95297,-0.272435223,0
265288.7791,6.248100011,0,40.02966268,1,0.123903013,120215.3923,20.03309888,0
178984.6993,1.642326931,0,42.35214158,0,0.195380083,186363.5418,1.988571458,1
152557.4633,11.75924544,1,60.93872567,1,0.831424708,45936.75257,36.69412536,0
277796.8446,3.859577046,0,43.62820527,0,0.289223631,181141.4723,-7.071531112,0
258336.3993,-1.519838487,2,93.559031,1,0.98398012,2453107.594,20.73524666,1
324803.5424,1.463106025,0,64.20831289,1,-0.174868571,393178.2742,7.581480018,1
100975.5708,4.610876575,0,39.93436641,0,0.359071715,57040.07353,-2.251118247,0
73894.92843,2.978956896,1,76.355772,1,0.566338907,64715.35103,-8.516247272,1
22246.51772,-0.268396564,1,39.10662663,0,-0.025615465,47702.89784,1.24588925,0
143003.3617,5.613548008,1,41.27245272,1,-0.186404232,70784.65942,-0.949062972,0
216137.3159,4.514111787,0,77.96567213,1,0.780765219,145289.4907,5.73294302,0
251721.0164,11.5379279,0,0,1,0.700446507,12849.60719,-9.349604277,0
178991.5651,-1.076391024,0,68.17418259,0,0.965247498,823862.5131,-8.011596773,1
244593.5107,14.72431312,2,37.54489485,0,0.828077629,53798.96188,-3.052285684,0
129436.2968,14.47450879,0,100,1,1.231073893,36307.44143,-0.623567997,1
94115.13146,14.23799507,2,0,1,-0.045590248,3989.414718,-8.365047478,1
30052.87053,14.86309282,1,16.72609712,0,0.229988173,5183.520938,7.617399629,0
108395.3784,6.408557857,0,0,0,0.320967864,8908.611452,0.180973625,0
317858.838,9.481733465,1,58.55277128,0,-0.501853263,113560.8858,10.15716331,0
99524.37954,13.2117384,1,47.66408357,1,0.5332965,25521.56097,6.619789362,1
96606.56294,16.74486698,2,54.29134389,1,0.417100752,20796.0996,8.954835253,1
231746.2528,14.23892807,0,100,0,1.17719065,66025.12031,-0.878660679,0
267484.4798,12.8014852,0,20.5034982,0,0.20396009,56163.54924,7.01699834,0
126265.0781,6.72466638,0,94.7683815,0,0.164954358,66314.85468,2.998398742,0
-38488.02012,17.3393476,0,67.16598132,0,-0.120207542,-8474.70134,0.129405677,0
102008.466,12.99308264,1,10.35642754,1,-0.530302928,17143.21715,13.46656286,0
239675.6224,17.96506335,2,42.75676932,0,0.672059954,45547.24107,8.527539278,1
65235.37604,14.72034349,0,3.089597649,1,-0.211610794,6465.623127,-4.157539331,0
184800.2261,19.22072018,1,34.07270584,1,-0.011504331,31267.62984,19.2967293,1
256545.7337,10.13420527,1,0,0,-0.231314829,14685.36488,-9.300187975,1
141617.7844,16.41979825,0,50.11184964,0,0.22703806,30380.73774,-14.20352285,0
259483.3834,3.870782416,0,98.26120188,1,0.464167873,203512.5374,9.663256811,0
192878.8962,1.540171784,1,40.58142095,0,0.121934084,204521.2343,2.099370393,1
-3339.730015,7.14476658,2,22.74503374,1,-0.097842305,-1103.516028,12.44534378,0
6678.244888,24.43449065,1,32.4366269,0,-0.441037985,868.3830651,1.666988603,1
43745.30662,5.155957885,0,88.03659287,1,0.297459248,27548.69714,22.91363473,1
177415.1569,12.27813946,0,37.32474875,0,0.792332731,45520.32251,-14.98544054,0
172739.2542,10.49948627,0,0,0,-0.134575726,9426.568062,1.349843545,0
234822.0557,13.43293382,1,60.2054532,0,0.61634194,62848.66866,11.25155836,0
277554.8843,21.03336926,1,26.04980502,1,-0.283648749,40111.0808,23.53363346,1
210238.139,4.530369246,0,83.31170853,1,0.89205965,143105.5635,22.47080205,0
186199.2754,6.18793545,1,0,0,0.341275269,15758.4272,-8.474312643,0
129026.458,15.09789469,1,70.76014973,0,1.107503783,32257.43105,7.506983152,0
154705.5096,11.35395395,1,38.45377049,0,0.444653649,42859.92369,1.229113781,0
36918.59977,17.97887139,2,84.47944838,0,0.506282324,8153.050232,8.290814236,0
218159.6738,10.25091748,0,27.22652005,1,-0.161118935,60183.07529,16.55720379,1
192970.0365,3.894650374,2,24.94110295,0,0.118496184,107814.5444,22.9462689,1
142724.9552,5.031908805,0,59.95840331,1,0.353332113,83796.03284,10.35238913,0
98606.60856,10.99199132,0,58.81005402,1,0.588929961,31035.23182,-12.18850578,0
235734.2082,13.42755928,2,92.22152682,0,0.492891324,69505.01724,-9.355229086,1
140217.3163,13.14270945,2,60.4089961,1,0.801558398,38396.78804,14.5579005,0
112948.5141,10.73337022,1,71.55802034,0,1.38759928,38134.51778,13.25182779,0
204395.74,4.119454282,1,37.70356395,0,0.522084002,123005.4889,-5.824710952,0
199991.6993,18.35454905,1,34.90277543,1,0.740879489,35433.83404,8.280324516,1
89403.92138,7.595927827,1,33.43303378,0,-0.094719252,33269.26969,18.9351561,0
53855.42419,13.13697515,0,41.78174294,0,0.188805604,13574.06564,-3.964800605,0
83715.32348,3.906512135,1,62.69100667,1,0.530687813,59277.39865,27.4227524,1
138288.7837,20.61275592,0,0,1,0.019516709,4264.330583,-4.302763585,1
316426.749,12.65900502,0,25.05780981,0,0.547318107,71107.95862,9.042702316,1
121645.1873,8.748312753,0,57.278634,1,0.314035687,46251.15661,8.336800248,1
9750.619121,5.2771594,1,8.303657314,0,0.105020965,3026.288881,10.06355094,0
114529.1341,14.5045052,2,44.03685759,1,-0.327439239,26523.56135,34.33939379,1
38243.10604,6.11682383,1,54.60877541,0,0.331189327,18975.91523,6.669927695,0
115953.1378,13.0792924,2,87.87390479,1,0.957240913,34754.07359,29.21790506,0
50259.78621,16.35655429,0,100,1,0.466028318,12777.35654,1.05368578,1
144811.8091,14.78758404,1,37.7069168,0,0.492825744,31855.03077,-5.46881518,0
190971.2604,4.886899875,1,36.31149028,1,0.173112483,101160.9961,-8.087800464,0
285502.0473,-3.221718015,1,69.11570322,1,-0.171089363,-996594.537,-0.447968116,1
272487.0119,3.716272264,1,31.26511657,1,-0.170011659,167074.1429,22.69195191,0
200509.5485,3.777400965,1,14.28443167,0,-0.126186418,96983.59681,5.258175179,0
131501.4123,9.545998224,2,58.94697998,0,0.182586325,46846.07957,3.505299023,0
236536.331,10.14013291,1,0,1,-0.39954671,13587.57621,5.226307663,0
30365.26579,10.24313449,0,97.03865948,0,0.041133858,11268.93965,6.801965544,0
204536.9394,-1.272367235,1,100,1,0.782656939,1300133.598,18.91305241,0
111750.144,5.630790451,0,69.45874934,0,0.664003397,62435.36441,2.185773952,0
182198.0415,8.538805856,0,97.5998046,0,0.578197755,79528.5676,13.82717433,0
267512.2633,14.56292342,2,16.83255114,0,-0.20445551,47527.2205,-2.075334713,1
46296.15907,12.07698916,0,33.01347369,1,-0.03684135,11721.80622,2.239076523,0
-373.4792052,3.02180886,1,20.19993619,1,0.130309208,-165.3568708,17.93539674,1
299358.8528,9.592611022,0,28.32171112,0,-0.316775125,88090.60675,9.563573035,1
131110.5682,13.78796571,0,29.43146437,1,0.129266756,28478.12296,9.133366106,0
11129.05494,18.47654648,0,10.48558309,0,0.303367053,1297.290073,-5.429167631,1
189664.6796,19.00459127,0,0,1,-0.238386753,6313.314749,7.875674485,0
151458.8325,10.60136765,1,10.67564179,0,-0.267595857,30551.8208,-5.835641462,0
102417.0572,17.73524561,0,53.85501104,1,0.433908609,21009.30776,19.15875305,1
223623.1624,21.93716489,0,61.2645233,0,0.232573237,38754.8114,15.217229,0
243079.4939,4.666121277,0,5.107490548,1,-0.795260165,71441.70055,-3.501208359,0
60329.56509,9.298719581,0,66.31412209,0,0.435953149,22552.62354,25.8832931,0
363166.4553,15.50596297,1,0,0,0.261071128,14459.37248,-6.0355846,0
186892.0231,6.338873021,0,82.37899764,0,0.780744377,99264.42999,-1.890280911,0
308114.6696,6.837798038,1,100,1,0.37336865,161269.396,10.47848597,1
180198.4092,18.97818222,2,100,0,1.166602694,39626.75629,7.674650135,1
356961.7772,-0.379419374,1,74.84927338,1,-0.567150441,956382.0155,23.5158156,0
153114.5892,2.408402101,1,27.66811076,0,0.891315707,117803.6355,5.929204476,1
197908.8242,16.7308182,0,27.08192191,0,0.344901047,35652.62331,-8.31405931,0
110831.0821,1.880030626,0,1.002786808,0,0.137315276,31515.04913,1.090356576,1
67737.39083,13.47799164,2,55.70964615,1,0.051119298,17768.08867,21.43849445,1
113029.0808,17.54513672,1,81.00598137,1,0.268973887,25595.55796,18.39725568,1
106564.9473,18.38455414,1,70.00404782,1,0.287589632,22401.43441,24.87638465,0
214853.9507,12.11630646,1,75.82231355,1,0.911191845,66197.981,13.08234257,0
182545.0699,14.18086592,0,83.35943933,0,1.319860838,50157.35075,7.99596377,1
-4463.254084,-3.165047725,0,48.06588004,1,0.06517942,14795.13852,5.509489306,0
191432.4649,8.395159416,1,84.16549042,0,0.82023631,82094.76048,-3.570166866,0
317931.8822,13.75722514,1,13.69260842,1,0.285007418,55330.69602,-4.00425338,1
170182.7822,2.638041172,0,19.90685474,0,0.611712592,113331.291,15.66486152,0
77590.49109,11.09920585,2,14.01937612,1,-0.337433387,16562.30114,-4.681086046,1
111605.6395,0.096242127,0,56.72274387,0,0.997963305,216880.5333,2.540459314,0
275321.8358,8.25518847,0,44.01395511,0,0.052525986,102848.2204,4.096436885,0
158585.4169,15.50956047,2,74.10280415,0,1.066137887,39332.41313,-1.930443525,0
116962.7521,2.035810341,1,51.81491447,0,0.156721291,115471.3778,10.43632363,0
338042.0316,1.077329794,1,100,0,0.073486867,507947.4867,-12.46684457,1
111537.5837,16.33019385,0,58.97219644,1,0.0995067,25004.64525,1.882488845,0
180656.45,17.30393085,0,36.26747537,1,0.689035332,34047.07394,15.66915257,1
218114.9826,4.62120535,1,55.10276681,0,0.644541018,133251.2076,-10.85791639,1
47108.35239,21.38298868,0,44.12380286,0,-0.27135608,7739.135878,8.169799186,1
349190.3265,14.22226914,1,25.68281444,0,0.29448339,71443.44146,14.92907524,0
187059.5655,17.38120572,2,82.15175288,1,0.492080761,42724.77636,28.13315285,1
155869.8625,12.45916609,1,27.42890613,0,0.617143668,36285.39793,7.273517916,0
157956.6042,8.858279068,0,11.0864924,0,0.154204148,37395.56608,-8.385472844,1
232811.0828,16.63729639,1,30.83055633,0,-0.149840734,43577.98888,-5.823433105,0
246723.2945,3.384675777,0,82.91465642,0,0.213751088,203484.8741,-5.033735692,1
20917.98995,23.07997691,0,45.37782426,0,1.265070182,3276.429831,-30.6557909,1
86904.66347,5.092025528,0,76.67060537,0,1.277748125,53648.60931,0.232140599,0
230870.7943,3.70995244,0,5.763945486,0,-0.020557458,82838.60798,-1.1512286,0
258549.4425,2.017057094,2,22.5890133,0,0.246633549,206140.1803,3.599317782,0
92615.91973,10.55055966,0,56.99090816,0,0.816448674,30109.06958,-2.40213885,0
183916.6568,16.86376336,0,29.99876243,1,-0.098313776,33880.39475,7.244049434,0
132511.9502,17.92278679,2,31.49898491,0,0.512512482,23283.11351,9.259745259,1
145049.359,7.251332292,0,27.92861866,0,0.573418062,53213.88206,-14.60083497,0
82236.90459,3.847447485,1,94.99805968,0,0.804661196,64271.22232,4.761036122,0
236099.3219,17.46282367,0,100,1,1.120989103,55923.14832,9.789112261,0
40444.94119,12.2673023,0,53.15125364,1,0.254950096,11364.09083,-9.96765659,0
170272.3483,15.62848348,2,34.09310141,1,0.669557464,34553.70616,22.69376144,1
71140.86213,13.10817702,0,80.71954754,0,0.597909117,20811.44065,-2.982936882,0
76297.86314,9.053157443,1,63.58230858,0,-0.020706315,28685.17993,9.365150514,0
166709.5862,1.048009951,0,76.90178944,0,1.047143415,238912.463,-0.442894356,0
98297.90794,1.863494434,0,0,0,0.390584058,17615.07408,-17.80203421,0
59612.52186,8.645973837,0,32.43515152,0,0.13674322,19773.59973,2.505187398,0
311557.8219,12.13313591,0,22.88689435,1,-0.395774602,70938.38284,9.748099247,0
184615.7184,5.972874561,0,55.48204915,1,0.794341187,93749.41696,19.1540752,1
315371.2834,9.093906932,1,51.65686262,0,0.088682296,113239.6552,12.20503755,0
242804.2299,15.99887557,0,36.87714669,0,0.330472863,49328.2161,11.9831679,1
-252.2599682,18.66890239,0,5.758362976,0,0.05656058,107.7184225,7.363460536,0
236044.5634,16.1905573,0,80.97736748,0,0.872470221,57325.32553,-4.916454769,1
185355.3342,4.416387479,2,0,1,0.08638088,20077.56349,-0.477239562,1
166528.1278,7.501986541,2,79.67709168,0,0.650740764,77210.07588,15.36732972,0
207449.941,11.33500184,1,98.46904662,1,0.377814885,71806.15452,9.405931819,1
287349.532,5.415910841,2,100,0,0.12643927,179218.7729,9.952781418,1
11180.60487,6.53617415,0,64.41620309,0,0.344738904,5390.409343,17.09340138,0
84631.54359,-2.593740337,0,9.442580143,0,-0.029718307,-347382.3811,-6.179198987,0
232179.9339,2.352318766,1,12.59425246,1,0.364419393,143023.6412,12.36557937,0
63367.19532,0.857507664,1,32.97035212,0,-0.229054428,78580.59866,-7.104344402,0
201230.433,17.63073866,0,92.05361405,0,0.528766328,46444.41789,5.864028103,1
250217.6965,7.075504513,0,64.05550741,0,0.061325969,115591.2213,16.13693057,0
103652.8134,12.63571314,2,55.5082402,0,0.518339654,28810.13294,20.49697625,1
272614.828,2.197788532,1,0,0,0.537604009,45008.08591,-2.368522212,1
13590.31784,9.275856178,0,26.32116919,0,0.70895138,4094.651304,15.73733068,0
128229.9501,5.074913787,1,18.35977335,1,0.493271684,54628.30782,4.290036721,0
175037.5618,-0.019555709,0,25.32401062,1,-0.338205419,292353.1028,27.91704683,1
160308.3504,3.423920974,0,5.826127678,0,-0.167393398,60798.66384,0.324211286,1
141096.5054,8.048362692,0,51.40929187,1,-0.404114882,55864.28877,13.79832824,0
229214.79,7.692091955,0,94.69795862,0,0.760660901,108147.728,6.324367897,1
236584.3011,4.483094681,0,83.73791687,1,1.073840291,162406.7299,-1.788355512,0
228732.8866,12.12774576,1,76.63605159,0,0.82255516,70767.78471,17.24515341,0
-11180.42269,15.71387542,0,1.816170545,0,-0.53166658,-925.3058967,2.195440096,0
-13852.89159,4.765526276,1,91.67374659,0,0.290027874,-9159.505466,-3.375982442,1
83547.48732,5.624332298,0,41.3759502,1,0.668134186,41293.40795,-1.080522181,0
137104.3367,6.766282417,0,14.10269228,0,0.601161146,43459.08426,-6.026932605,0
164851.2157,16.07794502,2,68.76821292,0,1.018339014,38790.97706,7.249942433,0
133966.2677,10.80215357,1,65.42460186,0,0.479007114,44098.25299,-7.385378815,0
93548.75286,15.97974278,2,29.9984203,0,-0.315020556,18001.86342,-0.168914625,1
-17890.74032,7.827953479,2,88.40007709,1,0.193965925,-8237.531496,-2.283735868,1
-30486.31924,12.12677352,0,100,0,-0.067182839,-9931.896559,-8.092878159,1
21290.79304,6.716377153,0,11.90247673,1,-0.566429067,6522.032482,17.09375757,1
213796.8174,4.787794041,2,21.16961248,0,-0.110739934,98907.48638,16.38886611,0
97214.73987,11.20016096,2,17.85890126,0,-0.133330333,22076.46416,9.393931907,1
96828.63135,12.06040261,1,30.91257004,1,0.47293489,24160.67607,30.09585973,0
102768.7751,8.415357955,1,0,1,-0.004650082,6698.112949,15.04931577,0
259612.2625,16.86900253,1,14.16904783,0,-0.005592739,38224.03468,8.454244121,0
305087.1672,17.17669203,0,51.49741244,0,-0.079188848,63410.96616,5.435042808,1
193967.9222,6.046155729,1,47.0551644,1,0.101197698,93876.72408,10.20649026,1
165704.02,9.777601159,1,55.28594321,0,0.840419185,57090.53401,-9.46665932,1
185950.7889,2.648281232,1,96.71622807,1,0.709066032,183695.0934,8.796722882,1
104254.4238,9.200044698,0,0,0,0.348712865,6410.004227,-25.94594384,0
176838.3704,4.828275433,0,91.03072867,1,0.474684014,117502.5227,-1.402782648,0
245324.8931,11.29589086,0,0,0,-0.147591496,12722.53522,13.87988168,0
73678.10042,0.779993843,0,60.60779712,0,0.996678187,109620.3523,0.774223619,1
75093.42049,8.708052242,2,62.64476879,0,0.497825739,29280.46777,-4.759256952,1
7524.082432,21.41904523,0,5.948771658,1,-0.142692374,718.6971553,7.709339119,0
-17562.94611,11.3904145,0,24.87396511,1,-0.231887746,-4380.514294,11.03103374,0
84877.11112,21.71506925,0,36.14468555,0,0.010436369,13053.51168,15.42064858,1
-20607.31244,17.51352357,1,100,0,-0.068508605,-4907.488061,21.96772451,0
196235.136,7.957348211,1,0,0,0.269578935,13525.62837,10.63311251,1
-38062.34594,7.771732281,0,77.97412725,0,-0.214284228,-17104.26986,-15.14630021,0
66491.90658,16.69197378,0,43.14920238,0,0.248463366,13422.25813,22.80360653,0
-24891.02736,15.14359207,0,38.91252756,0,0.084610394,-5441.444361,13.5338499,0
-106834.8209,10.91081281,1,31.10230386,0,-0.693949964,-29054.75753,11.7951314,0
259687.1045,12.5111674,0,44.64058647,0,0.344743216,68825.51202,-0.166726702,1
264957.977,17.14249307,2,17.67656595,1,0.213900575,41263.34489,-3.013368693,1
109397.6795,15.8987926,0,92.89553141,0,0.905544719,27949.72634,-5.600284744,0
263221.5345,6.176065454,0,97.50024501,0,0.308875209,148024.5353,-0.509123627,0
144738.9416,11.76027048,1,0,0,-0.232512958,7300.808079,-0.579702304,1
212763.5114,16.05873029,0,0,1,-0.390248644,8078.251451,10.93456093,0
167563.6599,12.76701728,1,60.29721942,1,1.040835921,46834.98101,10.57301267,1
50550.09148,9.577222228,0,62.29374979,1,0.284951653,18147.13625,0.125980011,1
137973.9914,3.595600444,1,26.44664219,0,0.132515352,82712.22797,6.903462664,0
130352.7851,13.91211397,1,72.53129012,0,0.543192344,35346.82008,-4.562339564,0
111306.8244,18.13902344,2,41.30552212,1,0.083586968,20816.77186,-1.372406253,1
12817.79159,18.45146115,0,64.50400989,0,-0.078257498,2716.921704,5.094348898,0
-107961.786,13.2492915,0,70.3724392,0,-0.257159524,-30260.58738,-0.724975498,0
-10954.17318,0.046629358,0,59.32537141,1,0.10965723,-22035.58762,9.270484813,0
167851.5648,19.31714373,2,5.165985885,0,0.299908455,15560.67782,22.55260995,1
312801.2619,9.059307661,2,49.84901075,0,0.294555227,111650.2007,8.529576732,1
213663.8824,22.8761609,0,47.75381462,0,1.063056761,33797.22098,5.691939235,1
68767.58275,-0.853918786,0,0,0,0.008316055,41688.07081,0.171581083,0
206762.8823,7.033561925,0,76.9887136,0,0.548408891,99973.43903,8.09977672,1
91159.37389,13.93898762,0,36.54668484,0,0.420047741,20946.77054,-21.32296036,1
247418.9421,21.02357069,0,100,1,0.813551476,49745.4061,2.256490129,1
143147.2501,5.398179345,0,0,0,-0.010213749,13434.34213,-3.861627349,0
77226.51747,14.08509028,1,31.31358689,0,-0.049695683,16873.75809,-1.041332932,1
179335.6125,1.274145426,2,64.5714055,0,0.685586957,229888.213,-5.658569272,0
192990.1899,15.02986649,2,15.26131537,1,0.306225294,32245.32862,10.84038842,1
384116.7119,2.005145651,0,0,0,0.104216452,66609.53263,-1.356794354,0
57466.55869,7.943189989,1,23.53954222,1,-0.423341638,18743.18366,6.845194178,0
184958.1697,3.184545709,2,93.61055845,1,0.422936072,162631.6467,15.24889907,1
21955.21507,9.52259925,0,100,1,0.432827831,8801.230531,14.9779067,0
203319.5912,-1.754819971,1,67.18400519,0,0.489593268,3513368.558,-6.434878662,0
136875.7305,13.79371758,0,59.18790409,1,1.24721167,35725.22545,2.469927905,1
63994.41291,13.05786819,0,33.36297911,0,0.601575459,15108.84965,9.227290699,0
6440.719912,4.072775876,0,23.18793195,0,-0.365514611,3425.378301,-9.41944495,0
197918.64,1.053908522,0,64.48084015,0,0.899734824,271941.8743,-8.079417351,0
123560.4852,10.01188384,1,45.84195497,1,0.913080344,39963.89452,2.205169858,1
101843.5909,0.225668541,0,42.7972437,0,0.230745876,174031.4388,-1.998830602,0
127523.3003,14.31006746,0,81.30241371,1,0.751916669,34625.13179,18.99814547,1
260672.7262,8.463032698,0,45.38901069,0,0.066948127,96182.55759,5.238987711,0
192995.0724,5.290231739,2,84.44843849,0,0.453804598,118026.5181,-4.129209422,1
29465.93407,-0.780261831,0,100,1,0.763507274,111849.8964,28.13233207,1
214112.6841,13.71067222,1,39.16864286,0,-0.44730084,50660.8945,-3.253686025,1
110813.3236,7.766733353,1,9.306995533,1,-0.119089116,27660.64979,-10.37460698,0
42836.07727,12.69016683,0,22.24387933,1,-0.034341121,9270.604922,22.9582359,0
230691.5107,8.370416944,0,17.0196833,0,0.173285864,65579.767,-8.3685195,0
2738.386704,10.73787252,1,4.917653983,0,-0.3705624,429.1334189,2.167836407,1
109942.959,24.83232311,0,0,0,0.406480316,2861.517994,-1.339846408,0
38953.6542,-0.439120219,0,78.44447165,0,-0.252869407,109363.4756,5.817541372,0
48878.07733,10.90924201,1,55.97603131,0,-0.28354642,15293.77594,-15.06683796,0
231336.0304,0.438899113,0,49.58393896,0,0.382719293,374144.727,-3.006870642,1
244956.7792,13.86413359,0,11.36405351,1,-0.313572179,39928.53144,-0.296643164,0
51580.95379,4.127556162,0,38.72590697,0,0.253338749,31275.25475,14.13711791,1
45037.13998,15.85297418,0,15.30119421,1,-0.155422021,7399.560665,-1.52391612,0
256075.4503,8.354933444,1,30.86187098,0,0.411565405,86408.44989,-0.316901068,0
22632.53918,7.919377332,1,30.37136818,0,-0.210207793,8104.05997,10.41573413,1
78715.6044,2.334799151,1,42.54505712,0,0.73473259,68996.02253,6.642005594,1
157940.9593,16.11481074,1,33.03794522,1,0.519189451,31029.14841,2.521758052,1
265499.2402,3.899086667,0,100,0,0.240194876,208185.3756,4.284060926,0
292864.8479,18.78973777,0,55.7056146,1,0.305001324,57113.55159,0.089833895,1
253253.9571,4.846285321,0,66.56546232,0,0.424619845,156375.3551,8.032330562,1
75852.54662,20.12762146,0,54.93609366,0,0.613532122,13813.54972,-1.602234711,0
257477.9188,23.8170981,2,15.95620898,0,0.265509416,28835.6885,-2.805938784,1
97368.7412,5.558041127,1,52.32077551,0,0.540460347,51641.62036,-19.07565656,0
101685.6496,15.96149967,0,40.0407621,0,0.359925726,21279.56262,-3.760182381,0
167609.7466,1.295703946,0,50.32311883,1,0.771785965,201279.9878,-0.743089986,0
136783.4914,15.17401274,0,82.69208386,1,1.161126389,35404.00434,6.697313968,0
206136.4033,8.494527185,0,7.721896622,1,0.109082289,44667.18327,2.286372354,0
115516.2023,12.62165807,0,46.81908673,1,0.61017385,30831.23265,-12.29502143,0
151287.3557,3.53792025,1,66.32929908,1,0.943358076,115271.7685,2.726486361,0
12865.08955,8.23202192,2,91.61321974,1,0.599614483,5861.71134,14.01610156,1
117456.3781,6.864876583,1,87.01973231,0,1.232412837,59432.11049,3.620557738,0
189973.9653,1.501093791,0,61.99926376,0,0.895708304,225635.1315,7.982282697,0
141679.5701,16.81631187,0,58.39650291,0,0.452817258,30780.61229,9.705452071,0
189595.841,16.9858712,1,56.80043187,0,0.144378006,40697.46301,1.734872584,1
137926.9147,4.2653395,1,44.24702379,1,0.60216865,84348.20263,7.238352816,0
353106.6285,11.33981694,1,21.36023847,0,0.084412956,83501.38047,-1.439318769,0
12403.85809,7.817476739,2,19.54817556,1,-0.094897506,3933.159592,16.57080914,1
321177.1156,4.786075017,1,3.232211366,1,-0.40254087,78265.89587,0.140424467,0
24374.20235,5.368476482,1,100,0,0.738073777,15228.80331,-7.351215476,0
4742.675308,14.14925663,0,26.07778972,0,0.140041389,928.05083,-16.62503614,1
92753.82141,10.50314663,1,59.58743267,0,0.11431251,30491.71003,-6.234203072,1
213335.4325,16.16194017,0,85.22021282,0,0.68277845,52465.18638,-2.658699529,1
297759.5812,0.98948282,0,11.32846601,0,-0.384610292,257893.131,9.795576158,0
50877.02186,13.7548662,1,44.51104644,0,0.421350177,12492.93124,4.163888972,0
217606.618,11.48092502,0,35.13817616,0,0.843982739,58307.07568,1.144837103,0
112350.3637,13.74623322,0,100,0,0.845814481,33045.52786,0.033735478,1
291306.2978,9.416828429,0,53.66000734,0,0.0938187,102600.2648,12.79816969,0
212431.8143,0.518609345,0,0.125033339,0,-0.081822419,63429.86989,5.078633072,0
21178.71338,18.58192908,0,40.3821034,1,0.017567229,3912.440413,6.207571849,0
290987.904,13.15708869,0,0,0,-0.232777596,13170.58591,-5.986661807,0
224943.2794,5.231041988,0,79.17776426,1,1.030955834,136704.0279,-3.706747007,1
214997.3973,11.7784367,0,99.06102197,1,0.887563007,72076.70938,26.47747183,1
271495.1318,10.25675422,2,60.95925329,1,0.271273739,91768.80305,22.24905471,1
54723.93359,23.37706704,0,97.42632285,0,0.439123981,9891.096997,-1.933981389,0
209646.3383,17.02121926,0,53.79829289,0,0.083480601,44183.84473,17.93957181,1
30420.26034,3.611347509,1,65.37251396,0,0.477326564,22901.72604,1.824081785,0
64999.04809,21.25623187,2,37.47292771,0,0.65366583,10307.73698,1.053429782,0
155674.783,15.3134713,1,24.7471423,1,-0.310993349,29481.53114,21.10450887,1
102468.0989,8.976637446,0,68.749128,0,0.800328834,39682.61173,-12.80990755,0
111890.8509,16.73176383,1,96.49029194,1,1.1267854,27499.44616,9.904421463,1
184269.4781,0.82209345,1,28.83212321,1,0.662990668,223892.7454,-5.730318306,0
155305.7068,16.35831053,1,48.77210492,0,0.849283879,33115.33437,-3.94895863,0
134421.8663,12.75748719,1,81.2093954,1,1.582078365,40214.51512,14.581689,0
328358.1585,5.940788858,2,55.76034207,0,0.041170439,167888.0286,8.246653754,0
158345.2923,18.69695472,2,69.78661962,0,0.995613758,32776.77541,-2.373928059,1
214212.974,12.32245715,1,60.23054332,0,0.510377365,61782.79583,21.60193738,0
104764.47,8.707547193,0,64.63968241,1,0.31909008,41088.46016,-12.85149347,0
241784.4092,16.00374576,1,100,0,0.874680255,61937.83969,5.296176986,1
143077.9258,17.95420449,1,27.59001977,1,0.571338332,24393.52023,11.04137773,0
197300.7471,15.86494279,0,28.85495795,0,0.368058146,37837.10874,2.634825106,1
281600.2252,8.902423027,2,12.59128077,0,-0.457798064,69168.36056,14.76067597,1
128280.5992,6.831955984,0,100,0,0.524129652,67235.86293,-30.49497626,1
58589.33586,14.75902546,0,47.35459929,0,0.492032899,13580.56542,-7.7405043,1
284714.2137,5.165195262,2,49.09835307,0,0.032769188,156164.6529,6.058091839,1
94065.26235,6.478353357,0,91.67273076,0,0.84749125,50400.83734,17.03076787,1
251588.0348,4.13877164,0,100,1,0.730482144,189426.1007,4.181797512,1
41905.76302,8.806634166,0,10.1504896,0,0.00697724,9679.548824,-1.924031386,0
70004.97736,9.908148959,0,36.58878703,1,0.158900091,21500.24119,13.30344957,0
187684.96,3.728869056,0,66.23200376,0,0.592462025,138325.7407,-12.09564218,1
313141.0823,12.27076583,0,75.31115166,0,0.185114994,95382.03389,0.224455736,1
238274.0426,8.591614979,0,97.86662408,0,0.817408904,103694.1628,-1.051347875,0
-15346.35161,9.834451933,2,13.38526001,0,-0.260153336,-3419.331428,0.179755974,1
182527.6401,-1.779364818,2,42.35738626,1,0.405481568,3137213.112,14.20651933,1
94536.93291,19.01107213,0,83.80962153,1,0.361243608,19984.27792,30.72391214,1
73289.88274,6.08954911,1,0,1,0.154306725,6236.601344,4.204818923,1
132840.0256,10.40166885,0,77.44196109,1,0.61211728,46860.4246,-13.54894022,0
15003.47521,2.30676375,0,62.618632,1,0.30952927,14515.25682,-0.797974312,0
192829.3515,8.058500929,0,63.21507607,1,0.520054632,80226.97323,22.74388527,0
240160.5773,13.36836498,2,50.80269172,1,0.685753295,61970.40193,12.0447457,0
49422.15605,2.110800504,2,50.52139946,0,0.639564427,47541.40948,-8.823497356,1
47804.08768,8.668927036,0,89.63360366,0,0.545611333,20195.78295,7.545487248,1
162722.3076,4.272830949,0,0,1,-0.110172984,18010.66882,-6.386673525,1
233983.2629,18.30869543,0,89.64056115,0,0.362951063,52031.36507,0.350568636,0
200424.9548,11.35514385,1,0,1,0.288489628,10427.37187,-7.947281738,1
163667.5923,4.894439572,1,9.119383966,0,0.071137991,57160.52692,-1.968260602,1
34973.08829,9.985298972,0,73.94497573,1,0.26781376,12692.94521,8.297597829,0
245995.9341,5.171537389,1,96.12788776,0,0.4891445,157309.8579,1.266197167,0
-75401.67177,11.65298914,0,8.746410177,0,-0.474713562,-13211.41341,3.746479926,0
115490.0305,15.0209091,2,4.291583274,0,0.361602365,12451.65189,9.763433908,1
142714.8771,-4.356217618,1,37.7986331,1,0.348678883,-222950.9124,-1.949479337,1
11337.37579,15.29458835,0,44.23669224,0,-0.508629473,2612.108013,16.85816986,0
78650.45033,17.08998272,1,97.73465527,1,0.650443951,18869.35386,12.4523846,1
211673.3424,1.22651187,1,98.13786303,1,0.432318358,302352.0333,-2.491447102,1
234950.9304,15.95212436,0,76.90875846,0,0.724564037,57181.60177,-22.22315913,1
202180.0844,23.18786903,0,73.27779375,1,0.795408238,34646.57837,9.312068269,1
255192.2991,16.45714752,2,0,0,0.452476392,9561.068234,-1.149174717,0
300994.681,12.82614165,0,32.88098603,1,-0.399813776,72114.71678,11.46224572,0
257937.3014,10.34015024,0,0,0,0.431162442,14575.08304,0.483595795,1
192791.0913,2.997846514,0,0,0,0.155800424,26753.23858,39.38502977,1
86102.77587,9.603988441,1,18.39727916,0,-0.27052825,22401.25852,-9.509599035,1
139080.8228,9.635342686,1,52.06389849,1,1.060333744,47792.59326,20.89648396,0
114236.0004,-0.786044305,2,0,1,-0.037337751,65194.80379,-9.122800738,1
240459.3367,10.83536115,1,57.99822328,0,0.032417631,76727.62701,11.60127914,0
-7219.563876,10.62587016,0,0,0,0.311874923,-361.2364912,14.23121431,0
118562.5229,20.02606825,1,90.01774458,1,0.507553261,24351.82368,10.51893322,1
218392.2413,17.52947131,1,93.25363949,0,1.109544188,50994.38134,-3.105191742,1
209093.2394,10.68487094,0,60.33744438,0,0.465992176,68064.50047,-1.565820682,0
95072.65021,16.87211655,0,30.37812236,0,0.142461753,17597.02425,-7.430055799,1
98470.68205,9.189042512,0,31.3723328,0,-0.129126311,30825.91924,16.10615368,0
144766.7064,15.22004822,1,95.50095367,1,0.634702115,38538.6781,11.69795117,1
251462.3856,11.08528479,2,51.63697552,1,0.351089979,76544.26282,18.24011488,1
36502.77382,2.197537379,1,67.94551921,0,-0.249211543,36884.21549,6.171288062,0
123637.4179,17.44265887,2,15.62639872,1,0.354374574,18376.52568,21.22779233,1
223369.1406,6.464638562,0,70.19103307,1,0.395811323,113062.0643,3.857901715,1
210166.1005,20.60491202,2,52.03237937,0,0.329794741,37018.94408,16.75236656,1
137831.2802,1.209512436,1,64.02030884,0,0.803329389,180000.2715,14.11351065,0
238679.0914,11.67644154,0,100,1,0.623922466,80704.48985,8.443220647,0
72807.17193,1.375815158,2,62.51190835,0,0.785146802,89813.73669,-10.98407442,1
201150.7999,6.353781616,0,0,0,-0.615106572,16719.77941,13.68594803,1
108087.1972,2.206244656,2,100,1,1.122504137,118913.891,14.70709247,0
199206.12,3.16925836,2,0,1,0.007226682,26724.48641,3.602468395,0
234234.9442,18.30801197,1,79.54251094,1,0.372819049,50733.99588,19.96507206,1
212843.8211,7.598521979,1,46.60681891,0,0.680158691,86227.43951,17.04835635,1
219003.9326,10.99184151,0,37.66873782,1,0.482790469,62152.61976,3.917706054,0
119275.4661,15.05318024,1,17.2521354,1,0.228841267,20631.93481,20.58982808,0
60425.17428,4.1571776,0,64.65704557,1,0.291422808,41220.82808,8.761991853,0
124863.6896,13.91895324,1,100,1,0.736914119,36150.63899,19.96884669,1
177704.8117,0.804698384,1,28.60853952,1,-0.04366069,216837.9964,0.176327036,0
60766.34888,22.16884606,2,84.14518886,1,0.890208165,11309.75201,16.05157832,1
302176.9393,12.01365586,0,88.36993003,0,0.353655286,97149.16256,10.84676486,0
-32945.70511,11.85898935,1,47.04015844,1,0.018407401,-9336.446183,-9.341327446,1
210284.1796,9.900103992,2,18.20079462,0,0.02875001,53242.69005,13.29736183,1
160047.0899,15.32859085,1,100,1,1.609727617,42878.74223,17.71038449,1
20351.50379,10.22594027,0,100,1,-0.006221336,7664.256691,26.61022908,0
25055.95385,18.63741497,0,68.2357514,0,0.055766312,5197.831096,10.06097882,1
295598.0974,7.868224601,0,19.559293,0,0.579982522,92049.93392,1.768537951,0
299830.2952,13.26236065,1,6.519416356,1,-0.006412961,42149.58472,-6.523330467,0
20762.46404,17.52573558,1,18.9472588,0,0.560490061,3238.539194,-1.619440136,1
68813.22388,12.20512807,2,22.08837604,0,0.253860861,15556.92979,4.717965824,0
85001.26896,19.28962839,0,3.696185202,0,-0.126664371,6821.11302,14.92024695,1
268781.7778,10.9609981,0,100,0,0.379618765,95787.27338,8.007672066,0
132210.265,10.39029195,1,79.63120959,1,0.556771726,46972.42205,4.196694885,0
81257.00575,16.24839196,1,65.45779475,0,0.683260656,18892.59238,8.059020476,0
254090.0226,5.288433374,2,100,0,0.932080544,161328.9954,0.01164865,0
33560.30582,10.1880641,1,74.76356028,1,0.386422916,11832.90187,5.380291096,0
208718.9341,5.48653084,0,79.94645743,1,0.780307906,123065.3344,15.22696867,1
82105.24847,12.74215588,1,71.34936409,0,0.210409542,23966.30598,2.125497241,1
222253.3186,2.296247564,2,100,0,1.123049225,239166.7433,-8.61193935,1
132036.6555,12.95293911,0,86.68182709,1,1.091747812,39596.32668,17.57962783,1
203058.7449,13.42212693,0,41.87118829,0,0.458654296,49864.11418,1.520016628,0
137553.719,19.08819625,0,0,1,-0.090411826,4621.446379,-3.663538962,0
52037.15001,13.60522148,0,33.35217654,1,0.178999317,11883.76632,20.69983811,0
60411.43079,7.866435334,1,67.14248671,0,0.108423901,25979.5152,13.44595854,0
49610.50661,6.105608262,0,89.83910545,1,-0.014657823,27654.98439,10.69432582,1
123614.0281,5.042762829,0,48.10811612,0,0.364438212,68696.16887,-17.11939007,1
174895.1714,15.74829441,0,24.99892288,0,-0.011974851,32535.41231,11.105241,0
20942.60105,10.84894723,1,12.82578945,1,-0.125626102,4510.089082,2.0408741,0
85188.8925,8.740218682,0,35.11415651,0,0.117857702,28574.39019,-1.578711195,0
60154.49525,18.27390351,1,56.56853917,1,0.296723275,12058.01961,8.768734723,1
47234.11887,19.00914541,0,36.71003794,1,0.123911995,8171.723058,-6.897234275,0
88422.47748,6.210265426,0,0,0,-0.915946009,7384.379072,4.525061606,0
69086.8616,10.31338291,0,87.81418321,1,0.663927262,25150.82269,0.944219785,1
85848.6235,11.17309167,0,46.8521745,0,0.394051546,25345.17598,4.006868268,0
105543.5326,5.172501723,0,34.8771106,0,0.591815219,52999.98288,-9.360732156,0
72595.82366,-3.319622223,0,67.25190197,1,0.38231032,-233218.1134,3.657296506,0
40525.33026,3.854254444,2,44.00928911,0,0.498837381,26490.33166,7.577616726,1
189716.3147,2.917469792,1,33.57218384,1,0.272090997,137712.8223,8.73779618,0
215079.5547,19.23297061,0,20.68159329,1,0.275017469,31660.49233,10.7647437,0
153003.5486,17.58185962,0,86.24183974,0,0.586561585,34966.94049,6.97220785,0
125154.1095,8.303683184,2,56.83073519,0,0.880414533,49397.517,19.08650516,0
81890.83044,3.564085643,1,87.61902045,0,1.029969148,66350.70462,1.880430459,0
291261.5584,5.04424545,0,10.32970397,1,0.588441214,103694.6313,15.28377706,0
122481.7267,11.28320454,1,22.18829714,0,0.04600262,29444.75361,0.134999119,0
202405.4078,4.49559173,1,31.55896139,0,0.442628744,109503.7366,9.898903114,1
84536.06916,5.016111137,1,64.94267871,0,0.053968398,50612.61745,13.4753073,0
130461.9016,7.591805513,0,24.77051977,0,-0.327188264,44639.25433,11.19797567,1
146742.9104,20.5949274,0,22.2690234,1,0.390532281,20850.55984,-9.869090104,0
82302.86748,7.118175245,0,96.57521885,1,0.674245862,41607.76857,-21.62235408,1
141206.371,8.907882895,2,40.62197208,0,0.015585878,48552.31999,11.5200254,0
145120.267,21.48403122,1,57.53770874,0,0.625006463,25218.26799,4.660242125,1
183560.2783,16.10461538,0,100,1,1.245235429,46982.2816,12.80416089,1
192951.9564,9.361818964,2,100,0,0.955275467,78523.866,7.036118924,1
18545.97106,7.793347725,2,29.84916296,1,0.423584594,6600.902107,7.6543594,1
68041.63819,16.18806034,2,96.38044692,0,0.408118697,17211.52576,13.77271712,0
34202.59208,-1.304451271,2,78.09291892,0,0.586743904,215539.8219,5.673680794,1
82335.55398,4.895954982,2,62.3730293,1,0.342331854,49738.36562,11.27498088,1
214744.6963,6.912191499,0,72.79664616,0,0.979299222,103996.6589,0.289378712,0
41815.38886,-1.332599372,1,100,0,0.024716839,289686.4444,7.323335462,0
51734.6778,15.48482644,1,3.333706106,0,0.085708345,4898.844586,-2.006725953,1
-101545.8424,1.13732567,0,0,1,0.068585966,-22417.03885,-11.11717526,0
216153.8363,14.90878279,0,38.03931975,1,0.459061825,47133.0979,-5.103752536,0
67699.01951,3.434393638,2,2.355178924,0,-0.090671956,18551.7428,-1.379234509,0
118621.8641,22.96646016,0,100,1,1.056459912,21985.00285,24.84444319,1
53141.38321,13.93374106,2,49.79861313,0,0.192869568,13025.98512,8.79327944,0
262995.935,4.65548661,0,72.55517859,0,0.197256833,170148.2064,-6.790199297,0
73863.15667,3.372125423,0,47.70398157,1,0.745407631,53771.75991,8.929834725,1
82219.23487,11.69066747,0,13.23314732,1,0.120361058,16367.10929,-6.805167016,0
115669.6572,0.830958073,0,89.88177889,0,0.368699329,184817.7434,-1.85833962,0
-8634.286567,19.06103213,1,71.33599272,0,-0.263426053,-1812.340861,0.261679162,1
281202.3156,15.55938311,1,12.87212252,0,0.477104975,43220.93845,-9.288253278,1
144747.8685,6.325728324,0,57.37978088,1,0.296858248,71024.36613,18.50724963,0
124955.5924,15.08476274,0,75.5099462,1,0.878725432,31805.86507,4.923379641,0
134068.7715,13.18325988,0,45.58012623,1,0.235424478,34086.25576,6.366960705,1
154530.7915,0.902089683,0,40.45835179,1,-0.027009295,199659.848,13.32882829,0
281238.2505,19.2438762,1,20.53709561,1,0.210532012,41173.55362,12.43641953,1
203729.0139,10.7245552,0,69.81967644,1,0.525019163,68475.11628,9.127842097,0
122466.2392,10.66334429,0,41.76192003,0,0.869409302,36690.42015,-2.38044825,1
214708.0996,15.29790858,0,50.16548829,0,0.758297255,49216.16256,7.281913518,1
132149.8624,5.910010461,0,85.94309146,0,1.212439786,74646.07018,-0.072183874,0
184301.2082,10.60474034,0,89.78612927,0,1.184625832,66042.47685,1.441844491,1
-44560.58544,11.29657834,0,25.83066699,1,0.095522314,-11123.58293,16.21118127,0
167030.3932,13.52248571,2,16.21227953,1,-0.248420465,31330.3645,23.07628531,0
255782.4719,11.21909222,2,10.11199101,0,-0.014451872,48278.16985,9.386190585,0
303467.4847,3.056269138,1,94.93633342,1,0.3025728,274628.2717,12.53785597,1
308230.8901,13.66977098,0,37.01418777,0,-0.065191084,72017.38024,6.558194361,1
169579.7156,9.279391024,0,73.94472155,0,0.724678231,65125.74402,-2.516561216,0
134652.6032,2.276229908,1,62.90393798,1,0.830669639,131427.545,6.949592929,1
308159.7537,11.26323796,1,38.12126678,0,0.339674288,85883.29244,2.729222467,0
106354.1252,15.72101956,2,26.558257,0,-0.04463705,20189.65882,-2.254667976,0
224882.0203,7.298007288,0,53.85231175,0,0.620421524,97348.66633,23.62384,0
238647.0193,10.59071408,0,28.21425733,1,0.362862636,64669.83874,1.314713394,0
171334.1631,11.72937847,1,0,1,-0.296660572,8553.280609,8.101130774,1
92310.36763,9.483873919,1,21.42443398,0,0.048910179,25337.18488,2.910281727,0
283814.8805,23.7248461,1,100,0,0.34371403,50945.61166,11.75034614,0
316252.5972,5.276402802,1,54.43426549,1,0.405590422,175236.4141,5.834391125,1
247366.5341,18.4245964,2,0,0,-0.124425663,8380.950075,10.75287569,1
346327.7495,24.02058053,1,37.62260556,1,0.006346816,48791.42612,2.532617798,1
196504.7254,21.63006243,2,58.23628366,0,0.888316552,34069.74115,21.44362716,1
109704.3891,12.79937051,2,45.31886978,1,0.959679901,28527.77047,20.50276816,1
62593.83087,11.9402257,1,46.09013565,1,0.338071076,17306.24379,-3.919217413,1
133603.7477,17.92709678,0,19.16696955,0,-0.449487402,20473.15258,0.141378103,1
199985.29,7.358969693,0,48.25769095,1,0.715860057,83672.03549,-6.958004862,0
24282.38395,9.937547246,1,29.22338741,0,0.133587201,7027.061925,-4.842571894,1
327874.1602,13.86727086,0,86.38725894,1,-0.371582862,92556.50566,18.50432293,1
134888.2045,21.10040473,2,84.50894998,1,1.037685209,26030.29344,-6.480550113,1
117503.1648,16.21899576,0,98.56206525,0,1.469033599,29933.82593,10.45259341,0
8532.595526,7.255852206,0,63.64821298,1,0.116939348,3907.194478,11.76594528,0
111979.6779,11.68926747,1,100,0,0.413468348,37765.08849,2.61776729,0
228343.3894,13.73907424,0,25.98277135,0,0.629823666,48434.03854,8.778924652,0
163506.5958,7.128694944,0,40.69528499,1,0.412905993,67364.39647,33.40731392,1
235285.168,8.01966622,0,42.52751676,0,0.515483095,89189.36257,-13.29228906,0
363718.4862,16.08040711,1,73.98882071,0,-0.33325214,87054.63392,20.94516836,1
208568.7279,13.17975373,0,36.01514603,0,0.450307125,50068.28684,9.664072673,1
20416.72596,10.63745854,2,7.921415691,0,0.215765727,3661.061341,-0.524841308,1
276354.0668,0.973795072,0,12.53989686,0,0.288370911,248871.4098,5.247883971,0
213215.1737,13.14561152,2,100,0,0.890532925,65089.64471,-3.869873971,1
292118.9922,3.95428586,0,65.01617133,1,-0.086032907,206272.9188,3.137148408,0
172535.086,9.91791165,0,62.13517609,1,0.67204948,60280.43812,-13.16778667,0
36592.58077,10.23615715,0,30.20613234,1,0.344642929,10496.40653,-7.989759357,0
182278.9066,12.4259883,0,100,0,0.742335644,58628.08712,3.816982815,0
153521.1737,16.41746079,1,75.50257928,1,0.422553257,36264.75414,17.44329367,1
-65561.14434,10.78590135,0,76.78078784,1,-0.068181152,-22423.36011,13.35398151,0
216619.9051,2.94000624,0,100,0,1.335397143,202739.9954,6.361797256,1
274163.8237,8.211746744,1,0,1,0.01151159,18490.98729,4.050138535,0
272261.3018,10.65377199,0,70.63690147,1,0.467737043,92126.68502,15.18812845,1
132735.1117,9.955118819,0,100,0,1.083247615,51368.92909,10.7309708,0
229856.5699,12.86475473,1,32.57617158,1,-0.410748264,54873.01232,11.75834751,0
207435.4532,1.375705065,2,60.32132295,0,0.590355098,253855.772,-1.997948551,1
218457.719,1.675250399,0,76.98853077,0,1.069154836,259775.3138,-1.453826883,0
1634.547406,1.009279119,0,84.65678986,0,-0.338475568,2354.644088,-8.362489053,0
235160.7885,10.20141066,2,30.66513863,1,-0.161923749,67133.25214,20.43948075,1
245232.8961,18.43569137,0,99.89107481,0,0.416171761,55402.32904,-16.0545137,0
164039.4295,8.941945303,2,53.98506616,0,0.396303036,60449.8066,4.387030877,1
24205.8414,3.13779876,0,48.05633575,1,0.315334546,18564.63073,12.62362253,0
194176.9253,4.915655576,2,11.00492852,1,0.498755313,71970.64583,-2.449163495,0
172442.0563,16.87564008,0,67.7719985,1,1.058892685,38718.41271,-5.747624208,0
246771.2456,5.132822342,2,0,0,0.196184181,24030.32631,-18.26523747,1
125557.7032,11.96725296,0,97.56131127,1,0.450217162,41496.59506,7.034040217,1
275924.8587,1.7710076,1,1.994692568,0,-0.471112008,101467.2067,-10.10430545,0
237410.0932,4.195339922,0,35.85417013,0,0.469201165,139216.8936,8.76750187,0
253246.7983,10.33079056,0,83.47896369,0,0.001528606,91342.81733,-15.51562394,0
150528.4598,16.57100902,1,35.1934283,1,0.517785818,29212.2585,15.28989871,1
81660.64546,5.112383311,1,35.14977463,1,0.339429872,41473.33659,-4.830611602,1
248201.4089,9.903921233,2,4.840817137,1,-0.109374519,40101.09676,-6.636749763,1
6192.662359,17.80760649,0,79.0041141,0,-0.715021343,1265.917083,-12.03497916,0
303002.2109,12.31019767,2,57.54790397,0,0.124607919,86489.35717,17.77051342,1
86811.57006,3.20362149,0,86.32418302,0,0.812307697,74774.14762,-12.02826127,0
149291.6823,7.73425098,2,67.9677879,1,0.510785695,65029.41235,25.22558883,1
305754.6345,2.74934416,2,53.22638787,0,-0.282898472,258287.2112,5.342746043,1
159414.6899,11.2510982,0,73.72269214,0,0.825026522,52137.67763,-5.183749632,0
295094.3892,2.646799051,2,97.70988991,1,-0.250523629,292311.8539,2.615949735,1
154691.5181,17.89950581,1,13.44411647,0,0.319460961,21238.47211,23.27509409,1
214185.5149,7.300769461,0,20.00879024,1,0.485092654,71285.94274,-1.410392866,0
166349.0723,19.31548414,1,0,1,-0.588041683,5520.414999,-1.446896564,1
91375.46336,1.370563409,0,55.63069658,1,0.282044246,109930.2495,21.97026168,1
303772.175,19.2634271,1,66.14511563,0,0.053951464,60322.83168,20.67305999,0
137872.1727,11.87626888,0,55.90661487,0,0.542965124,40278.26224,-1.399468366,0
97872.14506,19.00643885,0,54.53061201,0,0.188788669,18766.12094,11.8423495,0
300422.0307,4.562272653,0,75.2090311,0,-0.297886852,199070.0836,-6.125324155,0
84620.07984,9.058029802,1,39.76190129,1,0.15968226,28706.45815,31.78508405,0
238112.5433,9.958524603,2,30.65725398,0,0.404543633,69379.73596,-6.801246476,1
179406.949,15.50091219,2,100,1,1.146321334,47398.2397,8.733527589,1
3039.851125,5.507736214,0,97.13661086,0,0.204334089,1809.324168,13.12738602,1
117950.9761,1.025315556,0,100,1,1.299716105,180283.934,7.107313625,1
779.2905288,8.800315354,1,96.08518618,0,-0.30671443,230.248089,16.6881677,1
275309.1081,12.30039695,1,64.29281211,0,0.130149559,80778.16386,-1.154735263,1
46869.7531,-0.016728519,0,100,0,0.396273598,109198.4304,6.59263609,0
161250.6419,9.618798603,0,99.89438508,1,0.133330659,64129.10782,3.064798753,0
100974.9411,14.27857844,1,14.05603987,0,0.186284877,17214.98121,3.021267568,0
305909.601,20.44100514,0,25.26426461,0,0.011918565,44955.58996,-12.80500438,1
118296.376,5.157220127,1,23.09453439,0,-0.127113269,53202.88047,1.792347143,1
100111.3675,10.51629424,1,36.22402571,0,0.566420317,29052.15862,-5.53527174,0
200042.5384,13.12262705,2,59.71998534,1,0.785357632,54621.94132,35.69841183,0
121130.1035,6.22513401,1,36.82915691,1,0.464696995,54001.94881,5.356820602,0
231899.9468,4.606025814,0,20.18110692,0,-0.364738963,108733.5534,-11.97659371,1
98873.60325,18.47757785,2,3.038232272,0,-0.266523294,8028.828547,15.51552596,0
250741.5921,9.1425504,1,98.39218825,0,0.674198652,103643.8261,-9.055174675,1
122342.8651,11.05978841,0,0,1,-0.161086774,6459.476483,8.769800077,0
98807.82999,16.009491,1,79.18574195,0,0.59192893,24161.84182,-1.577866153,1
249985.6453,4.75692849,0,0.268635475,1,-0.328737665,30354.07851,0.141105935,0
154864.4286,6.932893414,1,87.49628663,1,0.932320224,77887.78584,10.08958071,1
240604.8066,8.973101023,0,28.76246384,1,0.644430733,75215.17219,2.825480174,0
-31821.00199,-1.842287135,1,15.37348358,1,0.049023051,-575933.2949,5.900555553,0
184135.5195,-2.261782053,0,30.80450722,0,0.588212541,-2455238.329,-6.632208577,0
12397.64202,22.74927271,0,50.24201673,1,0.325412714,1969.612511,-3.831965589,1
82364.75085,9.269361043,2,79.26537305,1,0.474056905,32092.91791,15.38062311,0
271445.6321,21.21756214,1,6.002862171,0,-0.030800574,24232.52957,0.628807547,0
281605.192,9.791864899,0,86.64887656,1,0.718332337,107036.0808,-3.481075923,1
216503.1585,16.67603531,0,100,1,1.048338612,53658.86178,16.142726,0
145595.9317,0.93259307,0,36.38757737,1,0.649740292,181100.9467,5.868774042,1
2890.575228,3.588628522,1,0.393382941,0,0.050094699,431.8493832,-8.972434514,0
249441.2782,8.834133956,1,15.2584757,1,-0.025587593,65532.64999,4.501247896,1
-12796.0295,4.310794006,1,15.41748208,0,-0.100749149,-5837.886611,0.630754324,0
200456.8642,0.532536833,1,18.33740277,1,0.579575244,238440.5507,-5.295860701,0
298847.8273,2.803537386,1,73.03506885,1,0.111147692,268627.8564,41.84460531,0
229222.3057,14.0235031,0,44.8201742,1,0.71083337,55022.90396,6.61690199,1
160464.6422,11.11164278,0,67.670211,0,1.097855125,51901.13281,-2.199193976,0
234824.1854,17.08583093,1,76.45071389,1,0.821052872,53620.37223,37.24593134,0
-7362.071007,14.76842183,2,34.4460858,0,0.215757453,-1578.054559,12.25179704,0
269626.4501,10.55797545,1,44.62454952,1,0.701293415,82544.51022,22.01690887,0
70636.40891,1.693175125,1,97.75397208,1,0.380810061,87991.60839,12.13126838,1
35317.9785,6.486496007,1,78.99409479,0,0.149541926,18096.94617,3.189203667,0
263196.2598,15.21018994,2,11.36105974,0,-0.322382134,39535.45064,-0.752971937,1
211337.1851,1.597804251,0,100,1,0.407148199,271759.6241,16.68886092,1
280495.6649,1.779617766,0,42.42320082,0,0.126835061,281624.8365,18.48693707,1
114624.5778,9.937859217,2,66.60150675,1,0.687460339,40651.0437,30.23688325,1
124924.416,4.219595884,2,0,0,0.151608054,13963.30136,-7.997550838,1
203119.5448,9.449145988,0,65.5383054,0,0.37795687,74818.92776,18.59561189,0
68170.78792,14.4795095,0,27.74433207,1,0.050907156,14006.87547,-3.006471787,0
168757.7073,4.874359835,0,44.76229128,1,0.698595817,94403.37916,-2.715767217,0
144193.7745,6.719013025,0,39.50569001,0,-0.046370552,61555.50469,-8.858631558,0
126173.4006,-1.17573103,2,54.54009054,1,0.523362175,617628.2423,5.643485655,0
92893.46784,12.64861055,0,31.07819648,0,0.640713366,22339.64609,-19.32674734,0
258943.3141,0.976593005,2,100,1,0.444845891,402274.9982,12.50389625,1
24563.66496,13.64940208,0,46.67594651,0,-0.012844746,6005.063459,-2.595589478,0
102449.2536,20.25912625,1,64.1098209,0,0.920636985,19275.35323,4.916196307,0
267599.4176,16.8367371,0,38.07335078,0,-0.253186872,52399.18433,-4.959994282,1
293527.1269,18.39715173,1,29.52103964,0,-0.180731554,49678.25665,-11.63075976,0
256064.3643,13.61781323,1,76.78114644,0,0.19170664,71657.92948,1.085988267,0
156004.3865,4.245189223,1,24.3755747,0,0.452006103,81715.3177,14.26442637,0
93937.6734,0.066665367,0,53.55578033,1,-0.048919913,182773.8383,-2.783539548,0
191403.6488,17.73378434,0,0,0,0.370085103,6821.489581,-8.772918845,0
18513.6951,1.109499795,0,0,0,-0.007983417,4065.856714,4.548790043,0
73171.7066,1.547190149,0,21.62610529,1,0.458233132,65226.91437,-7.729850357,0
309667.1757,12.68042709,1,0,0,0.372247521,14663.43607,5.819077511,0
74907.1688,10.26314503,1,45.88392179,0,0.076770986,23565.41758,7.644028747,0
190156.1078,18.52615837,1,37.83264057,0,0.363320248,33970.08079,-1.326030392,1
243865.1593,16.10682928,1,20.8007178,0,0.066047594,42266.39662,-3.484155082,0
280699.7581,21.41129691,0,13.28083059,0,0.023978895,32603.16626,-14.0904822,1
96212.71949,11.90831863,0,15.75613162,0,-0.041615065,19968.37818,-7.910617041,1
194895.0491,4.646441781,0,45.24590462,1,0.754741474,113107.7643,12.4041866,0
324695.3835,5.19781278,1,100,0,-0.160984624,208568.5722,10.66242601,1
125739.9955,8.418043038,1,16.99035222,0,0.061388736,35688.40594,3.538114019,1
123386.4578,19.34981243,0,10.34719674,0,0.434718119,14530.96724,-6.144529263,0
158345.713,9.817609326,0,29.04146853,0,0.541243123,46041.38292,0.733098445,1
134749.506,16.85728943,2,0.714580085,0,0.093231985,7012.953425,0.028290057,0
91546.49795,19.26935489,1,0,1,-0.117716274,2814.450429,6.180635345,0
218216.0796,16.18578482,1,20.06284836,1,0.603670968,37105.06632,15.97093415,0
135577.4565,1.608156092,0,85.21027865,1,0.515425575,168002.2152,4.577395266,1
95521.33715,19.63210376,0,22.33041556,0,0.504028716,13944.83119,-8.030958372,0
233228.843,13.94818029,2,49.7245395,1,0.547845753,57717.59934,9.643838564,1
63406.56817,17.02181939,1,25.15960434,0,-0.230869146,11012.38486,15.00086184,1
40654.68525,12.10458725,0,2.619819399,0,0.032531368,4510.338298,27.91329952,0
104639.945,9.76295992,1,55.53355327,0,0.084489634,36130.03405,9.610409262,0
164306.2538,15.19609861,1,62.70271042,1,0.521020089,39853.09254,11.08515035,1
72347.7447,5.768851744,0,79.7814749,0,0.612197197,41005.41487,-9.73509968,0
166833.1029,18.54243748,0,0,1,-0.304291053,5571.728396,-10.35567827,1
146813.1266,7.116519935,0,28.23314946,1,-0.423489014,54806.17646,9.590027554,0
59230.68911,-0.45501245,0,35.30915189,0,0.158796564,138701.8149,-7.79801777,1
37173.8695,13.97344788,1,79.52320392,1,0.353223682,10153.32805,22.88052683,0
101563.2709,7.136352068,0,68.04298751,0,0.465146333,47226.35478,-6.033120754,0
341664.4777,13.58811477,1,75.81979193,0,-0.210541194,95438.03558,17.91684593,0
-34994.94242,-0.189035435,2,28.84004246,0,-0.152762597,-66280.11566,-3.223713807,1
92701.8707,8.350261127,0,78.29464572,1,0.320927032,39289.19357,20.18283281,0
182458.1888,8.189304483,0,53.27734574,0,1.099843552,71811.98788,6.730179276,0
298148.53,8.37081877,1,36.48774085,1,0.15326655,105010.1982,17.40307973,0
287083.2393,15.04102773,1,99.30897078,1,0.137866876,77818.80603,13.1583298,1
348914.6551,5.811224403,1,0,1,-0.247435197,30923.03238,-4.231580582,0
271041.1024,8.684962308,0,26.01045909,0,-0.010560034,84442.83036,10.09505008,0
231409.8272,-2.834787888,0,50.21818175,0,0.26023732,-1096483.318,17.93141286,1
250403.0033,5.139583772,1,82.29212192,0,0.501280406,155612.8419,-7.756657488,0
285905.2208,16.14876537,2,10.01874631,1,0.371793758,39217.53769,15.95783653,1
190423.3126,5.669433606,0,80.78865927,1,0.522019739,109712.1378,13.70579144,0
272031.1018,16.78769238,2,68.20768316,1,0.332239145,61615.70937,18.11137797,1
271477.6316,10.82915434,0,96.82800559,0,0.640734898,97297.75172,14.3112797,1
6848.25747,17.98940138,2,28.10974167,0,-0.182919003,1235.451072,0.727270779,0
50342.58479,20.5681339,1,100,1,0.278550454,10328.82148,25.51886336,1
87144.27136,3.642899337,0,38.17930543,0,-0.160561115,57004.50941,-2.773571343,0
288279.3415,10.49540197,1,0,0,0.504363282,16061.5614,-20.12497266,1
388184.9628,4.686717179,0,70.38134279,1,-0.322328766,248387.0536,-6.185160809,0
118997.9687,6.329298444,0,10.77171116,0,-0.071113784,36492.87313,0.356899617,1
277410.8384,6.944572801,0,57.41010039,0,0.022150972,126732.5366,12.20082277,0
208821.7383,12.6665674,0,28.1484921,0,-0.064776747,48627.43984,10.81319672,0
136210.7014,7.615353219,0,80.49168953,0,0.834582965,62420.52628,1.053711592,0
225966.9502,12.43694737,1,1.780921744,1,-0.088897136,20909.60499,-6.591843107,0
30802.32157,7.123323673,1,62.37913341,0,-0.086097314,14114.31868,-9.40702991,0
61214.49637,13.70362034,0,42.87662521,1,0.014858109,14779.50326,10.75334975,1
326734.3204,14.53755355,2,100,0,0.092295897,91365.20397,7.202890628,0
236276.6272,8.973560311,1,10.20769078,0,-0.042727031,53856.60175,12.70520004,0
357200.4119,19.59499679,2,66.43309151,0,-0.645604957,69870.21949,5.532514758,0
371663.5946,8.369799546,1,67.21299402,0,-0.346148264,151757.0257,-4.826494609,0
239564.6052,7.640683599,0,96.07102122,1,0.446130021,114045.3554,7.019547947,0
-15050.69558,10.3900504,0,14.8217918,1,0.171598043,-3504.524359,3.719059672,0
-6848.022771,4.6346945,1,49.18470096,0,0.418427089,-4145.958862,-18.17454825,1
289909.9337,6.902622239,0,100,0,-0.341110654,150706.1158,4.72930746,0
146426.5276,12.11491794,0,83.36237434,1,0.616815637,46019.46669,10.55731008,1
279472.6677,21.61976226,0,1.654252156,0,0.0471786,15308.97673,9.470316543,1
101732.436,7.141090728,0,82.91361136,0,0.682414112,49352.00917,7.800036624,0
129947.2412,6.356056013,0,0,0,0.37555534,10910.25387,10.83293149,1
195495.2672,18.82919804,0,100,1,0.921324503,43499.8109,26.80698312,0
215969.1486,11.62007259,0,53.03935451,0,0.50235616,63488.61239,1.395592947,0
120349.518,3.702540384,1,87.72248232,0,0.947962767,94821.49359,-20.14228994,0
256167.1902,7.785683316,1,30.3310248,1,-0.038051817,91055.9592,16.9100601,0
70566.87519,19.22189912,0,30.61158463,1,0.353088392,11621.85445,17.52417479,1
166014.2566,4.223430044,0,59.72286896,0,0.716519096,109946.3046,-2.274112131,0
171140.3877,13.44866562,0,19.69107349,0,0.22592576,34050.1966,-20.16547574,0
309503.9807,2.824295165,0,4.445189822,0,-0.573260465,119524,10.39854399,0
106015.917,5.951770612,0,8.423257762,0,-0.154813495,31323.74917,-0.193451042,0
61231.4027,10.28971833,0,11.25215323,0,0.120390492,13000.7885,-13.34595327,0
277119.0177,17.01522745,1,60.9363787,0,0.192047486,60511.1978,1.450330539,0
27018.07623,7.854640136,1,18.13316569,1,0.273093568,8172.719179,7.011800526,0
173251.5914,11.89053878,0,54.96020887,1,0.769523229,50423.42598,4.73556385,1
175666.8281,-0.725689064,0,15.30733874,0,0.253814081,393142.6954,-5.055071496,0
92375.66397,14.17225359,1,97.59677668,1,1.005835648,26211.93735,23.16315663,1
35318.36317,12.88334523,2,6.721371251,0,0.173276547,5084.848235,20.6901305,1
226648.3838,19.89911018,1,87.55677378,0,0.514207471,46584.16253,23.78015581,1
163569.0951,7.207809644,1,17.64160798,1,0.174296906,52857.98895,-3.152330137,0
211446.9768,12.68763779,0,0,1,-0.329657104,9860.690768,13.00780807,1
70926.41369,22.30322414,0,41.62105531,0,0.719085983,10952.36445,1.908978773,0
205929.6876,15.31000052,2,100,0,0.506697301,55100.55138,11.58349925,0
288482.2693,-0.093581497,0,80.89251217,0,-0.419800868,668489.7933,12.14408687,0
199920.2262,3.540905102,2,65.81185708,0,1.234843217,152018.2199,3.264507487,1
106674.8627,2.700203842,1,11.12815703,1,0.069585735,58387.49458,3.153898937,0
110035.8009,-0.595028929,1,56.04774242,0,0.768018963,318219.7243,-6.163940231,0
95489.66224,9.447960281,0,0,0,0.219881771,5776.116334,-11.6662867,0
167717.0804,2.728018451,1,87.10631623,0,1.179759,159248.3534,-4.672538879,0
96498.05731,4.518817242,0,60.14911664,0,0.671788512,61130.19067,1.710999373,0
-21030.37727,5.784154338,0,33.90694022,1,0.108431919,-9658.156357,5.320049058,0
266342.2109,5.487149555,0,37.91067182,1,-0.527553801,131114.6188,2.350987152,1
305169.4646,7.313764233,2,52.37543829,0,-0.242064816,131035.0252,1.911217683,1
111779.0899,1.090439196,1,0,0,-0.788354098,25032.98634,11.55767832,1
272970.2321,5.486023113,0,33.73631308,0,-0.110915516,130480.8126,1.756343447,0
228944.4166,3.347118311,0,0,0,-0.15991467,29823.87032,-9.933811326,0
282701.0426,18.75486792,1,49.81749314,0,0.119171249,53802.02543,4.909697121,0
151491.0219,-0.966211955,1,48.95755875,0,0.204491402,575962.8604,7.143923897,0
265787.5281,4.477531348,1,23.02968509,0,0.001376619,132141.3916,11.68046284,0
309916.2858,9.912842627,1,68.18744761,0,-0.126444426,110550.3879,8.78986297,1
254013.5529,18.60337038,0,0,1,0.103624287,8617.476239,8.4853346,0
-55750.58198,-4.145855652,1,85.01391314,0,-0.222046588,116047.6331,7.096732785,0
174153.5507,3.421783169,0,33.8457659,1,0.397798577,114959.0759,-14.25109363,0
171869.476,14.09964969,2,45.01565556,0,0.634335426,41024.57881,5.907074906,1
121888.695,10.62555004,1,41.40393745,1,0.445917466,36252.50432,8.791690235,0
27699.35938,8.918184386,0,100,0,0.629565882,11668.60124,20.39363355,1
330310.3163,12.69856081,0,63.5093102,1,0.45711523,94035.51994,15.5630444,0
151576.2674,12.62802108,1,86.83869918,0,0.133194827,46587.29595,0.64412111,1
184834.8347,13.81118691,0,87.32327504,1,1.179774737,52490.32091,1.617649735,1
271689.2117,15.82722789,0,11.10958715,1,-0.341103407,39142.51063,-0.107316976,0
222516.5439,1.311590626,1,72.04683432,0,0.627382285,289261.8221,-6.938690468,0
289022.0993,19.5050939,0,36.92764099,0,0.170257705,49267.3062,21.79843568,0
255153.2482,7.202469491,1,51.28333582,1,0.46787697,110292.7265,9.692295083,1
100955.5628,15.22399138,0,42.53892511,1,0.34485196,22267.31709,14.77048813,0
338097.2135,2.783578381,1,45.93491602,1,-0.110375839,273681.2685,13.5992981,1
164954.565,14.24111918,0,55.13948482,1,0.652704935,41189.99247,13.99894017,0
103386.5284,7.933591268,0,30.15491216,1,0.155273335,36023.0201,-3.315111534,0
70303.37715,15.82987165,2,20.78617104,0,-0.435446689,12209.0607,21.33009014,1
219123.436,6.142490745,1,70.8601906,0,0.576009326,115318.9954,1.59519851,0
265441.4693,8.162835237,0,100,0,0.243485452,120892.3947,15.00401155,1
188382.7688,2.536520875,0,6.175417223,1,-0.19153191,87114.48733,6.741724688,0
201636.156,18.61255138,1,62.78091973,0,0.287044146,40838.28097,21.85402788,1
199638.2704,6.243852626,1,57.53521415,0,-0.067347223,98949.27542,8.501947261,1
318853.7314,8.860617274,2,100,0,-0.166828857,135683.66,4.097244194,1
175775.1339,9.600335094,2,81.18170794,1,0.797910448,67009.92882,29.26321617,1
240145.3687,-3.976895034,1,70.38368425,0,0.705064022,-520172.176,3.377318378,1
80208.9508,7.099355422,0,0,0,-0.177218647,6174.505052,5.380837718,0
105458.0735,13.54468941,0,24.66189967,0,0.687737749,22143.92388,0.892523322,1
23759.09583,12.3818057,1,0,0,0.175127276,1073.611228,-1.89058306,0
52016.23611,6.298530882,0,34.66002929,1,-0.164058153,22505.94472,4.293049885,0
-4599.0138,11.97601728,0,61.41260401,0,-0.174719089,-1312.575788,7.116507104,1
76362.71527,11.07956189,0,7.733263252,1,0.659942166,13266.38205,12.50253564,0
55424.80046,11.02010383,0,100,0,0.754289756,19782.34026,-20.19635671,0
94582.69131,18.11715816,0,18.3813752,0,-0.008995837,14141.62001,3.20314606,0
351240.517,-1.067612141,0,86.60521186,0,-0.046036922,1689260.426,-0.779007803,0
50318.93458,5.793412043,1,0,0,-0.378364921,4594.112445,-11.29449854,0
370994.7375,3.104555109,0,54.89495722,0,-0.461273153,293569.643,8.575111177,0
-21983.26681,19.51361125,0,100,0,-0.917049734,-4723.619002,18.0664225,1
14050.50326,10.86664001,0,90.43153089,1,0.307754667,4940.423896,24.32627173,1
218446.9827,3.668237924,1,100,1,0.467870504,178177.7891,-11.41761658,1
138909.2546,13.09656894,0,97.53625254,1,0.935132074,42318.03749,13.12133991,1
110327.2877,1.830163738,1,62.4065225,1,0.093164346,120003.3604,2.755978098,0
106420.7765,14.07971589,2,100,0,0.934529586,30549.87121,3.022288523,1
297725.6244,19.68077612,0,100,0,0.14135071,63515.66998,-2.521801757,1
106607.7298,-0.62286171,0,47.43865358,0,-0.026915641,301883.916,-22.22640931,0
227240.2831,2.508590996,0,18.69278189,0,-0.000424829,152689.7197,-20.58216525,1
-9214.803149,21.11458464,2,65.17885215,1,-0.02001689,-1602.999016,18.11541801,0
152746.1904,5.045712233,1,91.55108153,1,1.048205507,98469.7598,14.29152206,0
27106.13062,6.919169459,2,38.35232684,1,0.57768044,11331.29804,9.500051132,0
58709.09791,14.86759403,0,51.06566469,1,0.648236324,13815.1176,-5.341196495,0
216047.7945,6.480830381,2,72.76357793,0,0.396235793,109880.7487,1.050861726,1
21656.15742,4.463981064,0,24.8657843,0,-0.15874453,11084.3229,14.45440118,1
206445.51,9.067538923,0,37.39405059,0,-0.099898004,68618.18566,-3.627625715,0
339230.8337,11.16731218,2,63.80200731,1,-0.461212781,107867.7836,9.643160598,1
120660.8639,11.62892043,2,37.82766461,1,0.611513393,32741.4883,25.33935228,1
177182.058,8.881773268,0,100,0,0.503127651,75362.79008,-2.157461057,1
278536.6313,12.47572705,0,37.52957157,0,0.084402158,70706.74827,6.804330925,1
67411.22002,3.780834311,0,100,0,0.533738946,53896.53928,4.608530787,0
256967.3391,7.735540392,0,100,0,0.313896698,122071.8505,-8.922474318,0
312195.1495,-3.648171598,0,23.44679879,1,-0.386090447,-613197.5304,-5.064863399,0
285285.1376,20.67251146,2,46.09909894,0,-0.437040094,48692.47355,-4.385691999,1
88054.88311,15.73480025,1,27.15207113,0,-0.178631483,16836.1608,-6.130212726,0
185432.0994,15.26172431,1,58.24627969,0,0.534276982,44134.6425,12.17653732,1
115577.9735,2.519707792,1,50.53901081,1,0.641784557,101327.7966,0.478441884,0
66740.32206,17.19418652,1,65.92372723,0,0.891613362,14704.14487,2.767493408,0
-7375.429029,9.958249111,1,17.55497898,1,0.087409188,-1858.577595,4.528975948,0
153568.5173,15.44526184,1,93.76214157,0,1.114876437,40106.3519,7.726008677,1
205264.8113,2.950266724,0,43.99654648,0,0.872335057,158798.6749,-13.64731042,0
74259.42319,16.38813693,1,37.77495764,0,0.356933555,14839.35608,15.02874371,0
197102.0908,4.76943143,1,37.88371837,1,0.643822656,107457.687,22.70088806,1
127555.5815,2.405978158,1,84.36089866,1,0.693230306,129109.8197,10.4844035,0
168043.242,21.36436541,2,57.78510762,0,0.790756974,29457.52076,-13.15187866,1
287342.5988,5.479521731,0,61.77279297,0,0.226674955,159551.4297,-8.590943279,0
46914.83753,13.34214084,1,2.254870485,1,-0.062358323,4242.558523,8.314418007,0
-20099.41252,5.594413469,0,18.33803205,1,0.427549968,-7937.267806,8.00375711,0
317243.1657,1.183258518,1,47.58545742,0,-0.375599984,389002.2862,-1.489999462,0
50564.39419,4.771595048,0,100,0,0.226397543,34614.00026,11.00616617,0
319550.6244,19.43858161,0,79.06319336,1,0.310676244,65439.62502,3.129353374,0
167693.8713,17.59762386,0,0,0,0.291344717,5888.657552,9.841067788,0
-16813.46753,6.906053978,1,100,1,-0.163534491,-8641.788418,12.63798164,1
260641.2333,10.71539542,0,87.33084689,1,0.547292068,92119.44315,3.684247641,0
283584.9665,9.354647197,2,3.451433478,0,0.16560408,42274.85843,13.43276936,0
81605.14701,0.131754784,0,83.34281639,1,0.716612401,170224.7715,8.69009578,0
74721.16064,1.136213052,2,41.88311725,0,0.356982768,90248.3096,11.00661225,1
45839.571,14.83289303,1,35.35153023,1,-0.095707265,9870.543571,38.86078067,0
-48742.58051,13.46079741,0,68.54648855,1,0.050430032,-13430.40563,-1.060605621,0
-5093.171231,16.36494082,0,0,0,-0.061215419,-120.6127077,8.807913693,0
247809.5096,2.66034162,1,6.244596996,1,-0.258714157,112202.0513,10.50948843,0
205303.8874,18.93263561,1,69.68337819,1,0.657593946,42017.11409,30.49192559,1
229643.3492,0.704990973,1,70.31216788,1,0.628952905,363500.2289,18.36634958,1
38349.93703,18.44197692,0,59.46668999,0,0.341111766,7798.979708,15.72937754,1
125832.4613,10.76707251,0,62.2179998,0,0.883887546,41142.91473,-9.837799553,0
274190.0206,2.188455354,2,8.363211289,1,-0.081398328,153046.3834,-6.905198475,0
166674.275,10.42757068,0,31.37978613,1,0.292807533,46999.51656,-3.804460365,0
49636.51182,16.08021904,0,0,0,-0.253185847,1795.272506,-1.568448831,0
159766.4229,-1.678825904,0,47.19793401,0,0.541924514,1937954.743,13.82514119,1
269364.8531,6.249923402,1,19.09779312,0,-0.174879786,99452.45506,18.55744757,0
252004.4825,10.11515772,1,49.7263416,0,0.11257861,82108.35294,-0.467799954,0
107453.0872,11.14348643,0,32.32714494,1,0.579309621,28858.56945,4.563418825,0
2973.363588,11.09226756,0,81.82609187,1,0.065270235,1082.791658,-2.673832995,0
361725.897,-3.147617311,0,57.63484179,1,0.163442035,-1288539.983,8.319439515,0
300202.2442,3.853243257,0,33.08308133,1,0.39903962,182437.7951,3.769687718,0
181041.1027,8.901029092,0,93.87006552,0,0.976604655,75858.96963,-1.953282908,1
268702.1528,7.447911033,2,40.07897025,1,0.282090866,106366.097,23.59623706,0
297089.1294,11.17099955,0,70.11709418,1,0.047561674,96360.7532,12.42168832,0
32178.99278,15.9476618,0,73.31655916,1,0.545046925,7669.437078,-4.511788677,1
171308.5351,14.78653189,2,18.05979435,0,0.287710154,30544.33256,-17.81136346,0
310535.1614,6.139585398,0,0,0,0.27286828,26445.23418,5.51973145,0
132084.7717,5.551457176,1,56.42045816,0,0.352612643,71114.42731,4.679882704,1
246428.2335,9.926557946,0,67.84877033,0,0.016885768,87696.00606,3.776506141,0
225545.6784,17.62514694,0,88.51545076,0,0.836346998,51827.0169,2.325031705,1
163353.8275,-0.402158226,2,41.99794995,1,0.629991068,386931.2025,-3.696688466,1
65133.22835,12.21055963,1,100,1,0.628803351,21148.79503,11.59662252,1
118156.6308,7.911874365,0,10.18759906,0,0.267840741,29738.80341,-3.056466447,1
40102.25445,8.46240871,1,59.8584015,0,-0.021936741,15911.61587,2.096368069,0
258153.2359,-2.576853785,2,42.96086574,1,0.510013536,-1702947.715,18.54856592,0
148388.7242,8.970904013,0,100,0,1.347741395,62480.4605,-5.773951983,0
121949.0135,16.97494151,1,0,0,0.306204535,4526.040874,-7.439909822,0
45888.04261,2.92150367,2,32.52580523,0,0.181261878,33011.71275,16.81795435,1
124599.3909,7.57931102,0,58.98421416,0,0.914949748,53521.40333,-7.302616942,0
190876.2159,14.5791509,1,33.04702797,0,-0.031084503,40872.04229,15.34260431,0
117011.5031,6.424524408,1,0,1,0.172041641,9527.251521,24.04928155,0
113837.6328,7.750860739,1,93.54584753,1,1.064288537,53141.86864,27.52691734,1
261547.4987,13.19873879,0,19.59369293,1,0.248768089,52826.28678,11.07141846,1
325574.3672,1.825287905,0,45.24039209,0,-0.333641272,328105.6364,-1.9818234,0
170768.3515,13.31336235,1,47.22368453,0,0.536626756,43526.3889,12.77955745,0
110107.1579,8.572214192,0,100,1,0.81486231,48101.34167,9.770901162,1
361631.9469,16.45910175,0,43.43060186,1,-0.785739132,74711.80696,20.74444778,1
65305.19256,17.46119619,0,50.91288917,0,-0.043960755,13483.87848,6.385360778,0
257564.6912,9.465839289,0,0,0,0.348377452,15574.89119,3.783243606,1
105247.7686,0.796078993,2,85.31129801,1,0.621685154,168259.4111,11.51346548,1
203990.325,6.632355728,0,96.29998812,0,1.17580847,108478.7533,-4.94160269,0
263648.3866,5.154737269,2,40.63988729,0,0.539752733,138246.4783,4.518217829,0
246305.0168,22.40904179,0,44.09543711,0,0.440641222,38653.22753,2.928241699,0
197018.9897,11.13550645,1,100,0,0.73696764,69344.00469,0.767537669,0
147504.2352,8.231828215,0,45.69497052,0,0.738126834,55709.51867,2.980136056,1
-59929.86767,2.53140594,1,33.09505222,0,-0.122610216,-46989.47551,11.44710694,0
187661.6395,16.05646185,1,54.02883944,0,0.528619593,41894.9897,6.782757882,1
150042.5217,0.872547632,0,92.73565971,1,0.651579281,237535.7012,4.285841208,1
248261.8937,-0.073075682,2,51.83254728,1,0.167138975,513614.1056,-19.81635401,1
201551.7084,-2.640110211,0,100,0,0.633614304,-1456294.338,12.1375977,0
80856.65461,12.78733211,1,81.01652014,1,0.873729974,24194.75032,11.47108173,0
209802.8458,3.227774178,2,25.78071484,0,0.683108496,133381.0433,5.597835822,1
152802.6822,9.836990561,2,100,0,1.276191154,59699.22762,11.72272349,0
157873.1907,7.167396665,2,60.469068,0,0.664348503,71309.0567,10.8068798,1
70795.26418,3.517619547,0,99.89237296,1,0.557528563,59355.26654,17.57243543,1
82955.73795,14.37412071,0,31.31065259,0,0.373882432,17862.85899,10.08831819,1
145873.3206,14.88981015,0,24.12673837,0,0.114631229,28177.33462,7.555401702,0
167065.3572,2.931326143,1,72.88874402,1,0.715847858,146206.8315,-20.92072107,0
209162.433,3.68582185,1,9.839495541,0,-0.161091861,90917.05127,5.849647046,0
200355.5478,2.638604348,0,83.4305606,1,0.952584962,192008.4134,11.6839878,1
134190.5608,9.903917293,1,23.92572621,1,0.443289595,36480.36347,5.510431997,0
124299.3823,3.670781594,0,12.5938392,1,0.391889133,58694.31959,8.344088603,0
113444.2597,16.17246784,0,41.29120899,0,0.541557388,23604.14914,0.202511567,1
23475.16025,2.112726372,1,20.31075292,0,0.193634139,17837.16265,-4.226056257,1
207248.0952,4.300134315,0,92.61374117,1,0.498866283,149509.31,21.9910812,1
98340.79109,17.26395938,1,100,1,0.506687808,23713.00708,17.63287245,0
102053.3156,17.42332029,0,2.223290028,1,0.118267892,7521.839077,3.216011462,0
244178.0548,17.34749585,1,61.29695459,0,0.725067096,52234.30721,-16.67039309,1
204943.2866,16.68581244,0,74.06976851,0,0.577291371,47593.65861,21.2863222,1
275323.6552,12.25059054,0,0,0,0.001682635,13351.27727,-18.64324944,0
254680.8535,6.989644397,1,82.30748485,0,0.465992321,125839.8818,7.885832131,0
121107.3342,16.47690764,2,49.26205019,0,-0.091896484,25750.97846,15.24808174,1
271208.3442,14.96865816,0,64.33396495,0,0.340029809,67021.3896,16.44418097,0
106440.7541,-0.021764133,0,45.10432658,0,0.229482506,207201.825,-9.616647278,0
48364.01313,17.30150347,1,37.97747389,0,0.359921239,9253.850878,-3.928211096,0
102887.0145,16.85467213,0,54.48575011,0,0.457387372,22076.61271,8.003765994,0
87704.0381,5.919502727,1,46.62315304,0,0.30468325,42875.79869,8.942292798,1
223439.0565,6.745363671,1,3.477720185,0,-0.019846808,43504.0981,19.61517407,0
29774.33216,1.909313866,0,70.27794957,0,0.108064007,32568.83294,10.87411343,0
-3066.350603,15.07810331,0,16.06471406,0,-0.413389735,-588.4794293,-3.384051036,0
213006.7458,15.95225482,1,18.54712384,0,0.443217789,35753.03201,2.88347257,1
68827.03838,5.269244767,0,100,1,0.445031087,43868.69611,15.23021526,1
326109.3808,12.87559588,1,60.79205132,0,-0.212800093,90778.08306,-11.6963,0
789.1160328,7.867983365,0,94.11101495,1,0.03114601,318.5247445,15.3119644,1
22912.10662,11.97846387,1,61.96993989,1,-0.193918748,6878.413867,17.66736155,0
261978.482,17.95704167,0,45.78095864,1,0.078470436,50800.06562,-1.33439356,1
141012.0464,3.747475779,1,41.41981848,0,0.983810961,92587.36089,-0.194009302,0
64314.76364,-0.091927712,0,100,0,0.700737494,156023.682,-19.82016598,0
200013.7397,17.03577794,0,37.03214128,1,0.079370283,38520.02732,15.37431747,1
98290.44781,10.03776083,1,46.3896246,1,-0.238388409,31829.64215,14.15878984,0
211079.5706,13.13662896,0,85.93162802,1,1.037461581,62539.61638,-3.795893606,1
232590.3778,12.29228949,0,65.70454447,0,0.174834132,68659.38963,-10.60058805,0
317346.4282,4.00831404,0,84.4402265,1,-0.189768847,235403.5766,4.843169036,1
62355.93518,12.31657012,0,51.46341669,1,0.175639197,17339.33919,15.66672531,1
332497.8395,3.504485504,2,14.11438676,1,-0.299677729,167927.9305,12.54632502,0
-13714.57816,2.069694799,1,43.20872938,0,-0.081944252,-12826.52758,-6.783671477,0
185632.8761,1.282631864,0,14.11763999,0,-0.02996293,157195.4078,-5.932743659,1
47768.74459,1.517083196,1,27.1769978,0,0.308280051,45868.67205,1.757665704,0
266743.3273,7.000114153,1,60.48282365,0,0.318324475,122611.308,-5.360902059,0
29301.38437,12.32635009,2,54.00162378,1,0.585616269,8099.253271,9.165892147,1
103170.2029,5.383607869,0,0,1,0.435705552,9793.643603,6.918689979,0
-55350.78452,3.941859692,1,71.77205006,1,-0.663732454,-40183.45359,-1.810967633,1
12471.28,11.27358911,1,93.35856455,0,0.018023942,4249.689882,1.933945252,1
139955.8317,11.59739292,0,74.03868241,1,1.375850067,44509.79002,6.436922439,0
99285.08697,2.567560569,0,15.22955927,0,-0.219977066,61819.39277,-0.428556545,1
263152.2353,18.74006631,0,73.2860424,1,0.597098333,54915.98432,11.20283801,0
176615.8342,5.897529743,1,19.33636332,1,0.35408473,68451.04985,12.97168878,1
123043.7381,-0.581521753,0,2.523193238,0,-0.230900416,130969.4464,7.842188395,0
224915.3092,7.336432878,2,21.89072012,0,-0.069767419,76500.15583,1.977735889,0
180271.193,18.1358724,0,79.02861512,0,1.322611686,39192.31114,-1.514311746,0
265960.1313,9.092846845,1,37.30757356,0,0.720423018,87980.62948,6.524998055,0
282550.8864,0.300148051,2,43.78050987,1,0.265064985,469783.8216,9.513807196,1
204695.9151,12.42719804,1,39.39825675,0,-0.065705226,52878.58892,9.23228749,0
10217.60834,13.37899332,2,0,0,0.377057361,319.9841207,11.81238583,1
-44140.00783,22.6333263,1,3.432193917,0,-0.431793119,-2950.076525,-3.481278085,1
152178.8605,11.99265477,0,0.044688429,1,0.215006055,7828.025167,18.955864,1
154221.5305,11.63639602,1,87.24078629,0,0.386272881,50717.99951,3.447983195,0
306916.9218,13.81111247,0,71.87739026,0,0.054296131,83548.72773,6.997039071,0
132198.5678,8.323244404,1,15.1701275,1,0.412524019,36391.07229,12.88576411,0
254026.4561,10.03954078,0,70.39069071,0,-0.449380569,90388.40336,2.71925434,1
157090.1273,11.69384522,1,53.78261422,0,0.379312406,45988.53236,6.042990099,0
64793.88933,5.301358851,1,71.37812626,1,0.476792203,38092.13521,20.02435565,0
67144.76532,11.79710834,0,89.14697447,0,0.451347057,22054.78076,-2.082907818,0
104411.9241,19.65629421,0,54.27712079,1,0.267893647,19474.41396,15.1233274,0
117166.9486,18.8917476,2,46.86525152,0,0.391774099,21874.33857,13.7171646,0
-114030.2678,0.703713907,0,56.22370319,0,-0.199681295,-171431.9257,11.75790559,0
91285.94541,9.779674351,0,8.69048418,0,0.479450405,18406.3277,-4.964040077,0
173078.9958,8.376080558,0,80.6279313,1,1.007488103,73620.81451,9.822387702,0
122823.7988,13.4668379,2,52.56504729,0,0.961117722,31685.62054,-1.213062509,1
224585.8198,11.84137674,2,0,0,-0.160434171,11226.61544,17.97998412,0
49544.33703,6.457492249,1,15.70970786,0,0.253722766,16952.99497,-4.851427618,1
188119.3518,1.272870154,2,19.52541706,0,-0.119730534,176505.2809,5.576928037,1
171654.4166,12.44741115,0,87.91177866,1,1.749134338,53372.68189,4.839218021,0
3161.295427,9.431856471,2,99.13739048,1,0.061379157,1243.225707,27.51089054,1
138426.9184,19.88317828,0,6.220610965,1,0.302359174,13252.11017,1.908804294,0
137473.722,10.65892476,0,100,0,0.452102428,50240.7625,6.511399031,0
175454.0644,9.01588888,0,73.39569489,0,0.956002215,68929.79439,-10.83838998,1
196830.2922,7.713094393,1,46.44961326,1,0.462388726,78799.14598,3.280602472,0
162014.461,15.88579848,1,64.81479334,1,0.786590361,37947.98685,18.10687736,1
161445.0699,6.097901199,0,92.22692665,0,0.925462274,90694.84394,12.90952602,0
259507.7563,12.22730395,2,17.53694683,0,0.055202658,54214.63369,12.2542374,0
111916.3556,14.28153243,0,74.09270786,0,0.574193974,29747.69896,23.82984817,1
275592.3038,10.35060449,0,25.97787918,0,0.070826222,74262.59931,7.914799386,1
242943.7428,10.84760043,0,95.11922471,0,1.062055033,86671.84137,0.160201474,0
252616.2171,16.95306678,1,97.20303221,1,0.450947912,61143.11692,10.76658934,0
174740.8995,15.00757221,1,17.41809433,0,0.849106594,30436.50304,22.04464476,1
230756.8939,17.70273213,0,48.05290286,0,0.37431252,45859.08376,8.07447712,1
367305.7459,4.735174244,1,12.80044217,0,0.355117898,146990.5933,-2.978229259,0
63021.13606,12.87791142,0,50.75521007,1,0.642286167,16897.83807,0.535397957,0
88544.58077,15.67301452,1,84.71952499,0,0.186865156,22288.26914,-2.678471985,1
106650.8462,3.361723039,2,29.37168354,0,-0.148405692,68592.98366,8.779516947,0
47741.17384,6.500397082,0,75.97942005,0,0.145642418,24462.26876,-15.18148838,1
266275.6009,6.981854444,2,80.0221152,0,-0.094405638,130652.5868,0.17522404,1
80288.48786,16.6865951,1,88.47680991,1,0.512550794,19319.73771,16.46640428,0
250715.6909,8.402098442,0,15.48569919,0,0.100222711,68979.19775,0.27612026,0
270559.3563,11.81524627,2,4.394524054,0,0.213141629,36325.79669,2.324728425,1
219035.7024,6.277098031,0,68.47880102,1,0.611681872,112579.2327,15.22343897,0
190447.075,20.39320152,0,6.689061258,0,0.064773216,18345.65992,6.897076202,1
126889.9958,12.05099337,0,0,0,0.307122387,6289.388596,-2.164648018,1
304540.7902,0.076560097,0,0,1,0.266964953,101547.9862,-5.314268826,0
179647.406,3.254566893,1,84.55328988,0,1.396444822,152492.7126,10.44981086,0
194370.9491,14.31761659,1,25.95559947,1,0.29770385,39611.98004,7.291310049,0
30633.24993,7.415816661,2,67.20806028,1,-0.520618206,13775.12916,13.7849343,1
174055.9957,12.39369522,0,13.30640258,1,0.25931078,32982.8481,11.47626122,1
149316.1395,7.958246867,0,43.26252606,0,1.112031524,57234.50201,-11.00049177,0
282865.4505,11.11189742,0,30.60110136,0,0.402002975,75221.18005,-5.18251513,0
112780.5151,15.42646121,1,57.67168165,0,0.897638415,26485.59879,1.318463556,1
170401.4459,6.82356301,2,39.57630057,0,0.420705341,72000.22048,24.29587111,0
211577.5308,10.70759888,1,100,0,1.129079182,76989.07596,-9.253817229,1
112240.9035,5.60578317,0,40.6477262,1,0.758674489,55367.0541,6.773358087,0
205786.704,18.66214709,2,15.69047696,1,0.038382854,28474.36305,3.73523825,1
206000.1734,5.042764571,1,0,0,-0.150234885,20333.18703,25.33777882,0
218727.0768,7.955594558,0,47.38408285,0,0.523028013,85697.19645,2.668169941,0
-4857.703515,7.413674379,1,35.14687466,0,0.273711863,-1769.343013,-6.808470828,0
178776.3599,6.638995118,0,76.51834182,1,-0.079367176,90250.93508,-7.712307523,0
117999.395,8.939280836,0,100,0,0.866169898,49989.3005,6.120092356,0
184568.2191,-1.934265129,0,100,0,0.37641991,12985831.88,1.931199746,0
87401.09604,6.811099064,0,67.30554445,1,0.479399214,41997.90586,14.56127099,0
171762.5985,12.11116846,0,67.80583398,0,1.177646686,51802.94814,-10.06578433,1
19079.49868,1.282539462,0,90.33634069,1,-0.015892109,26332.85745,28.18736566,1
365176.3246,0.56533937,0,0,0,-0.085825283,98803.25342,0.818986663,1
88713.16395,12.26015338,1,80.21466242,1,0.820455467,27444.33561,16.70172859,0
91559.74256,15.40136719,2,1.124038275,0,0.3070484,6058.268133,14.08814707,0
-58758.32089,12.73157995,1,69.25616553,0,-0.097072388,-16934.17636,4.594917942,0
205839.2134,10.31294619,0,100,1,0.894657168,77294.54762,23.05553978,1
-21235.33338,7.648288522,0,0,1,0.171140052,-1497.892089,-5.299338174,0
-53985.47491,10.01991555,0,40.26760586,0,-0.049005088,-16803.31737,10.22323224,0
190259.0219,9.949348043,0,74.94801997,0,0.497479482,69218.44979,13.33141902,1
183392.2864,15.48396532,1,85.42643616,0,0.299548239,46809.72923,14.30135859,0
267558.2605,20.08619487,1,51.05515625,1,-0.039703509,48157.90325,25.97050958,1
274219.9516,1.906637595,1,45.86246232,0,0.60995973,271604.7581,-5.922738125,0
224645.6344,8.604172137,1,5.912334776,1,0.710097569,43764.17734,10.33124216,1
258103.7967,4.813465686,0,54.64566513,0,0.263221478,152849.8108,4.174199782,0
64568.98698,4.361166243,0,83.82976312,0,0.924499254,45061.05575,0.748999946,0
307773.4848,6.972555711,1,90.96567601,1,-0.031170239,155629.2663,18.44742187,1
216410.8682,22.72681368,0,57.94713507,0,0.585145725,35767.75166,12.07019853,1
24871.03033,12.40962829,0,93.62806421,1,0.046207875,7984.804897,2.452557635,1
164925.2065,14.20668085,0,100,0,1.301288488,47048.80336,-12.07104486,0
280878.5688,4.136569756,0,52.26130442,0,-0.020848518,182889.6595,-2.050144861,1
-620.243508,16.31187294,0,26.22075235,0,-0.269410364,-66.65624654,-24.84480813,0
22745.01636,8.449601274,1,85.27745546,0,0.206320923,9895.775089,2.213046003,0
201058.3332,10.03279904,2,63.30964339,0,0.8178824,69945.70751,20.6314611,1
296312.3775,13.55565906,0,97.56065507,0,0.222288515,87654.87935,-14.2346171,1
38739.81232,17.96601614,0,87.66477216,1,0.190472509,8748.470823,5.18608802,1
133475.9251,8.037095285,1,62.2472706,0,0.33530956,55411.52763,-8.532162931,0
110039.8206,8.309365502,0,2.676361103,0,-0.482210757,16679.01456,3.967117078,0
54672.60046,-2.191518326,0,26.8853069,0,0.002898975,-960122.8796,6.368334587,1
166705.681,5.261081699,0,0,0,-0.045874151,15810.40917,0.214259622,1
141792.9192,12.38848096,0,5.67981249,0,0.222323944,20109.1442,-6.848449682,1
94914.02362,13.83384134,1,69.49535391,0,0.214806008,25542.5359,5.622072525,0
247859.9392,9.397192702,1,87.65907131,0,0.739979241,97793.77416,15.43810908,0
283808.8317,15.96024626,0,47.42344822,0,-0.036514868,61726.82924,8.896833143,0
113374.1586,13.15505785,0,50.16071635,0,0.300326035,29622.45024,-4.06868112,0
299682.9188,20.92512774,0,95.78146415,1,0.512788712,59859.18526,6.545042916,1
345033.6056,14.65200341,0,56.43076125,1,-0.91467599,84270.46504,3.994853501,0
87702.51395,14.04311879,2,90.43597063,0,0.327259267,24659.69369,12.39909398,1
60440.47516,7.47832951,1,85.6597952,1,0.500474627,28627.98983,-1.828671796,1
215801.3229,7.995134404,1,35.19756693,0,0.291523471,78142.64814,8.254454166,1
8959.523549,3.260879106,1,43.46471415,0,-0.47170512,6413.354241,-3.608255789,0
94687.83011,13.40321482,1,20.59464559,1,0.018883144,19367.1272,5.549667813,0
159985.917,16.11238954,1,79.20261179,1,1.079096205,38820.68074,5.606828258,0
189472.1967,13.39089739,0,21.19468558,1,-0.147924945,38727.43045,11.91652631,0
225847.7531,12.89968855,0,47.41758524,1,0.690630819,59093.38976,0.958798148,0
11099.67345,-2.475025751,1,100,0,-0.104079121,-108035.6665,-8.020537264,0
-5749.472443,10.10826551,0,81.14650764,1,-0.608506479,-2091.549356,3.216717923,0
181533.0565,11.90074683,2,99.12255192,1,1.207462407,60173.94962,6.034194956,0
329575.2648,1.795410459,1,0,0,0.075207533,60283.46183,9.956865409,0
248796.5364,17.4169531,2,44.07724711,1,-0.171760452,49013.03361,3.958163512,1
-45293.9961,15.4020015,0,63.4153736,0,-0.4403463,-10808.32226,-0.432559675,0
93848.25209,15.91498046,2,0,1,0.517488925,3612.526853,1.472359869,1
177067.1517,11.73560594,0,100,0,1.177597069,59626.08063,15.6854369,0
114681.38,3.635440965,2,90.890491,0,1.163044275,92253.11783,8.042914473,1
195108.9672,15.37604401,0,87.96442438,0,0.475303453,50533.18764,-6.292286119,1
102055.5988,17.61705213,1,0,0,0.367583536,3665.529256,5.912699929,1
89309.25712,9.62364113,1,4.169212043,1,-0.394707135,13923.86388,-3.949782673,0
134484.6073,1.068286934,0,37.45190508,0,-0.052696362,161163.7152,6.714765445,0
-46947.92376,17.21519158,0,53.05268578,0,0.01051381,-9875.783644,1.677092748,0
166472.7573,11.46276864,2,97.53543477,0,0.571730568,56814.24681,10.96114363,1
190883.0967,10.26547009,0,32.5617059,1,0.762458112,55180.80687,-3.829788711,0
283598.5727,17.02755691,1,36.77629332,1,-0.265073381,54602.2308,-3.647633394,1
151055.321,6.890245443,0,60.82404986,1,0.315518411,70371.72862,-8.836241974,0
200299.9227,8.089614695,1,85.00907485,1,1.11787231,88779.04921,-3.813386557,1
89750.71565,14.04432044,1,14.94361606,0,-0.069400193,15763.51014,3.856432981,0
-2729.103847,10.31856051,0,57.09286642,0,0.222967145,-996.9268304,19.2181701,1
207234.1791,18.1112524,0,77.70195795,0,0.347306389,45182.70846,-3.99252028,0
179.9044484,22.62480727,1,7.296301993,1,-0.082848958,26.07327165,1.670182663,0
76360.61872,11.73393629,0,36.23747368,1,0.472852786,20324.09168,5.477211597,0
223954.2631,19.65480098,0,100,0,0.530882342,47749.29301,-7.862075026,0
260377.2929,13.17205381,1,100,0,0.819082783,79336.65083,-9.188702711,0
193407.1809,5.219062984,0,100,0,0.826652285,124047.8796,-6.545590471,0
303001.7112,10.65583446,0,0,1,0.03602735,16579.01427,-2.269574189,0
133381.1898,10.52943215,1,40.44632793,0,0.092359922,40015.75028,21.83894432,0
153433.4069,8.890870129,0,73.63289591,1,0.504731017,61006.42404,3.695877868,1
-15495.74367,-4.728413054,0,0,0,-0.253242707,3913.82165,1.947801043,0
46563.13542,16.06516079,0,74.93259281,0,0.153745642,11306.88586,-13.71940334,0
62460.00703,16.58129374,1,56.96459774,1,0.796974445,13730.51087,18.5582254,1
-13888.38379,14.42532852,1,48.07299328,0,0.269685787,-3307.949567,-3.5949162,0
223926.0408,3.258098713,1,49.86397694,1,0.526859662,168153.2234,-2.427365322,0
230556.7068,17.11256978,0,30.39269787,0,0.027923628,41989.73583,-10.28092439,0
270494.3926,14.82048962,0,100,0,0.170281323,74285.05011,-6.419225635,0
208456.1867,17.88694974,0,80.08092851,0,0.406540578,46273.75369,-11.5612899,1
74022.39848,14.35231558,0,43.22714531,1,0.200396787,17289.81061,9.48757866,0
235223.5722,13.49376915,2,6.809190623,1,0.132377243,32986.83672,-0.887264511,1
208355.9478,-3.167680224,0,82.16252173,0,0.900239331,-791062.6915,6.458549903,0
4163.833644,17.3676824,0,49.97519116,0,0.025125276,829.3165284,-5.086198586,0
107821.305,12.35629187,0,100,0,1.050748595,34755.34826,-9.169639214,1
297115.982,4.029153805,1,47.42029206,0,0.36121444,192221.8093,-4.82537156,0
256562.1784,7.261139544,1,100,0,0.43312246,128138.0212,-7.461460151,0
189847.4707,9.532993586,1,98.96983229,0,1.266552594,76019.63118,3.303399945,0
37726.6436,9.689499725,2,78.60493437,0,-0.005554789,14074.79268,0.773433629,1
345822.8105,18.4844687,0,0,0,0.175914575,11696.61333,11.1137777,1
164868.4778,10.080955,0,64.19707954,0,0.649613714,57240.62608,-23.05302904,0
213603.7084,19.89253632,0,20.73892094,0,0.22772184,30518.23313,11.68116883,0
190862.5799,13.16335856,1,22.0048854,0,0.097270435,40076.92278,-3.098278465,1
178839.1776,17.9586623,1,33.94836636,0,0.705674752,32080.90594,20.24188029,1
-17296.45137,17.43167516,1,14.84326423,1,-0.206816645,-2509.380361,9.232701371,1
176446.019,2.508391884,1,97.05128248,0,1.368607227,179801.2569,13.58077841,0
202215.0433,15.14545462,1,49.40993048,0,0.86282848,46497.78708,3.130476778,1
297382.7336,12.04256851,2,86.63910061,0,0.280003128,94901.20916,5.564798738,1
187459.3652,20.92912102,1,3.83908691,1,-0.057218133,14472.35599,-2.954481058,1
147879.4296,16.79262354,1,60.44249389,0,0.350536685,32626.93389,3.183179938,0
161418.5265,1.879153273,0,52.74290829,1,-0.071378997,166594.8194,-2.735887012,0
121250.4611,11.38607537,1,74.7850573,0,0.862323435,39423.33522,5.247369553,0
129709.3933,17.80637209,2,40.37119598,0,0.055235973,24498.86557,10.05289466,1
62303.31538,8.524938868,0,31.22049583,0,-0.109273029,20641.41328,-1.226428197,0
126191.5464,11.95212101,1,61.51414629,0,0.751331859,37533.62533,15.82694926,1
98717.36459,8.897932574,1,62.61590858,0,0.39354663,37710.28157,7.958966605,1
10906.88962,16.45716482,0,78.18079535,0,0.150381841,2551.329654,-9.201354238,0
98651.04279,6.343741851,1,0,0,0.138174798,8017.581259,8.20232847,0
222970.7762,17.25794868,0,61.26283652,0,0.965790287,48031.95057,9.520326403,1
309966.4448,10.97505991,2,69.85878359,0,0.088854055,102121.8229,-17.32072306,1
243014.8869,8.000314123,1,7.677187201,0,-0.114757891,55224.53426,-8.001415438,0
-9036.131914,25.58080785,0,63.38901456,0,-0.079724706,-1325.336175,-4.690749519,0
65658.23137,-3.042685248,0,78.94911756,1,0.308555355,-276694.3601,0.746267837,0
113435.7775,-0.499518792,1,59.21834816,0,1.100600285,311123.5674,7.088033648,1
117996.5866,8.839244002,0,78.40728597,0,0.836618363,47829.18754,-8.863715972,0
333523.2703,16.95825167,0,60.34646646,0,0.059274283,72665.73832,-9.944635899,0
344575.2317,10.93934811,1,69.0012044,0,0.199097819,113531.4343,5.694801948,0
68369.76881,8.933777015,0,28.52763178,0,-0.074096145,21497.81628,-2.309947062,1
-14955.26751,4.647204642,0,14.4968087,0,-0.44954625,-6280.605341,11.22523143,1
66224.93116,5.381050216,1,31.20087948,0,0.185029552,31360.36097,6.029046541,0
199215.7548,15.34091193,2,47.82999021,1,0.009360818,44813.15083,48.77679471,0
185509.4495,15.04007041,1,42.65531062,0,0.286099051,41240.42375,-7.02889466,0
71971.10836,12.79511456,1,79.17393666,0,-0.131785034,21223.49388,-11.71275087,0
79110.88488,12.05253563,0,63.9976034,1,0.049603654,23547.36725,21.75735872,0
26404.55306,3.352168115,0,34.57361808,0,0.457112001,17743.06779,30.666985,0
-51116.78137,4.112490628,0,59.04807085,1,-0.167469806,-34462.60178,5.451401521,1
-14132.88705,2.208357513,1,54.73782268,0,0.462192372,-13616.99696,-1.695817199,1
286340.2614,16.90407523,2,31.71830107,0,0.077762021,53211.48153,9.495756492,1
210127.351,1.565555389,1,79.04574042,1,0.660961814,258883.0686,1.615903686,0
211641.5566,14.45155349,2,48.43411613,1,0.478660165,50423.97194,-4.887995167,0
234279.1002,15.26198611,1,26.53328563,1,1.266720864,45534.12359,11.48643553,1
112517.367,3.726469652,0,42.46722244,0,0.698981202,74520.94219,0.095602538,1
152355.3253,19.76850915,0,10.38178746,0,-0.148479344,17701.67282,-13.83561243,0
198994.8753,-5.516520992,0,72.55695179,0,0.784962671,-243972.9269,-6.172572358,0
-12243.38992,6.91191193,0,55.27970309,1,-0.021742417,-5489.721179,-6.627824957,0
246105.5668,21.72541196,1,0,0,0.216271507,7192.605923,8.376226997,1
188096.1671,4.940022372,0,82.54764377,0,1.348053279,120318.7222,-0.268985672,0
173507.3864,13.46524438,1,6.162232507,1,0.237125365,23441.99669,7.772227328,1
46563.38226,4.820995162,1,0,1,-0.111227803,4799.151682,7.394137269,0
81449.46618,8.621409185,0,100,0,1.286683586,35466.77147,10.96224972,0
133377.8198,19.29031454,0,45.94915603,1,0.054883314,24333.17786,8.558529951,0
228106.0752,8.522564495,0,26.689412,0,0.121008516,72741.97431,6.151768996,0
184538.5559,8.435590942,0,87.44572491,0,1.112134727,79602.81486,18.1905384,0
126594.8152,14.66530803,1,18.94757101,0,-0.05641135,23150.8386,13.49505375,0
293780.1914,13.18804242,0,15.58670899,0,0.016012288,55386.33558,2.182264228,1
208136.8289,11.14085933,1,27.50656688,1,0.029588206,53698.81296,10.14986068,0
308059.4327,13.52842904,2,22.30978647,1,0.002098304,63217.35665,3.787471639,1
212831.5113,13.95898813,2,100,0,0.638690796,61590.24434,1.007952218,1
15611.48795,17.12689216,2,18.81680641,1,0.052970088,2580.90802,11.62819906,1
110184.0099,6.557208618,0,4.092701164,0,-0.062378205,23295.24055,-3.535957067,0
149776.0832,3.891702817,0,0,0,0.398172382,17626.65125,18.85477677,1
261009.4554,7.605529935,0,85.91685834,0,0.551098298,121595.9224,3.728592473,0
217911.6536,8.733262227,0,28.6921143,1,0.456889055,69582.28441,8.262177845,0
57498.20437,4.93382753,2,16.65381954,0,0.133859817,24242.30114,16.1742184,1
174068.9374,1.809120789,1,22.42069173,0,0.090652421,146040.7056,3.175638451,0
329502.7843,11.91341533,0,0,0,0.100440192,16325.19534,-2.758487614,0
300649.9737,4.752686961,0,69.66069766,0,0.154658529,190195.1382,2.583316419,0
283344.39,16.90304699,0,38.09336683,1,-0.610888472,55342.87287,10.23685752,1
255555.9363,14.16307079,1,47.99568234,0,0.275511104,61894.7685,17.76517779,1
237133.3561,19.65841446,1,78.67053741,0,0.749388146,48096.28377,-9.140801591,1
60047.03921,0.316853412,2,17.66913779,1,-0.114993682,77182.85383,-2.06353744,1
116763.6227,5.888912809,2,39.87933385,0,0.627076549,55301.35817,4.124257857,1
-53483.8792,0.377246965,0,38.28828237,1,-0.088478768,-83076.41297,15.56002094,0
35094.12893,21.96394861,0,56.02026458,0,0.073553161,5828.120626,7.872449364,1
273492.0409,18.00401662,0,14.56476661,0,0.220182694,38367.46263,1.083368608,1
49004.09178,2.971379834,0,93.88713879,1,0.331313471,44996.98499,19.88254206,1
136919.6058,12.43589114,2,37.44525516,0,0.449908355,34781.54857,0.314168821,1
202479.3757,8.478981697,1,0,1,-0.077976483,13467.66426,21.74544502,1
66656.4996,12.60406707,1,47.55574531,0,0.458733945,17862.64569,-4.806765361,1
88332.85538,16.72532346,0,78.44500463,0,1.010313874,20777.32502,-17.13898886,1
223032.6754,9.306835704,0,79.8033397,1,0.499834186,87050.03,14.98503205,0
157233.3538,8.209790512,0,8.11198121,0,0.351787766,35658.29881,-14.33287071,0
283892.776,11.00105335,1,64.27046181,0,0.101879088,91552.51902,-1.772170817,0
259611.6458,2.452697966,1,80.62612771,1,0.330971939,257449.4763,9.113623471,1
218411.5535,-0.573045849,0,69.07148256,1,0.446247211,652558.5975,12.45981428,0
300071.7141,11.21836707,1,61.7308836,0,-0.419725673,94352.76821,13.47872466,0
159035.714,22.76531625,1,47.67878028,1,0.626803486,25163.44034,-1.820602477,0
200120.222,11.06012761,0,76.69581309,1,0.782222795,66960.47223,-2.497614494,0
24512.69665,11.33803753,1,49.03823949,0,0.167890872,7339.889339,37.50246004,0
173406.0317,4.899316707,0,0,0,0.466356122,17399.56395,-2.111530752,0
75912.55744,9.915001636,1,0,0,0.499386339,4472.88627,-13.28472268,0
73587.39878,13.48985816,1,57.98128553,1,0.781575246,19456.87383,1.20180388,0
-35946.65701,12.12035725,2,50.8320172,1,-0.249412821,-10078.96182,8.818180898,1
43079.14598,4.724407716,0,73.09414446,1,0.219418172,27687.7916,8.599376395,0
132416.5565,10.89261818,0,43.66068157,1,0.1179481,39289.99918,18.53332669,0
279826.127,17.27909758,0,63.15985568,0,0.231163472,60622.04953,16.3388568,1
153358.5192,9.753080708,0,54.59797181,0,0.548077773,52549.22658,-8.244742392,0
214538.628,14.33170919,1,31.25348032,0,0.423879942,46044.11187,-1.894037265,1
80299.41303,5.902247052,2,100,0,0.398784981,47026.02914,6.343976292,1
208642.3114,14.30277023,0,53.86099168,1,0.356303547,51481.16,0.078652326,0
131.6620884,11.89770939,0,71.99125322,1,-0.507535825,75.61279268,20.41305935,1
11346.16323,11.22733272,0,26.66793833,0,-0.18461862,2868.647513,24.66716022,0
152015.573,20.28032409,0,48.59790069,0,0.753146369,26750.60499,0.213335579,0
197819.844,2.100883219,0,61.95578381,1,0.238421574,200695.6104,11.15547842,0
151807.1077,18.57592239,0,0,0,0.523193451,5294.534109,-5.859623929,0
145239.516,8.760882561,1,87.49301836,0,1.171475337,60728.00628,6.317335836,0
110100.5558,-0.152975681,0,70.88291161,0,0.782409061,255611.3244,-10.60176571,0
104453.6496,15.49444523,1,40.4462029,0,0.749795844,22397.50849,-5.55482813,0
538.6000347,12.59398041,1,73.8706902,1,-0.032331474,171.7695625,-6.025836715,0
153213.814,6.011261878,0,76.59575731,0,0.544127955,83520.37904,8.159222953,0
193676.8553,0.996637757,1,38.05653025,1,0.326580157,238523.7253,21.05540091,1
105801.4805,10.78375141,1,0,0,-0.515653574,5785.860815,13.59027159,0
49787.22329,5.729350035,1,26.39026876,0,0.483250048,21696.0295,3.332677853,0
178641.6075,18.73100824,0,71.55096544,0,0.594274729,36888.73458,-3.133270476,1
53040.1526,11.07076779,0,82.34478969,0,0.190003577,17956.02839,-0.927365336,0
50937.6338,10.51287785,1,0,0,-0.191863487,2898.428442,-6.950707648,1
267590.0646,7.902032952,1,70.38634818,0,0.321036652,115712.6401,12.22019556,0
86405.89086,-2.536007709,0,31.26492735,0,0.273651832,-564888.0285,10.48410698,0
101274.7714,2.447119102,0,100,1,0.80445883,105309.871,-0.62465366,1
88068.9516,18.59649131,0,85.03331471,0,0.610593351,19222.31692,-9.34313298,0
34133.12685,10.62071693,0,74.07007186,0,0.412871339,11807.99929,-13.25817263,1
164719.5915,-1.561032225,1,47.22306603,1,0.141250424,1462106.646,5.575851105,0
144556.3218,16.26581917,0,63.8020976,0,0.700581791,33267.24302,-0.217093557,1
258030.8524,13.52304362,0,90.44558261,1,0.386059222,75268.2429,10.17479787,0
227349.4719,13.35242769,1,75.12558431,1,-0.026112267,64355.53625,-0.999845327,0
88351.5194,10.73557549,0,35.66161781,1,-0.049336001,25290.87598,-1.349510222,0
128605.9184,19.94436547,1,54.58690798,1,0.28629569,23539.91555,4.550700447,0
154007.6846,17.34840287,1,86.73799191,0,1.368088615,35718.20646,11.4744092,1
260069.1804,15.07040797,0,97.92866257,0,0.639994174,70177.55711,-9.960018722,1
75387.05903,19.96344082,1,76.32322712,1,0.603703148,14950.30146,13.74792516,1
127066.2409,20.52708506,1,41.51004103,0,0.250452608,21222.2901,-2.554771607,0
135268.8047,11.4616824,0,41.64718035,0,0.252900401,37938.52184,-1.91592256,0
102636.7393,-0.581639718,0,82.45448055,1,0.350470823,320896.6281,18.53616019,0
229154.6179,0.038968839,1,11.91465251,1,-0.008406696,296034.0993,-8.739285964,0
112257.233,8.006853126,2,82.75951084,0,1.15852657,49934.30835,-20.41122441,0
285112.7801,2.739833253,1,51.81889065,0,-0.247027121,239751.1112,-11.73215351,0
274674.9263,17.17973971,0,33.16939768,0,-0.048337781,50960.75512,4.173176584,1
178238.3429,8.972531926,1,77.79156868,1,1.038423381,71021.31195,-0.159682689,1
52241.2737,9.919314604,0,7.807928384,0,0.316001759,9954.716623,-7.1267213,1
58208.81146,16.16383439,1,14.34404315,1,-0.137303002,9071.998538,12.34717354,1
63486.86249,8.455624902,1,58.89593198,1,0.698381157,24951.62872,18.62125903,0
-22609.40068,0.990176863,1,81.56324969,0,-0.313251593,-33504.08919,11.32189733,0
171599.7919,8.514826567,1,5.656202617,0,-0.288811064,33222.92244,8.458242556,0
95725.81037,3.345639528,1,88.39357496,0,1.172213573,80614.29415,-9.428462507,0
187230.2179,21.47534649,1,60.1208688,1,0.601676607,32805.82595,28.45088127,0
173582.4581,15.55195021,0,6.846279177,0,0.017174198,21534.86845,-9.429002079,1
78703.21469,4.865015384,1,5.825723033,1,0.093710258,23503.4152,-1.742608538,1
87781.74119,12.9088659,2,38.35769524,0,0.004126291,21806.36959,7.130828155,1
51979.44591,11.79404053,0,85.48205903,0,0.256019811,16923.75916,2.787291274,0
153604.0073,-1.189849029,0,88.94646188,1,1.319997986,855086.9822,23.81714436,1
140857.9913,19.88557919,0,72.38210243,0,1.272058315,27750.15642,-6.327914201,0
161889.4356,13.93716173,1,0,1,-0.333951034,7039.72921,7.537406251,1
170291.3242,15.01633391,1,40.91873608,0,0.288813822,37562.40051,-2.396904337,1
109072.6454,9.719212498,0,0,1,0.001316479,6269.026015,16.07504635,0
70059.63713,7.167617331,2,36.34641019,1,0.294523908,27786.09268,15.65543131,1
241242.0913,11.41674142,0,20.44203067,1,-0.148920215,55874.63903,17.41396948,0
96743.58974,9.550419356,1,15.13263406,0,0.319739332,23806.8851,-8.436990831,0
341075.8402,1.134407369,0,68.12793779,0,0.036625905,462525.3528,-5.611175598,0
66977.23985,20.79156152,0,61.17601633,0,0.634878877,12282.89355,2.486585058,1
69629.8479,8.970137392,0,0,0,0.225739248,4316.885513,13.05096453,1
114734.5966,7.813811822,0,55.2466549,1,0.52804061,47252.75151,17.35551947,0
108652.2099,2.460464467,1,36.05248254,0,0.616235944,88589.79699,16.57286066,1
207801.2471,11.96127587,1,61.80985405,0,0.703499899,61841.77178,16.87184605,1
109897.4396,15.3984526,0,26.22392002,1,-0.211575149,21115.76972,12.90821244,0
-1157.743698,4.431442239,0,99.97139469,1,-0.454626704,-798.0912707,11.5322835,0
162693.0698,4.801297575,0,58.95638199,1,0.681207614,98168.05142,-3.471161213,0
217036.0385,14.25972462,1,34.72496451,0,0.672428491,48194.81417,-17.66981057,0
133783.5931,5.946759923,1,0,0,0.133813637,11706.68714,3.681976311,0
74190.16466,5.604381456,0,22.51297177,0,0.328612833,31282.80136,8.026487423,0
214048.3843,12.66470258,1,91.21603279,0,0.450375627,66001.31464,-23.68380751,1
122171.1905,15.3775405,0,92.27996437,0,0.88734506,32028.67324,-11.74124431,0
306017.0794,11.11626708,2,46.13381247,1,0.380153497,90304.76525,3.29513799,0
145524.2799,8.912597081,2,100,0,1.127074568,61639.98796,4.094690691,1
118788.1165,15.556473,1,100,0,0.958972094,31407.55526,4.976362611,0
4017.529185,6.91345084,2,80.98911989,0,0.21076649,2044.237434,16.07308133,1
211662.3998,12.99047807,1,54.00695495,0,0.529558697,56784.73831,-9.554807126,1
160967.6902,10.95479661,1,11.32662503,0,0.465542168,32242.38,6.752070776,0
141875.1702,13.286758,1,86.75662657,0,0.925293823,41662.12342,-10.22572887,0
52630.90399,17.83153301,0,99.87599995,0,0.492498145,12238.39798,8.357765535,0
164300.0482,3.04474558,0,22.29736,0,-0.091815976,103943.7128,-4.816369314,0
105432.3581,3.325205373,0,87.19505492,0,1.122536453,88882.43586,-12.12145322,0
242114.0689,2.855707731,1,12.63925528,1,-0.198741458,133845.2542,-1.47752577,1
56778.46962,20.60533293,0,0,0,0.071243509,1770.931797,-11.15341987,0
153670.4746,16.78343899,0,40.67791172,0,0.646829573,30749.77455,0.921558265,0
-4641.380166,13.54755861,0,0,1,0.536800749,-52.97688367,6.240653871,1
-6369.125591,5.165768295,0,76.18922726,0,0.019495752,-3798.891792,10.31223966,1
-18054.60833,14.39973385,1,82.12931393,0,0.269910677,-4799.619493,-1.393749765,0
18842.1119,3.826517475,2,63.82626219,1,0.127767734,13498.0591,25.78094442,1
19195.32341,19.93229033,1,19.8142086,0,-0.13032717,2576.492688,4.220908029,1
69638.75119,4.956639074,1,70.00966338,1,1.279003832,42797.47368,23.24475071,0
285340.8542,9.034059746,1,44.68185789,1,-0.238434909,99350.28966,8.117498283,0
3032.3932,12.00463976,0,80.08105402,0,0.900677315,1002.359819,-2.309611391,0
309174.2913,16.45611609,0,74.74394361,1,0.525754308,72695.21242,14.42977909,1
147327.0009,8.186154046,2,86.3840136,0,0.687294502,64926.84453,8.801828263,1
84894.13821,14.67456366,0,0,0,0.194954416,3389.842035,-5.54083947,1
148088.7353,18.25258226,0,46.67879041,1,0.045576243,28386.90825,18.38482418,1
186817.8585,-1.404173811,1,61.00738386,1,0.761205443,1299122.521,-0.571226468,0
387196.8656,13.15839097,0,82.06592698,1,-0.450872795,113120.1278,14.84342068,0
253127.8204,12.67579344,0,0,0,0.259942252,12027.79486,5.344786727,0
39993.80615,16.67592363,0,0,0,-0.121193403,1554.138892,10.64593087,1
153565.8939,11.93446513,0,30.45228468,0,0.352042241,38314.59526,10.84199889,0
76106.11251,17.37560371,0,70.17374901,0,0.626863871,17019.84525,-1.819424679,1
324411.4985,7.5938983,0,37.09474433,1,-0.184502737,123873.6024,6.418454862,0
205462.5758,21.70463705,1,100,0,1.307048677,39979.75506,4.31670875,1
79209.21332,6.447540355,1,39.66942807,0,0.321418169,34934.60412,19.99494907,0
89599.63551,13.02088949,0,99.29679836,0,0.878653301,27561.92938,6.509778124,1
280744.4551,9.265728997,2,42.43590924,0,-0.110658642,94419.45237,16.52569725,0
102199.8847,9.409222832,0,49.17740808,1,-0.075844188,35300.58473,4.502166546,0
232406.5881,10.34119372,0,96.97738178,0,0.303505387,86726.78546,-11.26685848,0
16587.61667,9.97561013,0,53.36739092,1,0.267012733,5448.404514,-2.04939099,1
283325.0838,8.922849105,1,50.385789,0,-0.084176914,102697.7775,13.11209551,0
31420.73907,0.5152116,0,100,0,0.527726077,57853.11273,-7.316091863,0
131997.2132,12.76729853,1,0,1,0.496422464,6256.937262,35.52468625,1
209619.5418,4.5501676,1,36.96260922,0,0.551065301,117383.879,-1.923384026,1
187676.7427,3.12525292,1,42.05821482,0,0.528941356,138580.4927,5.279971304,0
235734.9987,-0.431967004,1,69.2989536,1,0.686155742,641633.4799,12.47595718,1
56307.91438,-1.103535956,2,32.67345161,0,0.505615518,222721.8116,3.895766938,1
16575.31099,0.283544201,0,56.85961925,0,0.18733137,29539.06354,-12.19879962,0
116781.0408,8.776878382,0,22.89408375,1,0.409709817,34984.89462,7.26231024,0
155080.415,11.69024788,1,77.3429947,1,0.603650703,49515.89758,14.60358509,1
148361.8139,8.742778634,1,39.67627535,0,0.102392314,51597.4568,-0.036737732,0
142136.4015,16.48120549,0,45.77829742,1,0.300943359,29697.85425,25.28062995,0
86720.73137,-6.015284601,0,88.45231929,0,0.576563973,-97395.53377,-16.61904607,0
77376.50442,17.1539417,0,4.765483203,0,-0.076846746,7621.567008,-15.11272478,0
204433.4703,5.453377278,0,92.49268404,0,1.16714086,124814.6876,7.537091936,0
160971.4093,-1.944320352,0,0,1,-0.814729122,2003822.648,-0.871341466,1
91514.24328,18.59482811,2,76.54184922,0,0.542588859,19373.22828,-0.174663092,0
171743.5972,13.94640026,1,0,0,0.222984149,7413.268192,5.684649823,1
157998.3885,18.81670801,0,100,0,1.211986734,35033.14514,9.593772333,1
315587.4194,11.20847484,1,12.76630839,1,-0.247502981,64267.18032,-9.387768388,0
84611.0792,16.02771549,2,30.11472564,0,0.74708668,16299.4242,15.23564705,1
125540.0924,3.133085446,0,12.02817467,0,-0.300777126,64354.47513,3.308267954,0
134818.141,8.218741401,0,100,1,0.870333321,61085.82708,7.705144395,1
177006.882,6.111795242,1,11.43950068,1,0.019182682,56591.49467,8.310476485,0
166601.6338,2.530657518,1,14.8830739,0,0.052201486,103835.9203,4.215554195,0
197442.6319,7.047676688,0,58.6569802,0,0.947343968,89470.83144,5.498588715,1
244537.1016,15.84393887,2,16.07637358,1,0.107890428,39689.82144,2.119551979,1
376230.4196,20.89689763,0,31.28022427,1,-0.085997559,57708.92449,16.46760444,1
68383.8286,9.379427026,0,16.10806127,0,0.365561558,17394.59404,9.923221667,0
79177.76134,1.257899845,0,7.812926937,0,-0.136277473,55536.44228,10.21766989,0
182853.6652,12.40588545,0,0,0,-0.046418989,8841.213238,-17.25178686,0
136934.2723,10.31348644,1,0,0,0.502820378,7767.559802,14.65516714,0
38167.17257,8.274865721,2,100,1,0.485945302,17099.70854,12.06518105,0
283682.344,10.57055961,0,25.31618627,0,-0.252526052,74768.02928,5.307587546,1
87193.90524,20.84041581,2,44.56604787,1,0.084280197,14635.91461,-4.01118564,0
-17828.2109,17.11962325,1,53.80130489,1,0.172169071,-3727.664925,4.640721108,1
197610.4811,19.67517366,0,58.34742714,1,0.19735941,37368.38777,16.04237723,0
192132.0915,13.1834877,1,69.68613137,1,0.512590034,54026.07885,17.23867909,0
170509.076,11.66284279,0,1.528961404,0,0.076142606,15812.19496,-10.79957927,0
139746.1684,16.96555461,1,26.06442738,0,0.260825004,24620.8257,10.92079304,0
127642.3919,14.59454767,0,29.53099723,1,0.72757232,26369.37933,-2.727204166,0
243344.1459,4.449418921,1,62.69559041,1,-0.32739392,157360.9454,7.366638383,0
34382.70337,11.64648358,0,0,0,0.144584152,1914.213997,-11.70126787,0
111825.6087,20.81748963,1,17.10838566,1,0.069087569,14473.05665,12.13234501,0
57399.45075,5.304811163,1,0,0,0.395102463,5405.717949,13.17673168,0
190371.0732,6.237933399,0,43.45558218,0,0.340007935,88170.57782,8.849715441,0
76482.11576,13.81179315,0,40.93195373,0,0.221421333,18140.42278,-9.076960803,0
235536.7299,2.145665705,0,8.331162809,1,0.057735951,132580.8815,2.424571365,0
82174.66658,15.43090783,1,46.5128473,0,0.142288281,18285.36123,-11.7974763,0
134870.6756,4.197808223,0,74.37166681,0,0.548176674,94332.22972,13.64342493,0
175855.705,13.20768511,1,72.92808922,1,0.671776837,49962.65931,12.36492831,0
17836.69712,3.699535788,0,100,1,0.67091442,14432.05319,16.49990871,1
200054.9176,17.27237271,0,51.49230523,1,0.320695501,41470.06426,9.167303306,1
306706.6256,0.846128059,0,66.28287892,0,-0.156896686,455078.237,-6.261178461,1
21056.6,10.58918234,0,31.18149805,0,-0.054870913,5869.194953,-5.538637282,1
64241.18074,1.783380258,1,7.76960317,0,0.047568695,38641.92695,5.892874836,0
222784.2874,22.26185488,2,89.77708298,1,1.248587952,41455.91761,35.28071911,1
209546.1774,0.626707648,0,52.70392691,1,0.227012465,319232.9232,3.830890132,0
124326.2002,20.31788045,1,49.79691928,1,1.221224264,22005.69714,23.30571866,0
114588.7708,8.27469445,0,1.584674012,1,0.150127397,14302.29684,10.48570053,0
-35187.6307,5.922370108,1,55.2572548,0,-0.490547359,-18014.68093,-0.760041206,0
233166.2596,2.524541529,0,100,1,0.560062415,238222.1069,21.0017739,1
232162.1736,10.05901854,1,92.89931757,0,0.098276128,87761.13018,13.3642186,0
14065.19934,-0.178704352,2,72.85733508,0,0.134142322,33249.5043,-20.60781351,1
222677.0726,18.61888929,0,58.34169894,0,0.777791699,44259.155,7.016119297,1
233157.6634,10.54640537,1,92.24598593,1,0.677462728,84483.85491,25.657224,1
255287.5088,4.571068577,0,0,1,0.24084222,26920.74972,-11.67422735,0
139115.6029,3.327587203,0,86.90724037,0,0.983633498,117068.4758,-13.13672836,0
46327.79573,19.98126281,0,23.88666347,0,0.46978577,6926.533892,2.07959539,0
235617.129,18.5579196,0,30.9442565,0,-0.075107348,39829.11451,15.78633622,1
212204.0588,15.09428103,0,39.81297029,1,0.604020809,46421.46068,-4.569858989,1
283418.9585,6.476236827,0,57.23464857,1,0.739215938,136565.3792,-8.213390719,0
158051.9736,13.2421615,0,0,1,0.769589735,7259.772051,-4.534475208,0
352063.0354,6.012125873,0,33.45878021,1,0.302291451,156774.432,-0.143729186,1
22879.28923,14.74651124,1,51.08913376,0,0.167312619,5436.909946,-12.87127034,0
163750.6529,15.28924042,2,41.38027644,0,0.123300377,35653.1026,1.978550146,1
217867.4388,12.44822788,0,62.58334879,0,0.268735885,62854.86455,3.488069423,1
200694.0635,22.67316786,0,100,0,0.854434728,37670.33304,18.5625956,0
268160.6007,4.889333141,0,77.13939309,0,0.900426361,170057.5301,5.616036832,0
82801.25395,5.247114911,2,66.65721728,0,0.331878568,48308.75537,12.64292735,1
56053.63397,14.152071,1,84.25660891,1,0.501821458,15430.38897,2.057931314,0
78787.63726,4.394210708,0,49.74492421,0,0.634849494,48719.33497,-0.944605361,0
52109.00183,-4.501270185,0,41.3433206,0,-0.779882152,-78598.10099,-2.202359146,0
141538.2349,13.26807244,0,5.786946341,0,-0.261851762,19076.72343,3.259598797,1
135529.1331,14.07091029,0,72.62155457,0,1.295368473,36363.34041,5.967656722,1
175992.0162,7.848800148,2,33.49434164,1,0.641841885,63772.56997,20.91923409,0
103505.4797,12.96980095,2,43.1080006,1,0.685574891,26389.41262,14.08748252,0
158248.8915,4.886829856,0,33.14219237,0,0.049550935,81758.9443,-5.229726464,0
132719.4977,7.652604777,1,21.60106276,1,0.645083525,43474.77268,19.65474241,0
306034.786,7.188308799,0,47.34337992,0,-0.206660722,129946.2489,7.25134461,1
67803.39698,5.219191135,0,0,0,0.027464357,6447.953041,6.181419416,1
249207.8098,0.554698332,2,0,0,0.20840773,67637.36818,1.095153765,1
217302.2638,18.99152408,1,12.38027774,1,0.351888932,27667.21326,20.03903563,0
96127.0423,6.413727391,0,23.62264454,0,0.341751064,37094.15395,-12.57062552,0
55699.15707,14.4825119,0,46.24997765,0,0.18421468,13201.95159,8.929952119,0
254509.6363,12.18854653,1,100,1,0.007472028,82951.70443,22.37100038,0
35083.35588,14.71931052,1,99.055501,0,0.365140491,9739.1132,-5.171064104,0
161446.5152,10.57593024,0,66.57103493,0,0.014526998,54364.51324,-6.805400137,0
289793.3195,11.21822999,0,39.1266437,1,0.264669017,81347.75609,-6.593980912,0
246999.3796,9.524549314,0,30.83775217,0,-0.101713714,74800.56238,5.103841826,1
45603.79492,8.452809038,2,0,1,-0.047858654,3054.406495,-20.00112864,1
351260.2518,16.07460682,1,18.88112677,1,-0.2219146,59130.29701,10.58667499,1
-14078.33767,2.725192631,0,73.20911355,1,0.067077554,-12852.42665,0.918050414,0
46094.83549,16.60472544,1,28.61707206,1,-0.109743043,8588.940275,-0.41868521,1
17754.284,13.39243101,1,100,1,0.253475087,5291.906467,-5.121587857,0
296775.1319,18.52359423,0,45.14793516,1,0.133455664,55620.52968,-2.143097336,1
191882.6625,12.40445594,0,35.39640047,1,0.352473568,48306.79581,20.24757911,0
93155.87282,16.77171325,1,10.014709,1,0.198175821,12328.55341,0.067954104,1
268798.9643,1.837947525,1,68.76405278,1,-0.059417162,298245.8561,13.84619779,1
248280.7911,6.457499847,1,82.5790497,1,0.155746243,130410.6739,0.719648984,1
100153.4526,10.30086917,2,16.29177009,0,0.567268149,23724.02366,16.67825408,1
346431.9749,8.358133712,0,0,1,-0.461961778,23234.6799,6.050464858,0
279340.1869,-2.437076119,0,66.04385497,0,0.875244471,-2697018.675,-2.277474764,1
165210.5647,21.89184503,2,93.11370635,0,0.886731949,31467.06911,11.67520418,1
320884.3868,17.18451825,0,29.34032037,0,-0.274860667,57733.30704,3.175992791,1
146053.1669,-0.937957616,1,85.17522969,1,1.104924176,614466.4906,0.187321197,0
165611.0544,14.69018121,1,0,0,-0.168670016,6830.694582,-4.30157059,0
192144.4077,11.96157783,1,100,1,1.04060945,63650.0303,22.63769584,1
69266.35869,5.517395353,0,38.01921121,0,0.615711027,34009.2153,15.46671745,0
227042.3636,-0.445965623,1,53.9193327,0,0.626503794,587976.9614,2.136261842,0
72432.91729,17.84644546,1,67.75095714,0,0.576888355,15384.58425,11.15071284,1
20515.44986,0.255934322,1,15.36670942,1,0.227694248,25819.42546,16.47105686,0
160579.1091,7.165268683,0,94.40759149,1,0.955520094,79980.39871,6.469373197,0
10453.77531,9.046663243,0,76.22566834,0,0.32286794,4120.194034,-0.765279186,1
13993.57399,12.5190582,0,52.31577597,0,-0.248863724,3907.386127,7.143428349,0
130294.1619,1.482682613,0,89.66691895,1,1.302429582,168996.8856,31.30399304,1
138476.0242,1.360106944,0,100,0,0.935883172,190636.7833,7.491744301,0
157387.5503,2.535192893,2,24.20444877,0,0.295197889,113467.7733,6.22046655,1
186962.3082,8.934145854,1,46.13641849,0,0.346852388,66106.02097,-2.881193694,1
156357.6047,20.36691038,1,53.75887616,1,0.719408,28098.48209,11.26517804,1
205676.511,8.565224539,1,100,0,1.200459959,90229.34104,9.8018461,1
93771.16196,7.985072255,0,23.56874782,0,-0.107608124,30383.29353,5.807050779,0
107608.09,6.673551036,2,77.0339407,1,0.65719389,54149.37123,7.948035018,0
129897.1982,17.61006128,0,53.21875737,1,0.563603701,26612.5852,20.39510662,1
-11078.16103,5.665269098,0,36.40512669,0,0.090649275,-5314.896033,13.11131177,0
48501.96186,15.8419121,0,100,0,0.37875798,12658.72057,-1.109538848,0
231856.4737,14.47307041,2,66.87891794,0,0.360774183,59767.82327,10.41096185,1
237829.5407,4.614738802,2,35.60045659,0,0.511939338,130413.4855,-2.111302019,1
151815.5996,9.116106884,0,89.57457535,0,1.047096355,61910.97349,-8.086855314,0
241330.472,13.36414725,2,24.14829613,0,0.225368756,51229.25531,10.78245016,1
315312.2362,19.04152661,0,18.58008068,0,0.372679404,45306.79234,-7.805027419,0
36171.0686,4.726814338,0,33.14993791,1,-0.284009036,19063.82681,12.24240618,1
75000.81674,-0.995946533,1,99.60837669,1,0.918511062,345153.0005,7.007776463,1
193453.4591,6.960764344,2,75.38497011,0,0.816616159,93866.75267,15.77829511,0
192079.9043,12.23152467,1,11.59517051,1,-0.327554271,35255.88995,6.046415951,0
111112.0999,8.826120222,1,8.323394543,0,0.424492132,23859.17354,-16.26311958,0
370053.9873,12.57543403,1,4.034325814,1,0.1555652,45594.20307,1.833241811,1
114267.9346,17.25345684,1,20.63174821,0,0.40469969,18473.77321,5.222451128,1
-26082.02474,16.62863922,2,63.6539266,1,-0.255243115,-5787.106264,-1.203495492,1
177762.3381,15.92509294,1,63.02300878,1,0.845575058,41410.05162,-4.479891726,0
219150.0182,8.483623015,2,90.07018604,0,0.513411494,94548.91223,3.949470732,1
79557.10523,2.690301846,2,0,1,-0.403625371,11763.85334,13.32631745,1
82577.82878,5.789853507,0,0,1,-0.003916599,7208.269757,6.313903237,1
240019.8255,2.00847888,1,96.37529592,0,0.853341491,274896.2786,1.27277652,0
257537.617,5.128584066,0,93.2064018,1,0.804476757,164524.4054,1.127908647,0
291522.6761,19.83711975,0,15.41324789,1,0.079800359,38214.86793,-5.08723882,1
17216.92448,10.02204873,1,53.16366006,1,0.113140058,5725.192705,16.94828228,0
105361.5611,20.7624476,0,100,1,1.173512715,21358.90279,11.98186219,0
80054.37928,17.29841287,1,50.275964,0,0.260667182,16496.14589,12.70319831,1
266165.1425,12.97887727,2,61.06889298,1,0.113334254,73544.801,27.05990416,1
337972.7983,-2.984062577,0,68.48545877,1,0.323920618,-1461592.955,3.735248444,0
258498.9832,0.919481295,0,7.919270168,0,-0.041490528,203172.1728,4.40119028,0
247192.8278,19.08482171,2,67.78364301,0,0.695732779,49786.91322,14.45869275,1
196686.701,1.170010882,0,23.07271287,1,0.620754276,199964.3385,-2.170705944,0
171469.4251,8.046234587,0,12.74587751,1,0.189143234,45986.76915,-2.879912238,1
100718.8617,14.96312188,0,61.7891784,0,0.601480055,24668.30871,7.22753672,0
78271.34429,-2.03812405,1,72.86424492,0,1.053184108,-8860377.512,1.444968335,0
395677.4485,7.571390995,1,7.668918289,0,-0.448209926,93784.47035,-5.977206171,0
28772.85306,8.058813831,1,67.97991104,1,-0.204569576,12265.26484,2.892496106,1
-27451.91219,16.22104278,0,85.88761721,1,0.011833949,-6822.216454,-3.570757181,1
96540.01173,22.29308557,1,10.54632291,0,-0.035906719,10054.4031,1.139007537,0
199897.9806,9.7919101,1,86.44692454,0,1.044874821,76047.82968,-7.159871029,0
226424.9855,15.08449393,0,72.35253636,1,0.539493975,57194.61583,9.528270401,0
14076.23694,15.19361419,1,49.01941917,0,0.318604872,3165.83868,26.71000216,0
233874.1831,1.109859779,1,62.59137546,1,0.185806087,313379.0999,13.5684874,1
14362.10808,17.05827946,1,93.53866552,0,0.31781649,3336.696552,14.80125741,1
146115.8981,5.118381741,0,15.60669304,0,0.004840273,58848.47026,4.006378532,0
142431.8453,12.62399596,0,40.0302248,0,0.612084743,36430.74134,-16.49308527,0
292797.8295,-2.890198092,0,97.84767332,1,0.916809638,-1514237.252,11.157318,0
304969.2145,0.902941739,0,100,1,-0.149576616,485933.5227,3.173401462,0
222527.4254,7.711433673,1,100,1,0.687139465,105971.2083,4.532287791,0
52340.87989,8.515514184,0,62.32150013,1,0.273182207,20774.50594,5.629255598,1
118530.6931,1.580635486,1,77.40777121,0,0.814096967,144825.1533,7.56760779,0
279108.649,14.86607996,0,66.53505105,0,-0.45894155,69821.4847,-3.052032818,0
175999.6447,24.19051541,0,100,0,0.992126721,30987.72026,8.587555394,0
327633.9564,15.26768099,1,25.66053318,1,-0.100017128,63085.79317,10.80519527,0
195346.7655,19.20793353,0,52.5273452,0,0.423848015,36757.18377,3.173316603,0
90687.80341,0.576944315,2,35.76886451,1,0.370070125,127867.3486,6.908819217,1
244205.6955,6.950300872,0,47.51556116,1,0.412156584,106482.577,19.75226839,0
175717.4177,19.22542622,0,56.01858239,0,0.652059324,33538.78714,-7.009340984,0
222201.8858,14.90045285,1,8.196198922,1,-0.257925508,30589.10094,0.279976458,0
74508.70052,3.565522139,1,84.44071295,1,0.497420382,59663.00912,7.895278266,1
42742.93446,18.62357902,0,22.66571338,1,0.006245517,6655.433934,9.78449986,0
-9440.240571,19.67321162,0,87.4768852,1,0.075730334,-1974.239616,15.72486791,1
108510.6786,11.53787991,1,6.781959912,1,-0.229850146,17198.58524,0.398060354,0
207664.2302,15.63802226,2,78.75929784,0,0.746969307,51757.64956,16.87755951,0
98789.77276,-0.963347,2,69.0267619,1,1.058941563,406317.2829,0.467820385,1
146810.6585,11.75189502,0,39.13086294,0,-0.409011693,39639.35507,7.128679515,1
96461.86042,24.50173792,2,58.24130609,0,0.427672631,14968.72231,13.47657287,1
61992.06221,0.66801019,0,85.79009193,1,-0.097034495,103907.1096,9.436270443,1
39605.5222,20.29840724,0,26.96487376,1,0.104107762,5910.592045,9.924010063,0
258395.4042,15.97333152,1,6.717461635,0,0.286186811,31149.22563,2.806129456,1
64569.12802,3.577905392,0,1.770526875,0,-0.142619904,15307.97872,2.552320389,0
208013.3738,16.74477044,0,83.8436559,1,1.009829963,49399.99642,33.21735318,1
15281.93163,9.23422553,0,89.41513547,1,0.544364093,6067.198519,18.39919044,1
148771.6774,15.74477939,0,34.31930742,0,0.462541846,30015.37973,-5.421604324,0
35591.84419,1.687284269,1,16.62219181,1,-0.096571626,28244.20753,2.323438438,0
155549.5528,13.97815701,1,48.44968487,0,0.645241417,38188.60829,15.82079317,0
192767.7644,13.68529267,0,46.1104846,1,0.936318273,47605.74605,2.842425483,0
79907.15748,5.815253438,1,11.65926138,1,-0.315779088,26707.89818,22.83378976,0
281919.2366,11.83446925,2,33.924877,1,0.43993524,72926.20265,20.3584759,1
247914.5298,-0.677452057,1,77.74290005,1,0.091481499,820730.6716,-3.919989852,1
289839.8263,-8.349958542,0,65.72025431,0,-0.297015189,-192498.2183,8.683334457,0
105929.3429,9.155976097,2,95.34772665,1,0.461385585,43423.92233,-5.747106813,1
200670.7746,15.91219939,1,0,0,-0.011815909,7847.046123,0.505040267,0
106886.0938,13.85855052,0,6.700116875,0,0.43763418,14599.29465,8.551911893,1
5292.168431,16.75661478,0,38.62176606,0,-0.582892003,1073.98736,-18.66246506,0
174734.0956,20.29170215,0,81.44952255,0,1.098697111,34579.08032,20.29483517,0
19125.85004,7.744367423,1,36.05214505,0,0.022601811,7157.255638,12.46714761,0
228996.7565,16.60960247,0,39.60883119,0,-0.032868661,45904.97143,-9.788690977,1
174987.5458,13.18201868,1,30.52044935,1,0.477796516,40258.80031,24.35535999,0
92760.46951,15.03080514,0,28.95776866,1,0.089266503,18694.72516,-13.71513881,0
239710.2348,8.092963093,2,43.95973816,0,0.975540747,90878.82916,-4.386172419,0
-55154.76643,2.192593345,0,63.68916289,1,-0.184196417,-55115.31666,-6.170595061,0
170470.3206,13.54924393,2,68.88596782,0,0.699479183,46720.00239,-12.38765918,0
333280.5224,9.878160936,2,72.52819425,0,0.056626156,120948.5452,2.954250494,1
44291.23422,18.14899295,0,67.69261067,0,0.69316899,9419.104949,1.911507496,1
64049.17639,17.19438195,0,4.486677616,0,0.459060879,6311.275909,1.612929596,1
167955.2008,5.365198461,0,71.52399416,0,0.98942583,97922.67543,1.30378351,1
265018.1791,11.07272073,2,70.45975972,1,0.745518521,86826.45254,15.57497432,0
56396.62951,12.71140143,1,60.68445812,0,0.685363698,16059.38946,-8.249225969,0
32348.50017,-1.670319418,0,21.01646557,0,0.339592935,307609.944,-5.024850909,1
218942.9344,20.51078249,0,46.31653966,0,0.259032915,37700.81598,-27.50909075,0
256051.7572,11.35964753,0,0,1,0.377171235,13345.09784,10.79557441,0
209168.9535,18.81247506,2,80.88600969,0,0.572993095,44377.28802,9.620769086,1
169678.7085,5.604634855,1,10.79875697,1,0.186202577,56856.66524,6.336784056,0
-5164.060412,10.02467842,2,21.30823704,0,-0.123846269,-1389.839625,14.1264382,1
-7747.239878,7.182386688,0,18.27261354,0,0.188052367,-2624.051687,8.509713179,0
-5749.717849,12.2119303,0,77.83828651,0,0.339138641,-1785.541089,-3.61179024,1
97164.93915,13.91629916,2,64.09491956,1,0.407247109,25667.62691,14.29805178,1
130424.496,13.74549189,0,41.91029074,1,-0.019216838,31226.893,22.13516838,1
268299.3411,3.34794462,2,38.15653093,0,0.472077641,185283.5023,-2.193415792,1
145619.6286,13.94493133,0,94.20159502,0,1.24651661,41790.11562,15.57224084,0
252594.4985,15.0565481,0,47.72779212,0,0.744961456,57851.58758,-3.503289651,0
101587.4353,-0.85825065,1,81.53170726,0,0.961139589,393701.9224,-18.15580303,1
126896.0209,1.755369055,2,42.06030949,0,0.676679647,127970.1152,3.545006572,0
167486.9611,19.1071974,2,30.16901036,1,0.084831933,27470.61302,10.65443874,1
133703.3509,18.24458735,0,24.48492008,1,0.459298402,21673.56701,-8.534431934,0
8086.700182,4.514229388,0,100,0,0.724827213,5728.072711,-0.810113654,0
101152.145,20.76129378,1,16.90897242,1,-0.022570423,13068.87958,3.81347453,0
133754.9339,13.6041996,1,77.50498126,1,0.388667504,37642.45286,31.23069396,0
6471.844658,10.61372562,1,0,0,0.042168742,448.1346065,12.94276134,1
242089.4258,1.933045223,0,29.35231052,0,0.474930621,212185.1882,-9.612927469,1
316717.0858,8.986473507,2,15.30446946,1,0.061039413,82121.92488,2.504988589,1
358725.6091,4.325194744,1,15.69514075,1,0.467476362,162873.3585,16.04722826,0
142873.8548,7.212426218,1,0,0,-0.25811434,10787.2339,14.81076314,0
230861.887,0.051161212,1,74.03903358,1,0.093172552,487515.5475,5.499648176,1
84095.45202,4.208236268,0,25.6133184,0,0.619591123,44790.84707,-4.80913407,1
199048.881,20.08113756,2,36.05257518,1,-0.093144644,32830.24175,13.69519885,1
90181.9174,6.107537018,1,43.81543383,0,0.438849365,42705.88575,5.371190745,0
19232.40389,1.438612253,2,44.79855117,1,0.506174515,21661.89051,16.34844149,1
276141.5795,2.374883433,2,62.42607398,0,0.296540885,262870.5353,10.85605119,0
74123.62859,18.52600045,1,67.4696173,0,0.246181145,15371.61058,-6.252117426,1
79882.86829,11.33417256,1,56.7284343,0,0.788168769,24329.10574,-0.230460692,1
150781.0918,14.17602011,0,43.07770442,0,0.481157892,35491.34832,-20.87850203,0
33306.9946,14.90826531,0,58.96114936,1,0.126508873,8030.991624,7.443294759,1
322771.2701,-3.73999675,0,55.39628878,0,0.445403831,-751369.1049,-13.87850852,0
112523.903,11.85969542,0,0,0,-0.11284366,5698.177034,-7.318092791,0
194566.1467,18.00032308,0,39.65524215,0,0.189213412,36303.34765,11.04043695,0
339462.0961,5.651728973,0,98.36932834,1,-0.51707675,204503.323,13.81852749,1
-92792.71123,18.15037111,0,13.36377128,0,0.25785162,-12530.30775,3.490766918,1
201048.5735,9.650785302,0,41.39749512,0,0.502893168,65078.68086,0.023046731,0
34552.501,18.00025939,0,72.91013895,1,0.100697807,7373.822686,22.57656537,1
43174.91001,17.92166313,0,51.38778083,0,-0.216656947,8637.182886,-6.278348745,1
168414.3594,7.918393567,1,31.8819796,1,0.739390656,59801.1419,10.09647403,0
339031.7831,8.531777228,1,59.22139009,0,-0.287617344,132435.7549,4.022822365,0
55496.50502,15.34811182,0,22.24655636,1,-0.428536187,10123.77964,1.231231527,0
75339.83456,20.12454423,1,8.832019462,0,0.086625599,7992.558688,25.86907488,1
172376.5613,1.175989486,1,98.72600737,1,1.285535257,250292.4607,-1.188738238,1
99976.49474,4.478374302,0,84.22939425,0,0.924698479,68825.75341,-18.48252744,1
30954.49326,20.37566492,1,0,0,0.024359126,953.3474966,5.593866646,0
67097.05827,17.40334992,2,93.06679307,0,0.446100806,15892.45479,2.313098524,1
325735.913,8.385353202,1,23.87459982,1,-0.195766702,102033.0978,-15.43203325,0
33791.67766,16.22608608,0,92.94845722,1,0.690937745,8457.603002,13.39957927,0
155573.5303,-3.517511168,1,9.531269512,0,-0.490539861,-250663.7085,4.293337439,0
975.4942172,15.64924483,0,9.786930437,0,-0.283798766,51.34170509,11.22286513,0
-6209.10009,18.39294339,1,90.64544406,1,-0.084995564,-1380.607915,8.249259013,0
251186.4985,8.430630043,2,64.95612187,1,-0.215753004,101154.5782,-4.723566623,1
144585.4441,-1.893338811,1,57.43204303,1,0.504457971,5537223.912,-0.428874287,0
352308.3702,13.84664821,2,53.43648745,1,-0.567035409,89127.4173,-4.466239928,1
30557.76172,20.34523501,0,51.11345673,0,0.296209568,5426.857485,14.96755962,1
220584.3013,13.05415816,2,23.08272086,0,0.013867886,47225.51988,17.28412349,1
316952.0292,1.857615356,1,66.90231546,0,-0.138600192,347786.7602,14.19628763,1
151547.9818,7.565459142,0,47.83806995,1,0.284734973,61813.01069,13.58112414,1
200041.7433,17.65353011,1,1.251622402,0,0.214245572,12040.37444,-9.802617223,0
221720.5781,13.66960527,0,0,0,-0.020673425,9860.562229,-4.040299778,0
146163.4284,13.76675515,0,75.30691333,0,1.03240274,40228.84512,7.924970915,0
262130.9173,16.21458188,1,87.62619145,0,0.798000145,64776.8955,-12.96711735,0
54148.38009,10.32381415,0,100,0,0.429294842,20336.30311,4.407632559,0
149780.9741,12.43420779,1,80.176364,0,0.590496581,45745.14765,11.3092995,1
131825.4594,23.32990003,0,24.74271968,1,0.113893092,17148.26135,27.60648072,0
111604.9165,11.39021811,0,85.11497268,0,1.563196292,37363.21718,9.555360258,1
201252.0844,10.55496847,2,68.07342053,0,0.430150811,68107.54582,11.24842278,1
183554.4264,12.51936574,0,85.13650225,1,0.769281511,56438.49632,9.511621765,1
119236.1989,14.0925478,1,0,1,0.064339121,5302.259207,9.186463341,0
270386.2058,9.072763662,1,95.58738071,1,0.569151281,111843.6184,18.89382808,0
162645.0303,16.7134098,1,74.35448104,0,0.773403875,37709.75031,-16.62741304,0
294431.7444,19.42317719,2,22.37545048,1,0.576037936,43877.39546,15.67898518,0
93394.23142,14.36379376,1,33.22937939,0,0.337945048,20200.40588,-22.65699934,0
204922.9893,6.384090563,0,36.96886605,0,0.283393794,89500.23584,-22.53822208,0
166800.7071,13.23914924,2,55.84694642,1,0.842596432,44503.71083,15.17085053,1
51075.90642,3.655502725,0,60.80209663,1,0.031235357,37324.22743,12.58329657,0
301590.0843,9.285025286,1,0,0,0.161758289,18629.68595,-10.21231449,1
26889.46402,6.67082065,2,29.61455363,1,-0.032571177,10771.25712,21.54576417,1
195780.9379,15.56898285,1,16.68360421,1,0.540188913,32544.04821,23.22536101,0
271606.3542,9.432585148,1,55.20501173,1,0.636674583,96040.56913,18.56070116,0
38901.82235,6.170746858,1,56.49995451,0,0.162066867,19274.50358,2.216902676,0
203259.2644,12.22071503,1,24.2881759,0,-0.043675806,46693.42213,6.558394196,1
14009.80709,10.98523007,2,89.92269274,0,-0.43309855,4790.497561,7.757567775,0
256602.6172,4.643524035,0,76.85696784,0,0.485903376,168795.2131,2.139817973,1
-3234.698552,18.95591874,0,87.76219131,0,-0.66817222,-788.8545275,-10.24146928,1
-55479.90393,18.78051567,0,65.78505327,1,-0.372050469,-11328.14272,4.384716988,0
141478.6738,15.2033122,1,52.77889972,1,0.353091057,33044.37106,11.75984252,0
215525.8101,10.600017,0,0,0,0.167418421,11835.34648,3.371493845,0
139040.5809,15.42012516,0,100,0,0.979681381,36948.42966,5.89547863,0
148383.172,11.33729925,0,55.26562875,0,0.380664225,45069.56565,-9.984449193,0
-46377.43009,10.22201204,2,66.28623191,1,-0.041795145,-16143.56279,12.8082708,1
114096.6394,8.290209298,1,68.69222284,0,0.297048278,47280.14987,0.194960584,0
113449.5947,16.12906467,0,57.78966899,1,0.69268286,25649.02262,27.19685722,0
64611.96451,3.529464476,0,21.47652172,1,0.747961365,36930.1689,7.131888911,0
184002.7406,0.201426941,0,12.80076138,0,0.413067715,225176.0975,6.737595987,0
321249.2844,24.26147573,0,63.09478576,0,-0.166330027,51104.89279,9.964732101,0
236486.3251,5.836247502,0,100,0,0.395453458,139560.9835,8.538185006,0
170913.46,13.7443928,2,78.30321034,1,1.055949256,47617.66395,-4.081913623,1
118271.8725,18.31133902,2,100,1,0.55834508,26868.79902,16.77606263,1
94207.1769,17.49885158,0,77.96076158,1,0.632334128,21153.82922,15.60944812,0
