area,rooms,floor,dist_subway,building_age,management_fee,rent
68.76905902,5,6,10.48201059,1,258.5776502,299.7284197
60.52799861,2,2,10.89616235,22.32835165,219.1732222,50
69.6360524,2,17,0.905629973,13.27858104,146.5796252,376.1600276
84.25536906,4,18,2.207145903,25.98717757,161.7391546,373.2211378
56.7285659,2,20,0.887997698,27.07453522,142.8257232,420.2060503
58.87779553,4,15,8.664302418,11.26254153,206.1296048,268.6070408
73.67951158,4,20,2.281265293,7.739989014,174.2707852,596.323877
69.11411866,2,19,4.88061783,9.173024438,193.2360911,396.116078
47.04091334,4,4,12.50897101,21.84423633,260.4210935,80.00288134
71.58887464,4,7,10.14082622,24.15595724,257.2729801,388.4146147
49.1206982,2,14,10.88432272,32.25257851,222.5358269,113.9178588
45.1895791,2,18,2.897041845,8.81418306,108.1457082,266.8187959
54.68748944,4,7,5.603001087,11.63261532,165.627305,358.2411266
33.54767953,2,7,3.954915358,8.413172891,156.9125089,253.5471279
29.48244971,2,8,0.361350466,10.89841193,65.69983338,223.7666344
50.87478459,5,3,2.147516475,7.828467353,143.2048387,341.1608831
52.72193342,2,14,10.27332446,33.96610714,183.3380289,96.58089357
66.58962155,4,21,1.994841351,1.293758062,149.4996943,600
43.82901362,2,2,2.438760998,32.152916,148.0245107,115.4422548
32.9396345,3,14,4.309361629,16.98900926,143.2972735,386.5306074
84.1595889,3,13,12.06660414,15.44623915,304.211238,181.3988375
55.96784195,2,8,4.583391981,7.218694036,189.6855571,379.9156308
63.90584961,3,21,9.489182047,16.80657624,224.5195666,340.8835724
26.71067091,2,4,4.695433784,6.371922507,118.090872,195.2306513
57.52152867,2,2,0.811592817,22.24421891,118.5610409,417.2690354
53.09980078,3,10,0.936098462,21.27173503,118.1567687,296.4128472
40.31429381,2,18,5.572200903,2.975214735,199.3389993,522.810515
72.58539549,4,14,6.252277842,1.126028253,193.7729204,366.0576413
39.82239342,3,16,7.7150591,24.70622379,156.0459731,202.8929542
55.19057474,6,7,7.636329628,28.95774994,167.7236911,258.9892194
49.60058594,4,7,9.53224041,26.35427717,219.7723252,126.1551193
87.64037089,5,7,2.364230486,34.58685375,214.5091434,600
61.57854457,4,9,13.17571619,21.05168532,263.4593577,59.92887922
44.20972126,2,14,13.60681073,1,259.4030059,159.8029269
65.63815371,3,19,3.687902394,8.87540163,180.0623517,421.5525877
42.17387401,2,5,2.049552215,7.487648921,136.5157938,386.5189977
63.0414208,2,18,1.547385081,6.390127266,170.3869834,411.2386396
30.30387874,2,6,6.22295651,11.40004686,157.078156,186.5387277
50.50723519,2,4,7.260948378,31.17607767,183.406161,135.8265022
69.64004981,5,5,3.325518229,27.11122743,181.5345623,336.9004813
80.21278249,6,6,6.96182017,19.86298474,188.4814256,599.1794356
64.29099638,2,16,-0.088819841,32.49028289,119.5962484,444.7427835
67.19197145,4,16,9.419280299,23.4335255,232.3381206,236.101982
51.20343939,3,21,3.403770864,31.68591261,143.8171012,306.6660956
36.02598739,2,18,7.104199928,14.75326379,159.8606441,225.3681854
46.30161055,2,8,6.363498003,6.106163275,181.4174952,126.2653128
50.61092765,2,11,1.871445604,21.53467491,113.0049795,452.7189026
76.06334048,2,17,8.464099413,24.51456288,193.6274598,226.2626538
66.17410235,3,18,2.571045538,7.397783186,188.7161244,468.8000925
35.70935377,2,15,6.181814184,16.91176255,129.1653304,293.9223789
73.58453485,2,22,0.24013889,24.20175813,140.2077074,404.1017364
46.6006092,3,13,3.283125252,15.96535552,124.9772892,256.1521668
43.81993417,2,10,6.891321818,19.58217855,200.7175622,157.3916991
56.96556652,4,17,0.883618196,13.28227951,132.0658138,532.8147214
71.25511019,4,13,1.63227864,18.06751954,152.5423068,518.8131948
71.74836468,2,15,6.294926719,16.11595406,222.6363683,151.031565
43.91962496,3,19,5.031529728,21.76953004,191.908594,291.8357256
49.66707333,2,21,6.671437564,17.77261697,185.1106826,50
65.41432032,3,7,3.90504159,36.48999254,150.4315131,160.5586647
72.6997453,5,5,8.236288511,2.85579368,253.0597477,414.7152376
48.38871224,4,14,2.82585588,22.13864974,101.677126,471.6786992
57.97039413,2,14,7.91591786,25.28591947,196.8146194,72.32065153
40.53899635,4,20,2.427944469,26.95540976,153.4027645,411.1118035
47.83954107,2,15,3.102049514,22.66865983,137.7998268,302.2932277
71.36975007,3,14,8.076120233,32.0806052,214.3068964,294.5533127
78.59377835,4,21,3.36025482,20.4373024,185.5561046,600
60.22755963,3,5,0.725870954,1.981317715,138.1054692,468.6707966
65.02396236,3,4,13.16255613,16.23657962,272.4620546,50
71.4923051,3,15,5.959170386,26.94452886,210.7799987,177.302843
54.24770228,4,19,7.705088939,25.68870978,181.2350739,305.5320295
61.45559213,2,20,3.345398408,12.15049306,116.1019431,541.7267106
77.41726594,4,12,11.28742322,10.44510449,279.9563976,337.08306
54.41263074,2,18,15.8448858,2.956852402,330.3648437,69.53772359
76.41992283,3,16,10.89170241,1.533360527,264.7949918,357.4198387
12.22014372,2,21,11.41720287,35.81843784,124.4242264,50
65.11649766,4,10,3.919516755,20.44703495,184.0605458,348.5385629
48.07014548,2,5,6.949047953,8.316939181,219.8187917,193.7829716
53.69683906,5,16,7.418142271,9.47452517,207.7345326,406.7989479
60.69362897,2,20,2.430034164,30.28821239,175.6042163,436.6812088
36.59184824,2,17,5.39715179,26.51385812,153.5215747,300.5381664
61.64034339,3,9,1.570454779,9.129183802,164.9987356,467.0123559
61.68671718,6,19,4.19850926,35.58052664,145.6907334,397.3252111
80.93013265,5,3,9.509832259,31.090945,247.3289034,129.8191702
57.74140789,3,8,1.24637364,23.22535869,129.9061422,294.2924101
45.63008329,3,20,9.369400579,29.24811084,187.4659276,203.2465258
53.32658341,6,13,1.18033278,7.562680048,130.6657563,443.2834872
70.70131095,2,17,6.010444588,11.22271699,211.6905081,307.0266613
65.12745692,4,2,5.963805725,12.54364631,171.3674259,398.3221407
52.47204604,3,16,7.604759577,3.17151712,218.4528191,375.9262229
65.95440286,2,8,4.719414877,23.77271317,159.5526767,197.3819604
66.78571218,2,18,1.199697664,10.6391176,148.6588263,390.1691402
70.20813628,6,4,6.409242221,34.68087827,198.2711219,392.1481043
50.04590254,4,13,14.31355271,6.396333336,244.5418459,156.4305675
64.00256787,3,7,5.626134692,9.319543925,155.4803023,270.199852
55.67487079,2,7,1.822249903,26.83164935,122.6085522,228.9764565
34.06466924,3,16,3.710176051,16.78663523,96.14750633,337.1897264
66.17938315,2,9,5.584241947,7.54071982,213.325137,251.1747876
76.07596396,2,12,4.569016757,7.496082503,180.7371761,396.7678835
60.272838,2,19,4.322306483,22.02996365,195.7114622,418.3024343
60.44929674,3,19,10.4823047,14.67977062,233.6373178,105.2110003
38.79535129,3,20,7.814155335,5.508090566,183.1115917,210.4263707
55.06757565,2,9,4.942618239,1,141.6149193,419.4514824
54.46800617,2,21,5.397316032,20.51064995,172.1639022,385.7093287
42.87561827,2,9,6.340309562,18.01117324,161.7039861,84.46795838
59.45050364,4,12,7.962668614,26.09248776,171.9466707,322.3065442
59.94569055,4,4,10.748707,23.82112628,230.0940715,147.4646859
86.73058781,5,15,4.350850394,31.13083126,190.7412604,600
72.17716189,2,10,1.72653848,11.4498883,162.0354606,361.0876754
63.5034276,4,2,3.163942135,19.51704508,161.7985619,429.7237775
54.26710274,2,2,2.127245673,4.890656324,139.3315015,201.062203
32.42285977,2,14,0.393365504,32.36733161,81.60321194,424.2205971
56.83438181,6,12,11.29111764,11.99639367,236.8345245,373.2190551
61.44650994,3,3,8.892413587,32.52943574,214.5257216,222.0788243
91.06589182,3,21,3.331024552,4.167785239,206.0013632,600
61.0129606,3,13,6.531569136,21.83031268,168.0724871,249.7800229
65.14640685,4,18,4.109798411,20.69819986,158.0816639,328.3995451
54.4698297,2,16,3.935553435,2.40531691,197.9891607,339.4532135
44.26844406,2,3,4.221599127,24.54100123,158.1051869,50
86.81822973,4,19,4.904770165,2.16254673,251.8125915,453.7538236
67.29962506,4,17,5.798561125,13.89381989,223.4742721,434.9942542
75.65362207,2,5,0.404488586,18.27925751,143.5755518,356.1358812
48.44886148,3,10,12.21568621,3.573940342,247.8872407,120.6398214
83.05840838,2,4,8.263227145,32.60789628,232.650347,50
43.47352917,4,15,1.038143602,9.309989872,131.3345084,362.1417569
67.41785049,2,16,9.583501156,24.97057847,221.2019596,157.9826695
93.61851019,5,11,4.200969227,2.607299098,232.2111014,575.2162777
45.6332502,2,3,9.498566248,33.71980112,187.9051264,50
47.22687611,2,18,0.175311672,25.14098062,113.1258944,352.2613952
63.78875797,3,11,6.454239863,16.60259154,210.0578068,396.7184395
50.63565608,6,10,1.180138015,20.93740593,122.8783602,600
45.89114058,2,3,2.483848576,30.59818363,121.6764654,86.90522365
58.48914671,4,20,2.454830407,14.32007426,155.3439251,492.4456094
37.46390391,2,18,0.921468985,7.791723395,142.1081954,546.9217216
72.70596762,6,12,0.276077865,16.42191842,114.0822395,591.5206607
42.48740618,3,18,0.246504705,22.87402787,78.5033408,411.6207161
77.18255629,2,11,6.609056911,11.81623886,235.8850044,343.5872535
50.18884041,2,19,1.177808903,25.52703867,122.0354067,455.4922457
61.83154906,3,7,6.621313466,26.87713548,192.7137409,277.685421
75.88949706,3,17,9.382606439,22.39101709,253.0974063,207.5323392
38.67830081,3,20,2.275565636,5.109555534,130.965321,519.7578626
64.05469363,2,21,5.239425739,32.84807569,161.0121877,392.6148332
78.17028312,2,19,4.161170295,31.82531828,195.9830558,312.9450233
44.19202604,2,3,3.569442045,17.07248461,138.7422151,184.0925852
60.58297675,3,4,4.601749971,1,177.1404213,448.5300478
64.3932322,3,16,0.922487599,19.00438531,154.4184285,600
72.57358439,3,21,11.51870634,1.933282086,285.5214915,450.7287885
35.64465405,2,11,6.552484734,7.433480176,167.3403741,187.0403367
39.22856494,5,6,4.687871188,24.26044702,170.6555848,308.9212054
66.94611489,3,16,2.351251883,29.13851571,177.1574133,308.815097
71.33895821,5,15,7.597884829,31.97739029,227.4425173,341.1139842
64.733093,2,16,1.555202239,12.51675988,203.9655655,334.7881113
63.3051109,5,11,0.297020195,10.06324623,136.9480033,527.8002782
49.07403636,3,10,0.989185721,7.109491616,118.5193119,490.4129988
63.14900879,3,13,7.678888263,29.48004851,215.135619,241.8027003
64.20151837,4,8,5.397100392,3.242642614,192.6264814,247.7894296
53.92187758,2,6,9.150654742,30.35791282,198.3415878,177.1408533
92.88014832,4,11,9.875327974,17.12675774,254.6536967,172.5872838
62.15398002,3,9,2.959649766,33.70365919,157.9977295,225.4351865
47.47024591,3,21,5.296551428,6.341006556,139.677933,289.8267199
73.60504144,4,17,4.522979891,18.51288595,188.8982879,372.4338434
45.11614953,5,13,0.103561915,4.149901277,115.0828077,520.6410014
64.43644815,4,10,0.841009815,5.636278645,141.8349706,450.3489664
78.4421461,2,11,4.879013982,16.97080363,167.7324209,83.04541647
45.92005281,2,17,5.489827859,29.38228675,114.9799065,225.5940319
77.22505346,3,11,5.37825063,15.69764465,192.1385226,340.8667193
69.42473089,5,10,5.630891452,2.016894208,219.6135021,600
78.92628054,3,4,2.090417316,10.98800333,186.2816885,430.0577295
83.14595625,5,20,13.55478489,5.300066767,305.6980227,266.2203993
67.01101447,2,12,6.235205995,9.236087425,187.787942,170.1958227
53.17039417,3,7,3.61856685,13.50162048,161.9626078,313.5476637
50.22853779,5,8,7.1628981,16.00835553,148.1845177,342.4063164
57.34488979,4,16,2.222720922,13.95099912,99.15275495,424.5596789
60.43266252,3,16,5.390853404,17.60994488,175.6081409,460.0195129
70.28551551,4,15,7.222449229,34.28734368,189.301863,431.8254526
64.99921899,2,7,7.496902806,35.95960921,213.9635951,78.03662807
76.61184326,5,15,0.308002318,25.81853544,150.5026353,410.7708412
66.00306308,4,3,17.59562686,14.35440215,346.4920477,50
87.09765148,4,13,10.4607368,26.6413261,252.9764829,243.9532027
48.47022105,2,21,13.89557419,4.87920415,267.493156,143.4477633
98.73344932,4,15,4.749249467,5.084357948,236.4796397,531.56212
75.24402107,4,20,6.110743154,24.57759194,231.9457841,307.7531046
49.63331779,2,21,5.743838238,1.409810777,176.6795015,402.8308887
43.68946733,4,17,3.35272834,10.2451267,157.9535186,600
69.77533672,6,21,8.170780951,1.074753445,213.9586325,513.7671268
51.12958437,4,18,2.070189848,26.46577962,117.9193985,526.7707405
74.64240001,3,15,8.317875582,15.60176752,230.9800736,166.5765191
68.95585964,2,19,3.761092483,22.39522895,198.3968819,223.9769098
59.33381619,4,6,7.220485223,12.55844679,157.2150803,427.7393098
46.40353502,2,13,11.28173227,10.21281263,217.5994862,121.9042772
38.4325819,2,11,5.345674481,18.52183859,138.9585443,258.1979621
51.93091002,2,9,8.054525088,12.09016302,157.230015,247.4616112
71.22657071,2,8,3.545104126,12.45078516,173.049554,265.9420747
72.15573863,3,16,0.345688797,15.66228031,118.3473291,553.890415
33.3812801,3,13,11.97325854,15.09455819,161.1155894,136.6513306
54.76786991,2,8,8.748280715,10.23410694,206.2010699,50
69.68735146,2,13,4.680058453,22.98458104,177.0210445,392.6503335
40.64346043,4,16,7.958519286,9.909898391,177.7233931,410.8694022
52.28822449,2,13,2.249003584,19.91586435,140.046846,223.7103543
65.94446572,2,10,6.961171459,31.18809467,175.990001,169.8073296
49.15579251,2,20,6.963176264,16.08367149,216.3156345,237.7434566
58.82663152,2,3,8.150515944,10.64371091,210.5642578,246.7845784
59.43512678,2,14,12.00947474,23.53846469,266.1452751,50
70.15188748,4,14,11.56301998,26.27816325,216.2375156,456.9677828
72.30748372,2,9,0.445621317,10.75053788,137.6264154,395.5556312
48.90452371,2,14,2.03716595,25.23006475,137.2706894,377.6624061
43.78388897,2,5,6.429764813,32.42068496,149.5056481,210.9347262
71.88481753,5,7,6.531413105,1.103684762,200.7948218,413.7593513
71.31562554,3,7,1.141761163,15.6948068,119.0626065,390.8578836
74.33782121,2,13,2.087495286,26.89250702,175.5317525,302.8258337
114.6610686,6,13,2.673120083,33.29988166,235.1149435,494.0102972
68.51238702,2,18,11.48258186,23.07374433,254.0018175,133.381049
75.9374885,3,8,3.763591136,14.09288886,180.3497092,341.3702585
77.0000047,4,16,0.482062974,11.770021,138.6428194,652.2463805
75.85028852,2,18,5.438789825,14.09489706,205.8277826,289.690126
66.16304237,2,12,5.546339558,28.51140119,155.5924661,260.3493186
69.43139509,5,22,1.725969632,16.34544969,143.2987476,524.6600446
49.11452516,2,7,8.032667539,7.034486614,223.5958855,151.6047317
60.78131087,5,10,10.38541017,1,207.2093527,395.4249817
55.77838932,2,16,4.461849586,8.015563436,185.4241856,358.9445811
69.80355307,3,17,0.544177527,7.054221906,184.3876464,540.0259576
94.18057336,6,9,4.655534247,12.28424358,244.324002,518.4443771
30.00383257,3,17,6.503594109,14.01250235,156.7959456,308.96076
77.17538324,3,7,2.866531647,19.0926974,169.8827765,433.3542581
37.32451405,2,19,7.779082853,2.8757932,168.559204,204.0571369
55.62222473,3,21,4.527098761,5.759108282,129.1344208,446.5824524
75.97084519,3,15,5.192740738,25.97102108,195.8469919,266.1953546
65.59968768,4,3,4.271148947,9.772450747,175.2482514,304.4239173
39.50844372,2,4,2.593327017,19.37568481,105.7346997,263.5531067
46.97907478,3,15,4.892251118,13.8765618,157.8882533,376.9873901
56.95278038,3,8,3.31756306,28.47072165,147.0756134,374.5712513
45.90664212,2,16,4.312152062,23.38297561,130.5639574,257.5219202
67.90477696,4,18,2.552740743,19.26518262,194.2340424,470.4972705
60.91565928,2,2,7.137552877,34.53005439,199.7370298,134.8627571
45.60640283,3,10,10.49605132,15.38168314,228.9903421,142.9343879
99.30648489,6,15,2.245874013,32.49865358,193.3534889,574.3372792
70.20133825,2,17,5.366804002,22.08791753,201.524428,183.6079959
38.09161432,2,14,1.314962475,34.37982753,74.86909219,268.1313379
67.08025367,4,7,7.680555518,16.13039441,227.846791,171.1104706
51.01421347,2,2,6.505644126,13.16331036,176.959061,189.5447527
81.9615248,4,5,3.677747351,13.83209246,178.214416,357.230067
46.23888111,3,4,5.075093764,28.86034148,146.5656527,154.1508076
52.80450145,2,18,9.078497301,16.34684281,201.0731703,57.06198721
75.57156354,4,3,0.465671759,21.28704782,197.4458112,525.8423285
76.00897944,3,20,0.702966351,16.18553897,166.8025865,497.4562014
48.96456565,5,22,7.891205544,29.31366433,210.5023218,356.986762
59.38930362,5,10,5.925257702,9.287619791,213.5321787,347.1728025
61.09320169,2,16,5.225322613,18.05173302,180.2072542,150.3582256
47.64245567,2,8,9.547872097,33.61016318,181.1798899,50
85.53864028,5,21,8.536966087,9.164740901,221.541297,407.9618682
65.07887471,2,4,12.16202079,22.1730953,234.0811727,50
40.1583182,2,16,8.898716172,11.65797056,203.1533317,145.8239391
65.93269634,3,21,7.694571433,17.91837705,205.4674495,246.034681
92.64952957,3,13,5.582029405,32.33831907,226.4403397,182.3465009
79.44235613,5,4,5.582215413,11.7005221,175.0197676,386.1184903
33.80686015,2,11,5.677936863,5.901859281,161.8384684,184.0645915
48.16814542,4,15,6.794178842,2.401857886,210.2021514,494.7744511
78.32392745,6,15,0.289220794,17.65770178,120.7367719,600
53.30768238,3,4,7.258263077,24.93952538,190.0238122,202.7661417
61.2788393,2,3,4.80839989,18.32046566,202.2165784,186.7609098
83.29589973,4,21,7.013321908,32.73128085,252.493777,372.7524949
39.60031322,3,2,3.239889961,11.38153998,122.624156,210.1388774
56.2535824,2,3,2.630139823,14.75772417,164.4741994,178.0996465
25.67040148,4,20,6.276471251,6.42004644,174.730074,383.8610998
49.47184464,5,11,8.082212443,9.929538314,205.1138886,378.0281306
60.61141531,2,5,2.887562301,20.3605824,179.2058318,111.4789647
37.85607447,4,5,10.57434841,24.06638107,192.5572579,118.48629
82.00786749,4,15,10.63873153,11.2811391,278.2604881,423.5472892
34.26578147,2,10,0.369850667,11.27572244,83.64441639,394.503267
51.7983676,2,8,2.496484173,31.00935404,124.5629067,369.9509538
63.87484023,4,18,6.391503252,7.744818639,212.2057614,359.5765752
77.31273498,6,20,6.89993769,9.087990383,213.7657006,482.5678131
29.7211285,2,4,13.71736261,18.8575812,212.1975264,50
83.2935543,2,21,6.251135514,21.89058306,235.1566938,358.5707433
59.25266495,2,21,5.117637321,36.53100698,201.8817157,260.4936144
49.01780497,3,11,1.348676131,15.97530298,83.24445654,282.4549454
65.38583469,4,17,0.605221092,11.7544411,184.2589434,600
65.69987469,5,4,4.987263982,23.38499943,174.517017,543.7737784
62.62769214,3,12,13.78468166,27.20560657,279.3218669,50
55.33059894,4,11,4.779626328,32.21728064,178.2401912,423.3734
50.33068089,4,17,2.391304946,20.12386527,164.5999141,414.462534
57.199068,5,10,7.241884358,16.21870179,180.6832468,304.9911862
80.45285649,4,10,1.867147686,6.264158767,179.8340084,533.903508
83.69987268,3,17,5.747544787,18.33678674,217.2839055,259.0436903
45.87015532,4,5,9.112079717,6.543006531,197.5429481,216.8838657
78.77637343,4,5,2.064836856,17.14030457,201.4759045,298.9938381
32.59097704,3,14,10.93414517,5.390410489,202.3790348,207.1645271
55.91917283,5,13,8.628575997,24.53970792,168.1617996,459.0703556
75.76780703,6,10,11.10307372,19.0063697,246.8170756,236.7028294
67.50868231,2,15,-0.306604393,16.96296849,103.0586042,422.6625775
48.56095052,3,20,4.381484415,10.06627492,154.0364743,386.6362993
64.77726247,4,8,9.653983651,30.99858271,232.3578575,245.3288887
60.96312827,3,17,0.279533655,14.34111998,119.6775995,521.0435614
58.68797289,3,21,9.024067397,24.43846028,200.6612058,307.0343371
76.55649612,2,6,4.202829583,7.30148948,195.5265426,266.3718533
63.96881568,4,12,9.239800554,28.76397658,218.1548977,244.8703045
50.76673705,2,19,6.591305503,12.37347712,192.4860345,50
71.41042185,5,13,11.03399833,36.31788357,254.5464178,260.0096767
65.71601728,3,9,0.116386454,33.47706287,168.0665798,296.9009634
69.21978324,4,16,6.751468433,3.756434114,220.8091305,388.5433271
68.59603349,4,21,0.819218719,5.23670386,171.6127354,600
58.28281864,2,19,6.860258688,7.953857806,167.9125937,165.6634002
53.15198663,3,12,6.718769362,28.33957023,166.6603577,303.1543672
69.06004041,4,13,4.822901071,32.32869499,170.5477775,328.7008239
63.65429537,3,19,2.613063987,24.61205763,131.576139,520.8412841
59.18744253,2,3,4.352274324,3.467823151,168.8097939,205.3112445
65.48670562,2,2,5.796076839,17.3249739,190.1811534,50
79.84850005,5,11,6.745898558,19.02188623,211.9209592,373.5570093
50.85661587,2,2,13.16791519,27.47509879,288.0206804,50
70.33429095,4,7,8.835850091,29.35492414,230.6215049,248.6183025
58.93855794,3,9,2.928395474,27.37811839,185.8097517,230.8042712
60.2611994,3,18,8.152731277,6.004251084,246.9687346,186.3947082
80.14128401,2,10,9.107154474,26.93475914,226.9507408,100.9873712
71.93839395,3,8,3.07048657,26.34188,168.290162,367.3425468
71.50967329,2,18,8.454126102,28.76999838,210.0932798,220.9256632
79.58628525,4,5,0.479211786,4.125867027,167.6343969,600
63.11641001,5,17,2.754005413,18.4478404,137.9277234,476.7856823
75.83507169,6,6,-0.047574552,23.10368019,135.9632113,415.9936676
53.66163139,4,21,4.51118776,12.21477454,173.0228827,545.7686547
64.04385552,3,20,3.281227328,25.95986562,164.7726052,410.3352471
53.98058057,2,2,3.675566832,10.79682165,164.1571552,269.2590375
53.97866688,4,5,8.752278502,29.27739085,193.8753762,220.2254524
62.73818803,2,12,5.48141786,11.30650189,207.0911076,378.9358641
42.70809477,2,21,8.386606615,6.957642378,187.2212339,244.2950344
88.05696686,3,10,12.41804305,15.05789286,322.0506133,228.9779707
47.2091505,2,9,14.04591754,27.63309155,202.2144768,50
36.43047706,4,9,4.905232511,4.403332495,163.3115952,316.3591575
77.46007945,3,7,8.420453627,33.23039916,233.5777584,137.1160434
76.06414593,2,13,4.486489043,23.88640505,176.3606541,331.5406648
65.21251342,2,2,9.949481044,32.76757325,213.9949014,50
66.96578406,2,16,8.845320622,4.509887683,244.5897909,318.5861451
53.21600558,2,19,3.193358328,34.35088069,152.595592,314.4856517
41.77858912,2,7,3.579203934,11.74021078,104.078491,283.0286875
67.98675197,4,11,10.58251191,31.89732941,244.8523049,277.7684887
52.36753415,2,16,3.431957689,14.31000018,142.2698543,360.4997928
85.37457145,4,10,5.253485374,3.193086773,250.548037,450.2626338
54.10913085,2,4,7.642568047,1,170.0038725,193.2974246
55.15965769,6,20,5.520912002,3.403860497,234.1314975,556.0593661
51.53509742,2,13,11.82922299,26.65144909,206.5509181,53.97642724
63.68810415,3,13,9.934020344,13.48763995,262.6814714,309.9632171
65.15568637,2,16,1.713663576,15.0800823,151.4224071,348.946014
43.49141294,2,8,3.465158811,21.53716766,116.2856386,178.6271166
71.58865008,4,5,8.277097503,30.48011454,221.0721386,297.6302773
63.51454308,2,10,5.467974846,3.416276519,217.8010508,260.9125913
47.01115611,2,17,2.159424551,28.08837163,88.58618635,329.6097804
45.78092856,2,14,1.448392074,11.08361503,138.3201985,334.0226211
64.00666736,2,5,6.471519113,14.45174161,198.9202289,52.86446148
32.66118315,2,10,9.008586313,11.1279582,191.7161529,136.2253948
37.41031938,4,19,9.39098684,28.03848699,177.814065,307.9440611
39.70071408,2,17,13.19638504,26.7122676,208.7077307,50
58.57035403,3,16,3.003550966,10.60184936,137.1470962,297.2781086
56.95138807,2,7,2.773767612,8.795624441,169.5811609,330.6819057
81.82991542,5,12,5.419981631,24.67720249,220.5483673,347.9284025
65.94592669,2,9,1.288707648,28.03958148,152.6197463,111.9222273
63.73031729,6,18,5.376560077,1.973179962,206.3344591,567.6760905
49.1652177,2,18,5.013141543,9.200379011,185.4129162,364.6935399
43.54733465,3,19,8.932769681,15.74861813,220.1711899,329.3521163
62.51934413,4,5,9.364797192,8.784001497,192.87143,361.347438
57.46454849,2,16,7.377629209,8.898937549,156.0180159,296.579033
58.6066258,4,4,5.634832786,25.61219743,208.1274558,338.2653619
38.89280918,3,3,7.386744724,37.14091663,125.6729974,50
71.69715522,3,11,2.966728001,8.646491636,158.5709538,540.2840425
82.37272296,3,5,5.196902138,1.204095896,218.8125429,470.9903635
53.01000738,2,9,5.860550571,33.01202544,128.6314648,120.6516834
70.11466207,3,21,5.108388778,12.78076581,188.3995343,456.7099335
67.53864905,3,8,4.606051798,24.66240918,158.6764573,324.3779269
50.69478463,2,13,3.056285353,23.56263877,133.0881021,404.8757774
59.02799412,2,21,1.088809479,31.8401778,129.5547698,375.6664237
56.39159941,2,17,4.498356639,3.650902222,169.7794792,307.0835283
57.48764446,2,15,8.154828425,24.41774824,190.3646066,125.3336057
50.04638912,2,17,1.195525136,23.42988378,123.440844,440.2126879
68.12083381,3,15,3.824027612,16.66262268,197.9772646,229.8841645
60.48632713,4,4,13.9662078,23.91993094,293.3149109,50
80.0621208,4,19,5.383439148,19.99337124,203.5621106,490.1438674
73.56879623,3,8,6.362700195,1.665602403,259.1454974,367.7767969
94.6205505,6,18,13.28918068,27.86709575,320.0630926,282.9613681
53.43140213,2,16,6.998306491,19.46230244,159.9201571,107.2984376
72.28799905,3,15,7.06249215,16.92675168,190.2913536,152.4245513
59.56469409,4,21,2.308833216,17.47531851,136.9093615,446.0805413
95.73739699,6,14,7.051932785,6.231733559,288.0321161,546.302873
39.67503761,4,5,5.603830745,29.44788523,131.9652094,177.3422105
36.68419605,5,15,9.361350377,34.23907026,133.4014052,287.2499267
63.96098269,5,4,10.87075985,29.78570658,226.2428231,77.15033104
24.1021733,2,10,5.519835584,9.432479661,94.19419272,159.2667538
50.04504806,3,15,6.914243969,8.328068794,166.4478438,353.2935103
51.33208931,2,9,2.387119185,28.56575511,116.2761536,231.2498195
63.99087809,3,17,3.901931418,6.957454301,182.4330461,401.2561176
69.55253117,3,4,9.694104022,32.28867467,245.9221438,50
92.83071132,6,14,4.178889327,7.983203965,238.531116,519.4747647
67.04408528,4,5,7.252101915,33.97401852,172.3214363,231.6125516
57.69284855,2,19,5.0654353,13.40099668,169.0385832,357.6265685
49.07732928,2,3,10.72833907,28.72500947,209.4468888,50
69.26886581,2,22,5.728279331,30.70713168,181.3762442,231.6812217
42.30909262,2,17,12.736795,21.47388732,218.2665746,50
76.31043471,6,18,4.883397282,28.02444394,156.4252032,600
76.64198686,6,12,10.26105325,31.68226188,219.1730203,173.1441318
48.12948823,2,2,0.135398238,1.699027368,114.1301959,536.2070467
28.74991443,2,7,3.702677895,13.60221381,57.40536605,216.233076
77.86869761,4,4,5.858464568,26.23086047,217.2158901,265.0343505
62.40916308,3,20,-0.097854491,8.538409298,108.3508903,600
80.00321107,3,8,5.406064784,23.7788936,218.7791122,115.7191911
38.27095844,2,14,4.009230338,20.28918219,143.2457154,373.6645974
48.77771067,2,15,7.935173755,15.14116534,179.5315104,338.0621406
61.96014439,4,18,1.545574501,16.66356646,165.0760749,597.0467465
59.70946083,2,2,7.094596184,11.54563346,216.1375932,50
57.99463587,3,15,9.455591004,12.17353793,215.6298041,282.7701397
72.82104671,6,4,4.965041666,34.78465931,172.619067,501.4270218
44.78478167,2,15,7.231893724,13.11988245,200.9448595,340.1052768
53.85784147,2,3,2.195127286,7.739212896,151.1869415,196.4361702
63.169384,3,18,4.1198088,34.8095278,178.9984851,413.848287
68.92884603,2,11,0.014834032,8.878938975,98.65897669,574.2427634
71.27089311,6,14,15.28645648,33.82389975,284.6814866,148.0651232
40.75105331,2,5,10.66357697,6.892908695,180.699841,50
33.71557753,3,10,11.7088892,7.535367389,211.1181942,175.7292027
80.77700433,4,15,10.30005767,9.73380138,280.6554462,375.9512637
60.69623684,3,5,3.031092239,22.13513224,188.4299748,297.6558276
47.51385058,2,11,-0.109784678,19.38677341,85.90017579,269.3905155
86.20161931,4,10,3.92922859,11.84266145,198.6064896,513.6927056
63.94255971,5,4,7.548621308,13.45033319,208.729128,241.5346264
71.90312121,3,8,4.083941412,20.55542665,162.7591326,344.0900578
62.50540075,4,11,3.420367889,29.83697007,173.6633985,490.8563034
101.0706259,4,4,8.590538977,25.52227122,265.6916207,100.7218144
89.70809022,5,3,0.435451405,29.50688565,167.7502813,554.900185
54.89259655,2,16,4.186508351,22.85860266,168.3205587,272.0232085
81.11103747,3,10,12.82649356,4.018232085,295.2826758,147.3594639
80.67657943,3,16,5.709345826,28.96290821,188.5872183,350.385426
84.84625594,2,19,9.847061745,35.13629341,246.3705619,90.71037888
36.86836314,2,9,7.205158955,23.57644574,141.3693505,50
73.37483729,2,21,1.504191506,1,176.4637888,384.5514753
82.62030542,2,20,7.937994462,6.871633195,267.7518506,410.1443899
23.29921556,2,17,5.49317881,3.595923112,113.5043071,255.8548124
46.93669985,2,19,0.099344079,4.050407946,87.51074418,524.7676325
28.39590865,2,14,0.897697969,27.26887435,80.74074191,267.6285575
62.53608979,2,10,7.570438188,34.0246839,176.9327771,50
70.40735368,2,3,14.12518661,2.101265509,295.8167897,76.60814497
84.25148438,4,4,1.295505724,16.24054842,182.7479155,477.0215536
62.9113849,2,6,1.92501474,10.67038288,112.2071939,308.1637214
87.99978662,2,3,7.342785611,18.00164056,254.8232121,194.8354326
41.53399836,6,5,0.068530085,29.39563112,66.07642343,395.2719361
29.95377775,2,8,14.99810544,6.86158215,238.9754963,50
57.85116188,3,14,2.148162,13.93896044,133.9195478,516.0482107
65.72807947,3,21,3.685838741,19.39305357,158.8969235,471.6534907
65.66136739,2,12,2.468600646,7.271146297,201.2402993,359.0723809
31.40999569,3,15,10.11527576,7.807748442,198.4069028,191.0704119
55.375248,2,9,13.89624027,8.171589998,283.5817707,144.11777
35.8344809,3,8,3.081050349,27.78362578,115.3541513,369.4665818
73.31882433,2,14,9.421322466,4.422516209,263.0537197,386.2158227
63.12485477,2,2,0.524207669,13.70889109,147.3098132,274.9699615
49.66777418,4,7,9.242001059,2.340958083,220.1380283,193.7026066
52.01306511,4,8,13.13284326,20.26398201,265.2799628,93.24336001
51.4123267,3,17,10.75183075,1,236.9669066,286.8554787
55.37473416,5,17,5.926316928,10.11674306,229.9348475,437.3810402
81.52095037,2,21,1.820250887,15.82588612,197.033857,423.3130978
50.13149151,4,3,5.492051454,26.81917093,135.8716011,335.8383005
65.35871452,3,17,4.835382129,31.11896988,167.965723,307.3933535
47.65447173,2,19,3.35969282,7.90329269,156.6975536,281.7741208
57.7453478,2,16,6.092568841,30.11177128,174.3442298,126.704859
53.88140147,3,4,5.174322786,20.91854784,179.5679602,251.4950587
46.00327917,2,5,8.556595216,14.25457939,209.1075415,345.5037187
53.42204472,2,13,8.390772814,31.08820776,161.9784893,50
42.08185384,2,6,5.201685968,26.85069186,169.2806378,135.7689832
93.37759419,4,18,7.755148068,4.037849178,254.4512433,600
55.87609974,2,8,11.33957449,13.62734617,224.3899275,50
59.16944351,4,11,3.349283853,4.524017345,156.6453421,491.2488482
59.08710589,5,19,5.150640226,26.74078011,184.9159651,576.9234448
57.59541233,6,11,0.839333972,5.000854358,135.4444208,545.0113546
49.49457149,5,7,7.591243561,15.98648312,174.0940735,265.9186577
74.44306603,3,7,6.590817892,16.02740678,206.2716694,216.7766007
80.80317004,3,21,7.46237772,22.38530263,192.026457,190.3338455
62.08319247,5,16,1.623290758,21.35436147,125.4309318,600
57.03633157,4,5,8.420899935,33.65969798,168.0440673,109.4532438
54.01851416,3,17,6.204585422,16.94120835,174.1372722,234.2327217
25.4797797,2,9,10.22144693,11.41827879,194.5833812,50
35.65761184,2,9,3.18400097,7.949710556,140.044177,370.604879
74.43736058,3,20,8.306391868,31.90956619,244.3273165,260.4866682
83.19711203,3,19,7.089021257,30.23232246,242.179539,232.4734572
60.80826681,2,14,11.25146366,25.07189228,223.0975887,104.1306455
64.31343434,2,16,4.795767648,35.69687929,166.2517526,310.1330936
53.26381766,3,4,3.494396521,6.317792944,159.1343355,333.0623021
99.91819553,6,11,3.746342819,13.3983803,183.6009636,620.8026722
80.88471325,2,14,1.604806232,4.273819982,159.6108855,537.5279836
49.49021665,3,19,3.590347139,1,155.9930628,454.0290746
43.30693253,3,13,3.234903206,26.43530726,122.7032563,440.7077604
33.98519554,4,15,11.00361426,32.06165749,195.611111,69.33343774
64.34195953,5,20,12.92027768,33.59049833,258.11615,135.5946177
49.82776303,3,6,4.647620033,26.09762937,114.9258913,155.2308144
40.66728631,3,5,7.526573299,30.19793999,172.4802451,104.499593
49.55801129,4,20,6.314290707,4.116198745,187.7587091,444.0775312
39.05413266,3,14,0.524032393,5.999819077,121.4891313,364.591929
89.81413498,6,7,9.597790272,21.71925333,284.6610143,332.1033655
64.40597697,2,14,10.53896082,12.44893311,239.1817678,187.0641543
63.78669634,3,15,1.312044527,15.36951729,171.4166407,336.7004607
87.91962556,2,7,7.254562531,2.437018266,234.68744,228.3305212
72.84425688,3,11,4.65234657,18.14887046,172.3559923,372.4354008
43.30977639,3,18,10.29758896,1,225.715998,176.6014652
80.04590526,5,9,5.332125691,11.69555349,206.6583211,405.1698755
68.35029048,2,15,5.37146986,21.10188076,194.591281,359.0447281
44.33498743,2,6,13.36234723,18.27902955,275.3623722,103.6907034
61.31803574,2,18,0.531968724,3.131133825,152.6617353,534.1563309
49.47804679,2,4,6.591717921,11.03165229,185.5523183,156.9356382
37.49859316,2,8,5.883056069,10.0159118,139.6813134,161.0620197
73.40223615,4,15,3.438498808,21.04211965,143.6550505,500.0422839
93.30785353,2,16,13.97165935,5.598200758,323.7488808,218.3894227
32.69050684,4,15,6.86404227,8.871621114,181.916291,235.3712498
67.27604448,5,13,7.940399924,25.04840652,203.8205806,391.6975567
53.01397798,5,12,8.587825492,16.99055247,209.8360299,253.4596223
47.35977555,3,10,4.261333912,12.03565076,182.5544273,256.5170219
33.4092854,2,8,10.97173525,29.12282425,214.5633475,50
54.27302072,2,16,9.687084792,7.200302573,231.0964547,270.4173376
60.62545841,2,13,4.933361356,6.099014636,188.794719,344.6170978
41.2479136,2,8,8.824851445,10.06266544,161.6975915,144.1668948
68.6589489,2,3,11.01380605,27.35301138,228.6401819,50
58.20488757,2,17,8.951088723,6.682304009,215.8572592,262.8393312
51.24170485,2,21,2.497924628,14.7943951,122.9596553,378.3766117
48.23518877,4,17,5.519087511,1.229794427,181.528888,497.6894652
51.60619595,3,3,7.452062667,30.30688191,215.9173787,78.59750292
68.26492432,3,19,6.633859197,25.7313635,228.5061195,421.4581372
63.665694,3,5,3.065889363,15.33332185,168.7683744,399.4048035
40.20597344,2,5,4.507620537,9.489266093,163.3824341,287.5749698
65.16774526,2,7,7.183724067,4.30933645,201.5693031,287.8610489
65.02902446,5,18,0.698023557,8.096694353,177.3282038,600
30.97138788,2,18,5.870200178,30.84394283,99.24459742,278.3077845
68.65617436,4,21,8.348128147,22.25315861,236.9195793,145.5727252
57.35506005,2,7,6.721586989,1,212.3602542,327.3676011
69.22347996,6,2,2.403377294,29.7026515,138.9896839,593.5455444
51.49197889,2,8,3.106751906,32.52032215,128.1134945,175.2565986
33.43781349,2,16,11.89845071,13.89013466,185.3440655,50
40.11904777,3,8,2.014741881,13.97449872,97.31359054,446.6570125
70.4090878,4,20,10.52165304,4.614672629,225.317344,252.3038551
61.70720965,2,21,2.980868849,1,186.919781,417.3650963
46.50545471,2,12,9.946351571,32.51866553,217.3136647,71.19397452
70.44652701,2,15,7.998605087,21.4096628,175.2919539,127.6800358
37.72624939,3,14,4.035572614,3.561172501,180.8622726,459.7356647
59.6708779,4,21,1.459910636,8.29951333,147.2256478,497.4283555
39.11605145,4,10,7.607977776,22.59844885,172.47216,255.3566323
50.18697909,2,10,6.692423634,19.91635388,146.8233652,193.7484169
72.86934178,4,17,7.346187765,16.31812164,246.127908,488.3323375
48.66321838,4,14,7.668764087,13.47906257,192.9042202,391.8607509
44.67781466,4,11,0.306478079,25.16104856,122.7291887,398.9446759
73.11992224,4,7,7.43338527,16.31959084,245.3752298,181.649967
51.41359761,2,19,8.559212915,1.524554824,238.1903702,346.0928332
71.83250947,2,3,8.355486033,5.111184293,224.2490616,118.8738598
42.71220534,2,22,0.952505932,13.31007587,108.7860665,405.710478
69.37839774,3,10,10.27167503,25.37331818,224.2516509,50
84.16658716,2,20,7.14162121,17.67029203,251.4317885,346.1697277
24.21951453,2,7,7.965873948,14.85833948,160.7591243,50
52.79969389,4,3,2.308565283,5.218285848,169.4934623,417.9549444
61.17933378,4,16,8.326066818,23.32439176,228.6249315,278.0534947
55.69103313,2,19,1.235520017,14.23803796,99.95612968,427.3076599
67.73852445,3,17,2.133207504,30.77674534,175.3338681,453.7209592
52.2210373,2,9,10.80202328,13.66951568,244.4333954,60.82776943
58.03734979,3,11,8.623980249,14.55763394,204.2652224,148.5711701
55.00536775,2,12,6.600590181,30.74426593,180.914396,50
73.30811958,2,19,8.927030156,29.50873745,223.1520995,186.5740887
68.69964513,2,12,9.962310322,9.138981421,257.6824993,153.7875445
55.80352366,3,10,8.295677131,8.493484486,202.4393416,175.7454525
47.41417827,2,20,4.811643478,33.74988802,151.8163366,259.7547086
54.77911823,2,2,2.048219569,6.78629478,148.5679433,380.2120715
56.22750313,2,5,2.995081475,3.097402407,153.1702694,417.2425272
57.99467649,5,4,11.73772108,27.51375053,236.16095,50
56.81743154,2,11,1.409490016,14.14732507,192.1325789,438.1912828
65.24914602,2,13,7.073262393,7.95743924,198.529659,330.382657
93.709326,6,20,7.864608347,21.89211911,246.6975054,594.8936929
73.4291362,2,21,11.4253542,33.58580971,234.1663505,50
57.23700398,2,7,7.872592919,27.22136055,181.540019,217.2987433
80.31834926,4,3,4.194283992,5.35584661,224.4511736,296.8204002
56.23842148,3,11,4.393021093,24.76612713,172.7925906,385.8167474
30.64846052,2,3,5.662367005,4.807609466,148.6330032,169.4347483
44.45089613,3,10,9.863804068,8.016553071,229.4270741,302.8934236
31.53991129,4,11,9.104374282,5.74377581,199.627455,212.2580273
55.87812876,3,4,1.292554069,1,142.6960501,412.5168835
64.40334628,3,9,6.644498337,5.191208674,178.219741,287.5819022
94.97026469,5,19,8.758186572,13.86638844,285.5398122,293.804276
67.54625213,2,18,4.953199128,23.31969484,185.588906,155.2304689
58.60052999,2,5,3.520908555,32.68599466,147.4055541,244.6598546
78.51823279,3,19,4.455501765,6.753085986,197.6089376,524.7534243
28.81526893,2,14,0.527184474,10.1128231,105.2974686,433.2129416
58.23266945,4,18,0.86210362,24.45205014,133.3783253,394.182392
67.89632444,4,10,9.420481877,5.408310081,236.9860965,321.8850928
46.96580469,4,20,15.72843425,21.81829041,235.7693263,50
73.58914364,3,15,10.80720048,18.15765991,275.2881744,217.8501501
67.92818274,2,15,4.369046043,26.84619249,186.203885,373.3131775
48.82715071,2,18,4.673427096,31.49671897,149.8856799,281.6459549
75.91319671,2,3,2.932914197,3.218767962,137.4884428,453.2164268
91.75954302,4,10,0.089683266,18.85768785,172.6921118,515.2911752
63.14189151,3,6,7.061669749,11.36003789,201.4174304,220.5410589
62.58210406,2,9,4.742282987,22.13241344,161.2201415,238.4644563
55.63391967,5,17,0.729666903,10.54870739,147.3932882,482.4621515
48.11005971,2,18,2.738065138,21.37931743,146.7394877,306.1680048
77.00485794,2,19,3.342397178,1.031391227,206.84264,441.6897709
50.43507706,2,8,5.709672752,4.005152801,200.3030392,240.2711621
62.48265107,2,21,5.055699515,30.74170151,149.2416403,301.5634637
56.09207186,5,10,9.772401062,30.9417073,198.0356714,93.39323427
70.68654473,4,9,6.700813636,5.768474873,219.9190188,265.5721294
63.01763573,3,12,3.977586764,23.19229951,153.3084412,413.3200586
73.19455347,2,16,2.542170804,11.36674669,190.6635253,243.2761814
60.11022906,6,19,0.955795452,33.66769888,112.345122,600
59.48329169,4,7,1.210679078,32.1605699,151.5706725,360.570536
47.34054187,5,13,10.93622453,10.18629386,203.6008349,269.7062279
49.32720592,4,16,9.238431514,27.398498,237.0959986,351.6754588
56.71826997,2,7,6.32756934,3.399187846,236.2196952,243.3040934
69.89148619,5,19,3.627467047,33.52186915,162.3993415,512.8919208
43.90422455,2,21,10.66697446,32.70791628,219.2831574,100.3056038
71.49246151,4,10,0.984115116,33.55918123,132.2239372,416.1086785
84.59885008,5,9,1.278983315,6.858937123,204.4666885,560.1022507
73.83856959,2,15,5.198553093,28.69063239,186.2713128,315.8407328
93.6992681,2,20,3.286799982,26.07804188,176.8456705,323.373155
45.36457743,5,21,1.496842747,6.021577232,57.54166807,485.2059871
44.02104918,2,9,4.823221501,27.29765346,137.0513971,194.0129678
30.88259359,3,4,3.431252265,17.8149158,121.9657306,270.5703328
73.23510601,5,5,1.17035489,21.2788411,181.1394636,335.2515453
69.43318709,2,7,13.76693947,21.44557308,275.3952176,50
65.46985668,4,4,10.68423499,1.051319698,274.2642819,137.8698784
62.52605455,4,4,12.19880964,8.979295324,249.514911,185.7434031
47.28378693,2,20,5.483506334,21.59133827,151.7420937,125.082203
93.3582518,4,12,3.702385914,36.01865421,219.3270271,546.2250748
65.38081006,2,11,11.83621036,25.31106795,196.8909746,50
60.42292438,3,13,5.731415996,24.02899963,178.9850234,206.8953003
78.50334212,2,15,1.54431771,11.97041662,165.62263,403.8837876
65.64852552,4,20,1.699467864,29.62490971,168.9797632,528.8776335
60.64632905,3,10,3.937922173,31.98101085,144.1989807,351.2699661
55.50032149,4,16,4.927570847,3.286835106,190.228422,429.6754828
64.18783414,3,4,6.490384663,3.844133861,226.5406301,167.6598599
89.29453048,2,12,4.498917485,8.905657169,191.954525,250.230291
77.33313667,5,11,15.11672556,33.38303171,287.6731291,111.4653211
88.51828297,3,20,0.640723888,11.30270982,171.5097668,600
58.81616321,5,5,8.335124312,15.23591461,228.3126212,399.5328193
41.78328731,3,14,3.510058088,26.13083608,140.3724798,327.3116079
60.84489048,4,7,5.017043332,1,185.9737284,487.8155774
64.03165847,2,14,8.929978552,17.17151469,200.6619005,320.0051744
77.0438753,3,21,1.64400359,5.954254373,198.0053793,600
42.24098632,3,6,2.251811923,2.710805073,132.3578991,462.9449716
90.53338625,3,21,4.946724729,32.54577636,176.8631743,302.6755749
53.36665697,2,15,11.33829096,30.03946509,188.753715,124.6328713
59.64007449,2,14,11.69316316,29.98892728,241.1532702,81.85914522
47.35151267,2,16,10.50342158,32.73865821,174.3544343,114.7898284
36.39718807,3,9,3.255896106,30.2904271,150.1153514,371.0959855
71.18659878,3,17,1.413463758,6.871215117,146.676158,533.3425615
53.68831039,3,15,1.442619061,22.56843112,126.8966968,396.6990749
42.0656946,2,16,5.374397571,14.71686619,158.251264,177.4151581
42.11315636,2,21,2.341051764,16.98993082,108.4007527,345.9445206
64.93689927,4,2,10.17294603,29.78546824,180.509894,121.868167
81.66472798,5,3,2.705300541,16.28834175,190.3373259,471.6411791
48.06977371,4,19,9.454495464,2.385616272,199.6763224,355.2825287
31.55698961,2,20,9.41213605,22.65653409,175.6623862,210.4376814
64.26997004,2,9,1.414166137,12.91537953,147.7676918,433.4515907
53.67019836,2,4,10.19793948,18.72551094,222.7701086,50
26.81912587,2,15,4.429094602,16.02065834,152.9405106,192.5479819
59.21685971,2,10,3.075221795,14.61732606,146.9599864,339.3906733
51.66255045,2,10,3.450468858,25.81587266,131.968923,428.2999486
80.44968526,3,18,4.296202592,33.13470942,153.8128402,473.6936851
94.32322491,4,17,4.787016917,32.71208089,209.2816628,379.4427332
76.00089151,6,12,4.761589133,27.17233742,198.0767584,503.4894704
60.95065847,2,11,2.005994774,16.14373621,138.9010489,390.3321708
44.0174232,3,7,2.868040168,19.1021996,137.7533868,354.8697942
100.7883351,6,18,4.053566496,6.146409934,233.2508692,600
69.69988477,2,18,11.93615045,14.56199868,236.2164079,156.726699
52.61076845,5,16,3.577266539,10.85727565,162.242699,600
57.84492924,2,15,3.063168961,11.16162981,154.3531369,375.7649668
63.11732649,4,5,11.40897527,2.388872411,259.3098009,325.9755016
59.50705986,4,5,4.297444857,20.59980718,154.416195,414.849084
45.15163795,3,4,1.6211933,13.79006628,109.7992864,411.623222
56.38176315,3,13,0.993523816,10.77990764,139.0321729,515.2813635
53.73886999,2,6,0.066561443,24.83126894,106.796906,505.34655
45.5996089,3,18,7.29940478,21.2852238,208.8508471,345.5079556
48.05338793,3,6,1.769317846,9.83757598,147.8778098,307.7742935
71.07396551,3,2,10.69622251,15.39904076,262.154026,122.4091351
68.88354704,2,21,4.799158356,12.47852835,187.7844654,339.8854188
85.00250573,5,3,3.527577148,24.3584067,152.7723357,561.1443436
19.04446267,2,10,5.339364094,13.16541955,105.2761008,288.2537413
77.15416627,6,14,6.858807377,8.859775168,214.285634,693.0658151
80.36582757,4,19,3.851480792,1,202.7638615,494.6038605
36.23114014,2,17,4.607422271,9.801829552,141.9122793,390.4517678
48.76894403,3,17,9.707280803,4.366736007,229.8543346,146.8076254
60.40071104,2,11,7.168801836,8.058269781,211.3053803,104.8338152
31.75363676,3,10,0.766598177,15.18878957,116.3294691,354.2150343
45.92827114,2,12,2.564797737,13.743153,127.3078222,442.0719601
43.328508,3,5,1.118319398,1,130.5192149,352.4100132
88.33978514,2,11,8.24762857,14.10043679,260.5824985,213.1696635
74.01715331,2,5,8.653712525,31.7740895,227.0581093,178.815474
79.94865166,6,7,1.777047148,23.07109589,194.8743772,599.3291649
71.02728016,3,4,14.95199267,6.15718507,317.2105854,211.281728
35.46048581,2,10,15.21779538,25.78436862,208.3531233,50
55.00787152,4,4,5.443126864,35.52165842,156.2391272,193.8090284
71.39714595,5,19,2.41171845,6.563210883,175.6828611,508.3373395
48.38134909,3,9,6.85091458,35.54894959,205.672831,142.644355
79.93031254,2,9,2.408647321,28.72691895,164.4045832,216.6481738
58.44928807,2,17,9.552877989,24.84407748,193.6777719,50
61.43524683,3,15,6.037263362,4.386029516,207.7831888,521.2112709
70.75489934,4,8,7.027659005,19.92915299,220.4053311,287.6043475
59.41185847,6,20,12.53394897,1.663582528,261.6509541,585.2892601
59.39093735,2,9,3.088232,1.183342766,164.6168318,307.8562978
81.08756447,2,11,2.88843966,21.03892888,202.6626793,300.8750183
43.78718425,3,18,8.975325291,6.885706988,182.8535006,196.3944252
68.92762498,2,2,4.071681814,20.73759262,170.6991147,166.673361
71.28651581,4,14,12.24407887,21.19782544,251.9693048,239.6350527
53.66897047,3,15,10.07056877,27.36148779,231.1978451,259.1189168
67.10328203,2,17,4.27062604,23.07414359,180.6117527,379.1496065
36.62232154,3,10,1.729341286,33.01391107,74.51588436,402.4581015
69.8112755,4,11,0.07508565,10.56949312,127.7220474,600
50.62352146,2,7,3.474413633,15.1005031,186.0673185,190.017746
63.37944725,4,7,7.509914029,14.75947042,230.0250898,230.6143844
76.10054904,6,4,10.29442954,11.0676754,275.0719843,312.6698561
55.47612831,3,12,4.407745792,21.23930336,160.5451465,600
33.38916641,2,10,2.261375698,22.36554967,134.9745317,335.2414909
35.74213001,3,7,5.232147905,23.87189592,114.7690616,215.2264669
71.84764192,4,10,5.347334739,6.870473122,220.807782,454.5044228
48.14987034,2,10,10.98191831,14.58610038,211.5096382,50
83.30944339,4,10,10.28283283,29.0472965,249.5767898,212.3194836
26.75842389,2,9,0.863603402,26.25627349,92.28443636,415.8819768
81.48708172,6,13,7.368336469,18.0916069,228.5695516,426.2284496
62.56219616,4,9,2.26196011,21.23863462,140.7779905,345.7168323
53.45006088,2,4,2.263071305,15.08848355,130.8318646,272.7447142
44.64250251,2,14,10.6148341,15.87489503,170.6852638,67.37157744
67.28043714,4,20,4.91642548,11.44810455,206.1904993,346.9663294
62.78846259,4,3,8.203589484,32.55102228,180.0451695,114.9940172
70.85431379,4,18,7.867816015,10.38021929,263.8236435,257.6557468
58.34095358,3,17,5.149662791,19.63508551,167.5477389,231.9705
61.75478941,2,5,7.210794649,3.631884719,238.0234188,126.7774017
63.07957859,2,20,6.523714219,26.16451527,152.7442772,319.7043634
44.98295819,2,15,1.092752365,11.52714403,133.8099061,577.6510089
66.841883,4,3,7.362066283,36.04434972,214.8191222,64.03625056
37.74374004,2,14,2.306710883,31.00819687,130.9474341,405.6726759
36.21653361,3,21,1.173205276,2.315542623,83.64364363,418.5000829
69.40281403,3,18,9.103363846,8.442438096,224.3295363,343.7226877
64.22793197,2,16,3.10131293,8.569278035,182.0298039,407.6893586
57.09207827,3,21,10.13027067,13.19309453,229.355188,291.0377107
68.77181276,5,6,9.923730431,21.78430774,240.8347701,133.8728391
65.7269511,5,8,3.822169677,34.66003257,151.8783652,225.0408491
56.20972187,4,19,9.58031653,7.37468254,255.2339744,255.4999011
50.57671757,3,13,4.100566282,34.07528003,191.7798241,321.1383299
66.4082731,2,19,5.13415471,16.00640377,190.2284322,477.794299
41.43746449,2,7,7.11365912,28.64973385,169.4414258,50
67.12973663,4,14,13.70803942,1,288.099874,211.4106689
34.13342631,2,19,9.824483857,8.938434004,217.9752988,113.975037
71.85620951,2,3,4.931268865,12.2017689,213.9179135,238.2720153
71.71404958,5,21,6.0490271,29.62591625,173.0330009,264.4091515
53.76343898,4,5,0.97176285,2.0183447,126.494071,600
81.47513586,5,14,10.30921521,14.96808274,243.1444538,312.0701143
73.88834039,5,17,9.041467088,4.61295446,301.4532645,486.1066607
74.44691767,3,7,6.544369044,24.79390097,219.9851818,211.8115042
37.09269586,2,9,8.1210169,18.45302197,160.1730707,128.1118536
34.86443614,5,17,2.842905303,1.329823402,116.1508077,600
52.74641972,2,14,1.012713235,6.047447253,150.5134296,439.0792157
61.96947741,3,5,12.69471553,30.88277716,263.2935527,50
69.39804512,4,3,4.014409307,25.77858957,189.5804434,251.3505349
47.37033463,2,10,8.894923423,17.95442249,187.130051,72.55035075
60.47500565,3,19,2.960919238,6.393269681,171.323958,385.4078309
40.81862961,2,18,4.085061858,1,153.4968649,326.5943069
50.30731646,3,9,12.53713354,12.28964771,222.2753845,178.5098902
43.48763768,2,17,5.152338036,4.385714982,144.716388,467.0520938
43.87099627,2,10,7.192439183,22.92414376,177.6308721,50
37.69360927,3,18,6.139235257,8.348791275,165.1827551,357.7563748
53.31020903,3,3,6.647191966,1,206.7042674,252.2246389
74.98713216,2,7,6.541963748,7.705002552,237.5567944,357.4388958
47.51981548,3,6,2.470804041,12.12659559,166.2741396,358.8293861
102.1643247,6,18,7.505853386,1.356796655,261.7014959,568.3377832
66.57901059,4,3,2.860753564,30.30302059,166.838359,269.8123842
66.17882301,3,20,12.87880499,27.33710708,271.1705751,50
52.07163862,3,11,2.538721468,7.454922185,141.2881266,462.8538538
75.02250515,4,11,3.442808649,26.40648375,178.2739209,419.327151
56.44234022,3,7,14.91363676,17.45356496,264.1058548,50
51.41656592,2,13,8.955626157,30.01345656,234.8421529,61.41207464
92.54166341,2,18,2.035714131,28.66960058,188.3310098,386.8109525
55.98671102,3,14,6.51743186,9.606721806,200.4991099,372.1655068
73.25932599,4,21,0.5155335,8.277846469,153.1423609,600
45.85184354,2,17,5.875248111,27.23030961,146.1533074,122.5227214
63.92299102,3,11,2.611889982,9.273387488,138.5446231,354.346409
87.0965806,2,3,13.16939989,23.46888382,315.5611353,50
49.91123449,3,3,7.171139203,28.33111422,189.2821023,155.461892
86.05891598,4,9,8.047650626,28.87832138,230.4402942,323.5188362
68.61559084,4,7,9.653404568,36.64394736,202.134876,122.658016
50.35333022,4,2,9.899321235,31.32398596,203.0621894,50
76.42406449,2,14,2.854237788,28.57359718,160.3656607,295.2277746
65.76720395,2,14,5.995165264,2.373672475,202.2626692,510.7696795
75.6993897,4,13,4.022065549,14.0617039,167.249178,522.3733941
47.91501458,3,21,13.71904948,15.97232729,250.6265465,172.3387412
55.42715768,4,10,3.668855024,19.47879941,158.9863113,397.3971136
51.33755408,2,11,3.02338265,4.607590206,175.4485431,357.0601928
56.45084221,2,18,5.681120891,31.83923933,163.0012494,160.2075231
74.47657646,2,19,6.307382192,19.07715918,202.8557097,202.1577914
61.4222366,5,9,5.859606726,16.61053653,156.3057756,320.0679742
37.43978317,2,8,5.439571298,30.03447507,158.5470267,74.98242284
65.19806603,2,10,4.694192145,14.54930574,200.9560382,228.2900731
63.54953205,3,11,7.016421726,35.79322718,187.4287024,187.7652742
67.74556618,2,14,7.932874793,10.5723083,195.9046295,223.6733682
70.18063247,2,16,12.97170261,13.35052329,250.0170156,50
76.12120187,5,16,13.19443818,14.3594381,273.6965156,276.5652554
62.66604496,2,5,6.849526225,6.803011188,226.3564349,195.517219
59.20502793,2,5,3.847671423,28.16304293,160.5605745,226.9613987
32.8633793,2,2,4.265868313,20.2974926,95.84861422,93.50557097
68.35452667,5,13,0.341910259,24.97836977,144.0524351,593.3995919
67.22698566,2,4,9.434268897,22.7518099,210.198788,50
65.5061756,2,16,5.701158264,9.232946767,187.4402441,437.1116227
37.34719686,3,18,7.542995758,8.85881016,193.798465,268.0521355
40.96834079,2,8,6.708351053,12.63748249,183.7361174,170.4397602
87.59679387,2,7,2.153469545,27.21312388,203.0213848,365.8868252
64.14924309,2,13,2.263012995,30.50996389,143.9833531,466.5104558
69.2332207,4,20,3.159275774,24.07534068,183.8428074,537.0550187
57.55397162,2,2,7.245600106,26.35594967,175.9794735,234.8508863
53.25162778,2,15,5.014707231,31.1373663,149.9633022,280.2645104
79.71542422,5,5,1.290648604,5.186538619,171.804527,542.8169354
48.70481264,2,7,1.749547319,7.596405794,134.9528679,299.1941834
66.71048824,2,2,4.841816486,14.53633612,161.1250066,201.0525587
57.20319468,2,3,5.630980742,11.9214631,178.0773309,315.4414497
60.24656734,2,7,7.851669557,23.78420408,228.8923293,50
59.15661343,4,7,5.953880013,15.75274238,163.8209631,234.8757513
62.28279602,2,3,3.400101769,33.23829646,124.2481489,173.8082901
52.89830877,5,6,4.014713997,21.12816655,127.6183033,301.9059489
78.95901982,3,11,5.866912559,9.811809109,272.4953969,310.5331513
45.23716051,2,20,7.424937716,17.36758493,187.5080896,373.4127557
49.08083686,5,17,3.652856843,16.38302941,141.6380925,508.1341884
42.62899954,3,14,1.235092083,4.474380075,124.0813243,495.6733256
85.49881461,2,14,5.3699093,3.483706544,233.7131377,232.5339611
62.04371151,2,6,2.665226299,2.182242059,155.1630371,271.0792621
80.277864,5,4,7.038835986,13.98653387,219.2715938,411.9896525
35.81889992,2,5,11.6749774,5.078404089,213.2617379,174.4706578
64.00000616,3,19,0.307990381,31.19575937,109.6282038,467.6408901
77.99210647,2,11,10.41218726,34.93166329,235.2260096,50
69.01095104,2,14,7.368398347,1,233.4622416,345.172958
74.40130936,2,13,10.0569385,13.99358396,231.0334183,50
47.24026954,4,3,3.860037858,15.96237944,198.8898678,344.279415
87.20525232,4,16,0.180346172,18.50876096,182.8674637,480.2925884
93.04804252,6,15,6.117173752,20.72416932,208.7627711,629.9465311
52.13122597,5,11,10.82598139,23.34238398,168.2246755,50
51.31849541,3,9,1.256856028,32.42282994,99.85797374,279.8791931
78.20759751,3,16,1.841166887,27.00996261,177.802308,422.851545
87.56230927,2,14,7.727775463,1,267.6306164,260.0983305
45.46595274,3,9,3.806788577,8.429569867,147.3061888,308.6172267
54.20745353,3,15,11.91267819,24.57465429,218.7493895,173.8942801
57.0217749,2,2,8.156850065,36.4185533,169.8836929,50
36.84051575,2,14,3.07300865,15.30507139,115.6951416,225.8520288
54.15588306,5,9,3.614153408,29.58008985,123.4636873,452.1511139
49.42955973,2,19,3.86446331,12.89564375,144.4949026,362.3927536
46.21039166,3,11,5.251084402,22.96142897,180.0763071,286.2892513
58.94899472,4,15,7.053091834,26.05228481,172.6877866,220.1771259
67.98467363,3,5,6.20683228,35.13388248,198.1558529,50
83.65764283,5,19,1.018420978,13.82153305,189.8819238,550.878268
52.03258008,3,12,9.152975756,13.42518198,187.2464557,112.8413808
77.59588447,3,6,4.266923667,18.78932375,177.1641669,258.9036781
58.05458372,3,7,1.781313371,23.75045726,157.2735122,279.3937434
60.4794275,4,10,3.59980658,30.21195135,134.0323652,351.6455697
85.86677561,4,8,9.362513066,7.765764245,265.0629677,354.5749597
38.06685453,3,19,6.618217361,32.28358365,188.2552649,328.7551958
60.26396595,3,15,6.655511131,5.340864954,222.2750134,407.6947328
61.28956782,4,16,0.980478532,18.90284764,138.321468,427.4267565
74.41021062,3,11,6.178065704,14.65647113,228.4854075,308.6032149
52.01809619,5,13,9.606545007,25.44059957,202.621673,374.4423841
87.31005443,5,8,1.639760887,13.15535788,207.2030409,410.4797563
48.43526032,2,8,3.952576265,33.63657352,94.3440857,291.7535994
62.63584421,3,12,8.518243116,2.538406787,224.3201521,204.9749687
50.78009551,2,14,6.461200306,21.43099179,131.9105548,222.0782111
45.85574839,4,16,1.530294669,26.72651275,115.9324628,467.7365814
54.54943529,2,19,7.058935123,12.17592312,187.9492077,278.4843649
86.14489682,3,9,0.894709533,17.3678405,201.4847651,600
78.11411452,5,7,2.255098317,33.26426738,177.3472884,409.1423819
53.71083339,2,12,2.999750654,11.24266381,141.0478718,199.1097969
48.29845333,3,9,11.36163834,16.53736813,214.7098437,122.9364115
69.93256021,2,21,1.276772559,4.285432361,171.8521506,490.4865867
49.42186767,2,2,1.121598789,24.98833609,103.9069087,299.49367
72.63713228,6,9,6.287271338,32.06088531,195.5322478,446.374506
67.23618557,2,10,5.964866283,32.79568883,210.6003514,183.5454432
40.8353352,2,21,3.400910136,20.41042499,112.3511605,360.8475624
75.10087482,4,4,5.784459649,7.64848811,205.4236309,355.011845
79.76884683,4,6,1.234334307,15.53846859,163.4171915,600
47.36200678,4,4,5.929464729,25.52869703,223.0761684,213.9204054
55.52191364,2,16,6.315041307,14.79623403,196.7611496,202.1721986
67.08397888,6,15,10.6748495,31.36957964,254.9201664,359.7686322
59.74641745,2,17,13.29783057,13.09573082,277.4838615,50
71.4993506,4,18,4.598814568,30.2646523,195.7333271,424.4004686
94.88171364,3,19,0.554935747,28.84229808,184.2695602,487.9995047
60.68579596,4,4,7.311644766,16.8899529,207.9385633,235.4883708
45.72638352,2,13,4.986181339,25.04489784,119.4005773,410.685893
37.46810762,3,17,5.397887526,8.995324204,160.1420684,435.9721353
42.54820875,2,5,0.473855392,18.52257656,101.575934,388.759287
68.20471522,2,3,5.476686637,17.99320482,203.5885134,238.6823771
89.28851559,4,16,6.748831797,26.05929982,229.1564682,297.2165417
44.17466152,2,12,8.949742682,3.871978248,217.9251224,210.5438763
69.49004993,3,14,3.7800064,6.088069915,205.9633344,471.4241014
63.04639933,2,8,2.463879361,13.11893185,100.4700466,327.9153156
83.79737195,6,12,3.908461489,27.56775871,184.0486095,600.3824568
95.11095874,2,2,9.017725622,23.69123259,226.7429701,68.41857615
49.94184048,2,5,11.36807138,29.32129608,219.9153287,50
48.59517308,4,19,10.1010085,6.603579835,212.6058132,251.2971678
86.24832086,6,8,8.240730743,10.93145283,280.1511959,462.1241029
67.72341936,2,3,5.658964274,33.91881633,185.184612,50
82.92455084,3,4,5.868055311,25.5848138,202.8889288,343.7840736
65.52415751,2,15,7.454340653,9.240426811,234.2087321,150.5376912
52.98482247,4,10,4.991094049,26.21217037,152.0543887,221.6384263
76.63959108,2,17,8.997212056,31.54904937,219.7323166,192.8890255
78.01474945,5,20,0.683856502,2.413053862,179.8027544,600
78.4749862,4,19,0.244523957,3.358299722,199.7305069,600
69.03563049,2,7,1.072794945,33.67150799,154.415227,326.2776448
75.09894182,3,15,2.710919191,2.524166829,199.0768905,488.1437437
72.32687117,4,4,10.63414929,33.55462577,293.0070697,133.4222279
88.70252723,2,17,0.929820728,5.429836574,173.3599281,600
74.68545638,6,2,0.53273577,21.05239195,135.419272,600
62.90296968,2,13,2.429437822,12.35205527,161.6785781,350.2274715
66.82652676,2,15,9.997803306,13.98365343,269.3314281,209.0405849
74.54706197,4,20,11.92215539,20.35178183,245.9270019,221.3560207
49.07100128,2,20,9.196423019,19.18305993,235.3157361,173.4752271
70.96441546,4,10,10.31935269,3.43539034,228.1093881,421.1818651
58.82160209,3,8,11.6964591,20.82170402,236.1152699,50
61.21412987,2,15,1.18783096,16.66408609,143.8375488,207.9966916
89.05171206,3,6,0.19731998,11.70587308,158.5334311,491.7439613
65.53137285,2,19,2.872165141,8.413973346,157.8628447,508.9884028
67.30650824,3,10,5.66280342,20.14867576,207.4014655,299.5605181
40.60288305,2,8,5.597452734,21.25762009,178.7038707,220.0524773
69.33549832,2,10,6.125184954,32.25065253,147.1623677,234.9120769
74.52817765,2,5,9.072409555,28.56322222,233.270512,90.31800946
96.11641316,6,18,2.083340905,1.230810323,211.7572025,600
57.11564762,5,13,4.99000634,9.311988907,180.2718708,490.3483982
59.05659037,4,7,7.211109701,24.79523367,184.5244661,79.9774345
68.79556118,2,19,4.341727409,33.70388756,143.8377664,295.1279464
79.69449185,3,9,6.598253124,24.32648862,246.9090177,128.0975175
62.45734916,2,16,9.731721208,23.42860046,245.4469474,137.7259726
58.70039443,6,4,5.519524513,11.18383738,182.2189831,372.9177506
64.88321355,2,4,14.31610607,32.42260103,254.7815359,50
64.25958894,4,11,9.206809742,20.97200336,209.4910656,246.191235
56.19832375,2,9,6.637210316,30.29049636,124.7241272,174.8660536
63.9947878,4,5,7.706541162,1,229.3339948,310.4673653
73.46867507,2,3,7.99084794,3.34940083,253.0384431,282.5608868
50.16832213,2,15,11.8588371,26.84789189,225.120583,50
62.6886689,3,3,10.56999406,12.3098302,238.1583511,50
50.46506383,2,4,7.457699087,34.92256739,175.0042029,171.094288
77.13812949,4,8,2.500488578,6.244119647,168.6522647,438.6916619
33.53863209,3,13,7.309641862,29.39763173,139.8951568,50
57.24955569,2,7,7.800037954,28.21377154,187.9770353,223.6375134
62.44460152,2,19,8.836688283,15.24248939,233.7733251,300.4667005
91.96992157,4,5,2.649065996,11.94615525,232.4657856,506.6328149
54.88883538,3,21,8.611866756,15.49667449,201.4716242,278.1811374
53.28666817,2,14,8.591490643,23.24096705,176.3564243,273.5468156
88.56509523,3,21,0.81861443,27.52165623,169.729398,600
37.71669124,2,4,1.125801302,14.73360797,146.2759857,422.6650842
30.42752567,2,9,9.90173701,15.20292249,163.3401919,119.0232448
70.54914548,5,20,2.453925445,7.391113858,192.1668965,600
55.14900868,3,10,11.73547303,33.02003143,250.3814293,50
39.36208318,2,5,4.704593155,10.1987205,140.7297827,115.6901307
64.76882373,3,17,7.178110787,31.55944003,179.6722999,284.6362693
57.49966985,2,20,6.935161637,13.16334023,206.5695826,323.3304404
50.31839235,3,11,2.847040526,26.60278865,139.7300983,293.5008211
51.37215012,2,7,11.52590459,20.85744893,239.5267953,67.06322611
72.840991,4,17,4.558925993,19.93824071,230.3743425,495.9479105
80.25759837,4,11,5.978714532,3.26072812,230.9058914,490.150368
58.34534114,2,14,2.218116942,6.150076813,130.9346227,323.8410712
88.49949653,4,10,0.725703979,26.46517439,170.1669451,395.8061583
46.92758849,3,8,10.30061627,20.45046481,211.8683095,84.7920811
35.66202585,2,5,5.6011832,12.45177938,174.88682,249.4213694
50.75782337,2,20,3.220938265,29.78683191,130.5813643,220.0281583
50.80195695,3,5,3.615398248,25.42291789,133.8372269,343.1655869
59.20453816,3,20,7.61248668,34.55407853,159.8645313,102.8908274
47.97238686,3,20,10.10662185,11.36837901,224.8783514,209.8372273
68.9070302,4,13,3.37479443,29.90579658,230.147996,284.4209695
34.4101906,3,14,10.34044856,2.288236987,198.7373623,50
88.71482938,3,5,5.437089992,5.00272501,242.4800631,375.2193332
60.54784484,4,11,7.570410043,10.22843383,197.3864636,294.3897177
81.55648746,2,8,1.513231733,31.46847082,136.6665735,201.8878908
61.90760203,5,6,0.970567457,24.13613406,141.9428891,423.1332682
61.23393969,6,18,8.801038168,5.79441662,225.7895236,481.8653195
66.8078914,3,19,6.854693546,22.14362874,153.3327867,263.7926249
72.03654816,2,12,7.189088268,23.8005493,243.1058398,183.2388217
80.21609981,2,16,1.588334279,27.84327323,172.2521615,350.909131
82.47911317,2,8,4.127954453,35.53297931,188.0497418,188.4738419
56.36948258,3,19,1.332060305,21.93989551,121.8833732,392.5727976
65.77556481,6,7,2.148611967,25.12609497,158.1544731,441.0417057
51.21233752,2,19,6.086330452,3.019377956,194.2942275,274.9167167
80.95590942,4,17,7.056481613,7.728314225,243.8424563,326.6938863
48.46793198,2,3,2.822468961,30.37533335,147.9861818,174.6583018
86.33105323,5,20,7.580331243,3.446920279,278.4477807,446.1567149
54.03052603,3,2,5.417757391,8.64479019,218.4193921,176.6338928
32.67035297,2,12,4.730594674,27.98656467,107.1853808,355.6923243
62.39214329,2,22,5.698221621,25.46756859,168.727946,384.9967485
52.20627954,2,6,13.91078176,29.38873342,251.1298935,50
66.68545293,2,17,4.906232619,12.46519346,173.5365336,330.2289875
52.57921544,2,2,9.42575057,11.74667108,201.3686906,50
58.04109623,5,20,7.256329014,4.278776717,215.7065047,545.6192377
20.00302513,2,15,4.566781326,28.89901377,120.569987,339.6121134
61.0938147,2,4,0.487940744,29.91838624,148.1039795,285.4059552
27.15283167,2,4,3.084825784,1,116.9252171,251.4244223
41.02210285,2,7,6.216116944,15.91862163,170.2224857,198.6356007
66.30181133,6,18,5.796611542,9.227483464,204.8920004,533.5143108
75.72274763,5,19,10.99004585,4.304205237,270.3943647,329.0482829
70.89224465,2,2,2.295666516,9.813612375,155.1239589,348.560981
42.23762497,2,17,4.909132441,17.10509813,129.8994616,344.8077035
63.1837023,3,11,7.92424682,9.389978017,229.8395348,196.4757297
59.2551638,4,6,4.632441308,12.17367689,158.8118297,549.0802204
39.53699069,2,14,9.790891747,21.12303957,154.7775953,50
81.56873707,6,20,1.220524016,9.988626763,175.9322179,600
74.00179927,3,12,0.370018639,4.613008828,190.1172843,542.9589513
55.17252228,2,22,4.980044821,5.937280237,121.9123987,542.4883761
56.44435691,3,15,5.333453816,6.378186262,177.131919,318.4850531
65.09051244,2,13,6.167401209,3.823334656,219.7554103,220.4911282
32.17286945,3,12,6.596358829,19.57432304,112.0935054,253.2802845
57.02244485,3,9,3.517586034,30.68190691,141.8973438,264.4643424
41.68246363,3,18,-0.616642449,29.31328905,60.11749482,484.5035882
42.05274262,2,19,5.355980937,13.16091691,135.9666275,280.2159732
51.5630453,2,8,1.716231804,11.04035727,127.626236,267.4791513
95.6207897,2,22,6.006428626,30.45364792,206.6695947,496.7570558
70.20211328,5,7,0.777293074,20.86889034,122.2549743,256.5778509
50.03117424,2,13,7.099179488,18.49242785,180.0599789,336.019944
65.79515045,2,13,12.18819711,27.90689864,292.7919591,116.8077601
80.36605201,6,18,2.534926204,9.421697312,203.5158486,577.2204146
77.62717235,3,20,0.963201797,26.61043326,174.9950852,600
51.74493624,2,21,9.864040701,6.868462553,236.7082901,110.3915217
51.44677494,3,12,12.76283485,30.38791445,216.5379071,115.3687045
67.95037191,2,17,0.975891385,18.29283037,153.266852,252.8591286
68.05563138,3,13,5.348302191,15.69194478,214.9667984,237.8983715
77.42340562,6,9,7.919361679,12.63101645,251.7906614,309.9956161
66.04997627,4,4,4.728087666,3.576287691,197.3858311,325.4049792
68.89728073,4,3,1.53525013,1.710796924,177.7307147,489.2798434
50.44946713,2,8,0.2184037,9.361682797,169.6263708,329.2147397
86.19625188,2,17,0.712860159,11.37079418,194.1152084,318.9434537
67.14228033,2,22,1.323921862,10.13619497,149.540496,510.1128219
89.24079898,3,16,5.556842825,29.93604055,214.0000542,329.0657244
46.48798711,4,15,10.27713239,8.714513073,194.4486662,277.4638111
83.24270965,3,3,0.518678148,15.10303602,214.9091361,438.557887
56.48053407,2,22,2.531951268,13.78851139,181.0868992,491.3988182
54.1526001,3,19,0.995644771,4.853491772,138.9668152,513.875973
57.57879425,4,15,6.286340659,9.219111938,235.4727108,462.2335925
53.25910249,5,19,2.338045482,1,165.1171095,550.0946172
63.8590822,3,3,1.152432563,1,147.8960206,387.6617378
64.35116334,4,2,0.341550128,13.32383534,157.4122288,557.8904491
49.14267287,4,21,11.03264378,11.34832092,232.9346598,369.7873903
55.95881331,3,3,14.12911785,14.74602713,280.1897123,50
91.35803581,4,10,6.040286335,31.14911722,195.1387861,243.96685
89.84512932,3,10,11.49459261,23.53700517,264.6777328,53.11114879
69.96164916,4,17,3.150364939,4.589014936,212.5443278,600
56.37659845,5,13,5.084936957,9.311724553,211.8276374,550.0735726
62.55951847,3,7,7.949226355,18.13524395,237.1256006,192.2718124
72.43352504,3,13,2.348089293,11.83408385,217.0368515,600
39.95916998,3,4,4.594602266,14.46607679,155.8592822,287.0554699
56.8464368,3,13,4.369748714,2.579430046,187.0452656,314.865389
41.03946816,2,2,7.006778691,16.59169785,150.0894928,84.43241659
64.76389651,4,10,5.799128635,19.67937919,177.7829989,322.1985757
59.61842771,4,21,2.762501226,6.576864846,122.0259435,531.2214908
40.16605118,2,8,4.14858637,4.211613299,141.9359296,385.9616065
85.16386513,4,12,10.18659694,32.62432961,212.3417816,119.3033101
42.14609794,2,4,7.387014639,15.8014375,196.0674667,50
38.97305087,3,5,7.113730632,12.40995455,177.4368964,240.4979064
65.81321465,2,11,14.59003985,24.16357298,234.7659772,50
68.30920787,5,21,1.282312463,11.83968883,152.0179115,600
81.2248556,4,7,8.699257208,33.88475935,271.0751604,280.101595
55.23205326,2,3,6.302932098,12.23051077,183.5796692,131.8401916
79.85953122,2,9,6.862289247,17.0987617,204.7657611,310.9262249
58.13794681,2,9,6.290879787,31.21381386,139.4346216,208.947522
50.24920307,3,7,2.484174408,16.44924199,101.9432228,377.898712
74.95471802,4,18,1.083664638,13.42426347,173.240912,542.9613675
70.04051401,3,21,5.667900489,12.40079685,193.141686,421.1706579
31.06287451,2,2,2.238538111,21.06018893,95.11165891,50
72.22993478,2,17,4.491293515,2.762245972,192.4531073,501.1399299
83.55762881,6,15,8.353925301,9.297552117,248.6328555,176.7709499
47.52929742,2,4,0.838367588,22.4030003,87.2119618,242.6396261
66.87054282,2,3,4.53142971,12.77298955,191.7238196,112.4884045
68.15825078,5,5,9.571929632,27.76415124,197.2912266,166.0159314
58.17546393,2,10,3.733033478,2.504265816,157.4732689,403.8928623
53.83474282,2,17,11.27505676,4.003489233,260.5164444,75.22664035
45.62671127,3,14,0.448441438,5.727439301,125.8666298,261.3428204
52.13977802,3,21,12.63389065,8.021833012,261.8447441,201.4809569
69.47354292,4,19,6.207442548,22.22934245,241.5090337,546.065984
68.13781797,3,13,0.100195513,27.76869217,129.8006481,405.6142651
62.41129662,3,14,8.94817623,11.38164463,224.4225967,316.2886705
71.78058944,4,2,7.262766384,15.7833738,212.3854298,369.2668061
28.91579226,2,21,11.19501625,20.68155874,179.910321,50
84.47559459,6,9,0.359742638,31.87283321,134.6007352,520.6314899
36.48572281,3,19,1.155288675,21.96127703,100.3937456,313.6977135
62.43584238,2,21,8.798392726,22.40303934,220.8162315,139.2574892
50.51181152,3,8,15.5392416,2.878261656,287.0729307,172.5512377
46.47325779,2,10,8.227791139,26.81270543,181.8249103,123.582279
67.99075172,2,18,8.875991289,18.58180185,244.4040151,265.5759919
51.80076274,3,11,2.736889679,4.895074585,151.742715,407.7252396
61.72907464,4,5,4.893563567,15.52167963,170.9258662,226.5455344
65.15184355,2,9,2.223481577,1.899093022,149.903543,452.7777947
65.61935997,5,8,7.736658254,26.17149377,173.8789232,380.1373803
69.91387821,2,9,9.200703472,11.96352542,266.5153353,184.1435279
41.2629283,2,9,6.268984811,32.28832766,134.7724859,166.1282485
74.80424164,3,18,8.212544252,5.124281246,221.7190371,234.8028629
50.70041292,2,14,5.633096114,5.763312921,169.4201656,349.0602911
35.72819751,5,16,10.46404713,3.039272981,200.2335735,422.6976336
54.92199618,2,9,2.189324232,24.67816655,167.3039521,326.152602
82.18100469,4,10,11.53514251,25.17244454,261.9220344,50
70.42897628,3,4,2.594630004,9.748923279,226.4582971,507.7609523
52.74208816,2,17,6.030363191,21.55488782,173.446798,167.0366339
63.8662333,3,16,0.59873872,1.965539872,191.3548702,582.4806563
65.16303275,2,6,7.804003605,18.58131388,228.7981197,221.5050693
88.7972323,3,21,5.734504549,27.34939237,225.8821284,449.5726929
69.97388326,6,17,8.863924711,1.712430492,273.7870903,336.6697539
62.31158031,3,11,1.597945421,15.78248782,169.2654303,423.1061467
73.82010508,3,12,6.275927858,26.13160476,215.2777341,272.1667267
58.14426732,3,6,7.095937718,2.717266053,252.3538455,397.2700734
61.21353687,4,12,1.225082782,16.66114203,130.7743653,506.4934757
59.47736738,4,14,7.614871649,26.5441855,174.2311456,383.0368767
62.30321759,3,16,3.921814058,4.925176428,165.208211,468.8483615
63.88295345,4,7,5.128087197,16.55962398,218.9030668,330.6946352
66.56639147,3,17,10.78407281,25.89954063,265.9858833,181.6445926
59.15709878,4,16,4.71710691,9.080857903,168.1367929,549.6528592
73.21576297,3,12,3.099687165,14.65260071,132.0054098,281.7054165
57.0614157,6,22,5.487789732,28.56519025,163.5009679,548.8876033
61.52665353,2,3,5.626019473,17.10383358,164.601822,130.245126
26.02837845,2,3,8.655664722,9.368075255,158.2260353,50
80.39356908,2,13,5.93203533,11.13937095,199.9110292,374.0191879
69.88998081,3,17,8.092711656,7.458087449,197.6048563,238.0826895
81.15554138,3,20,5.92145935,7.456127597,262.6470909,447.0601919
23.29560237,2,3,3.338213178,3.787138981,101.6224601,208.6063616
85.85624115,5,18,-0.471663093,2.561189254,200.2721355,532.114822
55.50852038,2,16,7.030925158,21.38955094,182.0329732,249.1077313
73.11407983,4,18,4.67851476,1.639682067,182.5284376,515.6408003
43.11503664,2,7,1.685533738,15.19686607,129.5517673,151.4048373
74.48042705,3,11,-0.036760419,3.683773491,150.5848805,472.8671531
36.83496239,2,18,8.414584202,17.97089283,170.8795492,50
47.72526846,2,14,0.012398285,30.77904176,99.98677082,411.2054523
86.73804026,3,17,7.400253977,10.10329541,229.7827071,453.2592813
50.56968067,3,10,1.545122782,18.98214263,93.69730763,433.5458033
64.28528437,2,5,5.345601369,28.48136801,176.0734535,251.9223693
71.34111936,2,17,5.163533217,33.68475018,200.9775651,219.0195444
72.99431245,3,12,4.897239723,10.29418587,182.196692,401.830218
60.88066658,4,8,2.728637212,11.41080155,162.5579761,421.8228618
67.76912583,4,18,0.733090928,14.58553029,177.4263168,565.8083597
96.62616062,5,14,5.942464784,29.82752885,228.7065679,487.323994
46.72815535,4,5,8.019510969,13.23797284,191.4188519,317.523633
55.84075774,2,15,7.965773998,25.70907682,193.9558622,133.7613334
77.67751828,5,11,5.971214165,34.32473334,185.1217439,235.0684976
78.27269808,6,11,6.427219061,23.70309627,192.8516703,400.8615883
77.46210531,4,11,2.818881958,7.218319223,168.8220748,462.959053
76.23161987,5,13,7.349484964,16.56661253,231.9526534,401.2771244
45.40480001,3,3,6.794820607,21.34567465,184.1363136,231.9708164
92.35295055,6,10,4.34284823,9.689973142,240.3075744,391.635782
30.50648337,2,7,5.929879564,18.67268578,132.549515,96.64155647
73.2102721,5,9,5.566019756,22.87317305,219.0432381,300.850494
45.65009742,2,15,7.272630435,4.824462755,193.4891567,353.5094838
59.16224296,3,8,0.399728767,7.863965024,137.8643245,434.3001268
70.86529567,3,8,0.358583232,7.228711556,87.31367334,414.6964402
54.24653375,3,11,0.328807344,26.81895086,96.85452114,433.2799918
65.06214261,4,5,3.564231379,2.200122546,151.0534716,380.544549
89.24974581,3,15,7.712255697,11.56218399,264.2888986,318.7608867
63.71776558,5,18,3.113615074,14.40635522,167.0883816,600
60.90635417,3,19,6.012711718,26.74242095,158.652984,441.5012411
77.84321612,4,13,10.3912924,15.76951044,264.149391,213.3101145
78.68789171,3,15,6.976302584,23.30898971,190.6778243,264.1562532
44.58038082,4,14,2.80237743,5.143596247,119.9042066,413.6652631
75.43416757,2,15,7.893056303,10.69424776,219.3219896,91.90869976
73.53009598,3,10,6.675003595,16.93985877,224.2960193,355.0889289
60.18219176,2,20,3.914859151,26.88874593,185.899716,515.675033
76.22913353,4,3,6.006447853,34.88511518,184.7799177,201.8874976
60.65913522,2,12,-0.23716836,12.36445991,155.1746241,368.7005309
64.33047173,2,18,6.029531092,35.72996437,179.155118,202.4493661
63.02338909,6,3,7.53636846,30.73744651,200.0315742,295.8808576
54.44370753,2,20,3.088892501,7.723570454,155.0995388,311.967057
48.92392517,4,8,4.017539242,15.1990077,147.455799,315.3912371
34.00341703,2,19,3.111715171,7.286872303,135.0787802,449.7765936
95.6207924,3,14,3.708491035,22.47005758,227.3464766,408.1309778
42.85321994,2,6,2.275523373,17.48293959,105.3564859,366.5990644
39.29524579,2,20,2.419129956,13.80960273,118.3004767,400.238832
26.24662249,2,17,7.50390938,21.06835771,180.9398433,82.31549048
55.65739821,5,16,1.726201286,18.53858352,139.4610165,569.6243011
41.92889146,2,10,6.347555457,27.33260966,160.2366811,171.2441949
93.02773661,3,16,7.660525931,34.02687237,262.2707371,171.8006477
73.64477351,4,2,-0.051635566,19.1770527,134.5842725,345.1138831
47.22791006,4,19,5.496320235,17.32800699,161.2634494,282.4242966
90.11425963,3,17,1.63230838,21.04731747,200.9935172,516.6863624
72.09494613,2,15,10.28178338,22.54034219,267.7060238,104.8756952
48.14145802,3,15,4.922147392,1.981710901,122.5454264,477.0659964
19.26480746,2,12,11.36871801,27.53891278,155.8198853,50
88.31172564,2,3,10.98440521,27.87159455,250.0470588,50
42.7512632,2,7,6.885017533,9.463081758,172.9301026,168.7288373
42.71999139,2,18,14.15902234,13.12464657,226.7170377,162.7830688
76.44675475,3,6,0.701800291,21.44931256,167.810795,406.0395375
93.22678835,4,6,11.40020351,23.01629619,288.8773875,54.01598686
84.48547141,4,16,4.566675866,3.774205324,237.1594049,370.6920692
68.26233838,4,16,5.111320365,6.735660854,217.1783417,541.4339148
73.99555377,2,21,3.423922234,14.07577422,197.553654,339.2395244
68.07409406,3,12,0.154542881,31.17038475,122.0044511,537.0145873
67.0039144,5,6,7.957870636,22.22969892,214.3863696,331.4426026
67.84866697,2,2,0.666321042,28.3197942,126.5628974,225.499853
61.46168214,2,12,3.522131203,32.528898,124.0960106,344.9101357
63.69548658,3,13,3.599096338,17.92619273,186.268996,290.8159082
44.3979107,3,7,9.321183344,7.071108278,202.4705203,58.115027
57.95813717,2,9,5.255305523,17.45141673,145.4768883,155.0715535
37.33808418,2,3,4.081564252,8.047585692,151.1236917,292.6954499
50.83929948,5,16,2.002546357,35.3277078,113.5432682,543.3902237
45.15402764,3,10,0.647696186,12.01609059,73.39905139,372.3476137
33.36520113,2,16,7.79338483,34.70875289,122.7400622,50
70.04767921,2,9,0.921629298,18.36396019,135.5844205,239.1818135
74.2920271,5,17,3.545821354,10.95860723,192.3396096,467.1432309
72.83028721,3,15,12.67364778,4.464827095,298.1704466,85.52472799
36.41798356,2,16,7.897927001,23.42571663,179.9410507,176.5202677
40.34490267,2,21,0.801468022,9.524464539,122.9697217,600
83.35759123,3,14,9.081330373,3.74015947,262.1703156,366.7156101
41.80421498,2,10,2.2444233,35.3228657,141.3369091,158.5258803
55.28153685,4,3,8.486435774,1,230.9840879,222.5947732
64.80328993,2,7,3.953881255,25.59928237,170.7064289,196.6246498
41.98487507,2,10,2.045166695,30.68710082,120.211061,293.6644689
61.03572644,5,21,1.77823647,24.09978577,132.0754257,600
43.50489358,2,20,6.685380522,17.21852045,167.1914572,208.7236324
51.7801411,3,19,9.570333671,11.50125103,172.5334668,357.8867868
61.00408552,3,18,7.111282145,18.17403848,190.3447657,459.2498009
36.07363502,2,17,3.410012826,4.401046184,169.8875042,342.4324545
59.77209468,5,14,1.586952112,29.85453329,134.611542,451.2331843
65.62173961,5,6,2.856924373,20.0138164,163.1255956,400.5475778
65.75752886,3,5,0.867335751,35.16303024,149.1513085,340.8587601
61.09640295,2,16,11.06657479,28.67769419,236.5247053,53.93837786
70.73136215,4,7,3.622690638,7.20623971,170.8292817,491.455655
59.34488206,2,17,6.351605996,24.08170708,183.7411676,110.9093477
61.97052795,2,16,4.219080495,22.52487805,144.4223119,249.7656781
64.89206801,3,15,6.592676747,1,216.1371129,404.8400234
73.69445603,2,16,8.317246505,20.62464238,210.4594361,270.5056969
61.31595503,2,16,14.98312799,1.187675473,309.4209643,263.8891787
47.50808943,4,20,3.459193102,27.36695797,123.7556864,303.8008862
49.81813505,2,4,10.07061869,30.74611873,184.3424163,50
51.06255109,3,18,7.068970146,18.05436521,180.5833962,97.79877039
43.43911663,2,15,2.982495062,18.80606686,137.2466085,222.0567352
86.05994962,4,11,3.483610673,33.32499753,163.1193932,239.7189948
37.48309642,2,14,7.782017665,25.58995727,153.1475235,93.02703513
49.11041954,3,5,4.413198808,16.18024124,156.9566705,249.4916438
47.51258969,2,12,5.601397921,1.93254252,202.5042007,343.2731254
76.0420885,4,16,8.215586037,1,194.8446778,373.2146192
55.09090224,2,17,15.32533098,21.62495059,280.8929668,50
73.76543663,4,3,6.062397096,37.31350898,183.7500074,235.4390056
52.73213973,2,13,1.2690859,14.12875684,120.5938562,289.3878781
60.49062493,4,3,7.097830126,25.02828895,178.0690683,166.9497724
45.88981098,2,7,3.706527056,11.11007164,139.734018,311.6413796
89.85764671,3,14,12.78199566,1,324.2227707,359.6248568
43.37213853,3,2,3.385414934,8.280971127,131.5518508,499.9327868
57.7908962,3,9,6.139572025,23.53250939,212.4278974,314.147834
69.66719444,4,8,8.107710035,6.902008063,242.5336212,420.461775
71.60918179,2,11,7.84422871,6.466102009,234.6426207,273.2261329
57.6995422,2,7,11.23037397,8.664344971,238.6004546,104.1054116
54.7155414,3,21,8.664218991,24.22887147,223.1294889,252.1157259
58.82891474,2,13,14.37213571,17.40972862,294.75734,50
59.27370891,2,14,7.341504724,20.95422946,172.3345841,240.4106853
77.25967426,3,12,11.28984875,33.71315774,237.7795106,62.0573991
100.6775288,5,19,4.009848147,27.27784893,231.9850996,504.4059935
43.50891031,3,3,13.89690605,28.61274182,250.0758514,50
40.77014415,5,17,4.207186412,9.426091244,139.6793964,588.799221
59.60273248,2,4,11.38300156,6.201454891,233.4240532,50
98.36184417,5,20,8.859525594,4.251532003,284.3090491,471.6609148
49.72207934,4,7,5.537599407,20.91273306,192.7627952,329.0141506
83.4390724,3,2,11.82480287,15.32883491,281.9642546,133.0207671
80.17144366,6,12,5.706009744,14.69061385,190.2859564,614.1218626
52.763806,3,19,11.05357116,18.9975541,226.6750419,155.168476
71.78101869,2,11,7.264654633,25.70063695,225.4125262,220.5012801
84.18937989,4,19,4.133869676,18.83375902,200.5282131,425.4895649
59.6097966,4,3,7.16973733,15.11898226,224.1802186,90.44646287
55.75930896,2,20,6.022220546,18.16752662,196.6441283,324.7335675
53.57761568,3,17,3.510171305,18.75316147,149.2304289,397.7319384
36.86993298,2,8,6.614037077,1,171.5081506,319.4020221
61.47299261,2,17,6.714086796,11.55780721,163.268917,264.2046553
40.5029994,4,2,4.258045849,10.42745753,169.1975261,187.2361827
58.07032013,2,11,7.786745626,7.805300525,202.1383491,203.4083136
47.12164533,4,3,8.170303383,32.91699695,168.0527695,210.807757
58.76286825,5,18,11.28164415,19.11632342,224.670613,303.0114265
30.81898254,2,11,0.658855423,4.654344089,108.227504,377.9920729
65.16842512,4,7,1.600158611,1,140.3803638,376.6562298
73.07351317,2,6,6.353511546,29.12776311,180.1597191,76.88330494
31.21334375,2,9,2.39660976,25.84170995,99.06224324,278.2430855
65.44113733,4,9,0.82476286,22.84337263,125.6043699,311.1730621
77.99959487,4,6,3.450704388,30.18888665,184.0599983,324.1860635
35.84000467,2,13,4.090927154,8.44242506,126.1175529,294.9702941
82.65174108,2,8,1.404989417,25.52148871,199.5110401,438.3300614
67.09165811,5,14,1.470438425,14.67404601,167.4717847,597.1599825
46.73111637,2,14,4.94692826,23.30711125,164.5379924,316.9104956
60.62430709,2,19,-0.257793881,21.72393561,108.8801383,464.4735482
67.69885612,3,6,0.14896852,35.57180984,172.694115,302.4164529
60.42547971,2,20,6.165281444,10.55889718,185.063696,261.2058484
69.11768365,6,11,12.00101094,19.59901112,243.7312204,182.9996568
48.61561158,3,4,9.263965623,6.060489655,224.8495338,215.2170944
66.08051834,2,13,10.99796968,15.54582637,250.5683759,57.29801038
48.70949534,2,2,1.261159683,11.98493995,109.7202017,264.4238316
62.6505186,4,12,-0.08812822,35.60518273,158.5272927,462.2647483
39.03916575,5,20,5.635765043,14.23252535,173.0423687,565.297175
43.54774017,2,14,8.919220192,29.38831919,181.0832629,154.5565689
77.16816367,3,18,8.173035489,14.16489416,284.1728877,242.8672335
72.55506669,2,9,0.945616884,29.82577329,160.6437531,348.360054
71.08955612,2,21,9.818212636,24.67644791,234.8372828,310.5513884
46.09827029,5,20,5.060545811,10.25459577,207.1779398,530.1192609
52.83631031,2,18,9.204058708,2.972128198,232.0970447,114.3623261
84.14484149,2,3,2.994895367,11.12786136,209.5688321,242.9975683
69.39675377,4,4,0.693024944,34.44079141,125.7457944,305.9029925
85.73080339,2,4,9.29377783,4.097594757,269.2441773,293.3461952
58.75537782,4,8,7.624537248,21.80964424,188.7168639,341.2294322
68.36693751,3,11,0.675032292,27.03948342,166.4638574,362.251223
59.71239796,4,19,3.208892362,25.56323879,119.0186467,374.4443449
64.51637266,4,19,8.076427938,6.718772155,249.4812293,380.9559449
57.76765117,2,15,6.275233494,13.04494029,171.4210089,262.485868
70.10604609,2,17,7.767459962,2.567363898,229.6213536,224.6475805
77.03353192,2,8,2.881754665,19.01507726,173.251455,291.4986369
49.0925413,3,2,11.71748281,2.309626409,228.5628892,50
46.57011923,2,19,5.246415912,10.97136591,177.3379282,413.0296549
29.05069966,3,6,3.915740378,8.286772526,126.000251,149.8696154
67.70984721,3,2,5.538601896,16.60147359,180.3156357,96.25419886
47.90117748,3,19,7.633788171,20.55925269,184.8221564,292.5872128
28.52873204,2,11,6.668731727,24.27778424,126.1364534,50
69.19447574,5,14,4.135684537,18.91104582,169.2642124,415.9789697
100.6881018,3,21,1.591889883,4.489389054,183.4142785,587.3199174
57.78473141,3,3,3.236618232,24.8581192,140.1506042,322.0096673
67.47402297,2,17,3.269786049,22.4569195,175.8274499,323.0091587
57.48852518,3,16,2.896208955,30.26295484,141.7270118,496.003992
53.09782302,2,14,8.1239325,18.05836132,232.7406439,179.4309815
64.50622351,3,19,4.347102998,6.015893976,237.6739995,536.6843191
61.10468866,3,21,10.91297185,26.67755307,220.1603411,198.0775071
54.58076968,2,15,4.885234048,12.95245417,153.6951765,461.9884192
74.13276822,6,20,9.767717311,9.341411531,273.9995271,520.3108039
47.33970654,2,3,6.322734332,12.16846041,181.2062996,167.142753
73.48885866,5,4,6.70135211,21.63264243,232.6581807,365.2169362
49.80113615,4,4,2.765055637,35.77309612,131.7103983,276.6300293
50.58665688,5,6,-0.350608125,32.10250442,92.8047436,433.5101228
66.74318631,4,17,5.534101197,16.03405713,188.8548448,291.0578633
46.82846845,2,17,11.9728704,21.67137645,231.2898411,50
56.48709961,5,14,3.744957472,9.895460225,160.041578,600
62.26729392,4,10,3.17642877,18.99774298,184.3570591,304.458057
72.16884645,2,15,4.918268828,25.61145839,160.9000465,218.2353744
67.51430464,5,17,13.02345505,20.63844145,289.2781271,211.2587861
61.93450417,3,12,8.731769095,19.51703383,177.1378052,189.9785488
79.52303972,5,7,10.58528833,5.877092998,273.3378142,323.9059894
84.88261795,2,11,2.304585569,17.01246935,180.1389525,329.6025375
68.8165502,2,9,2.485364628,30.36980884,123.4555104,311.8149417
60.11544917,5,17,2.85831188,16.30163799,114.5145938,593.1867342
41.88951678,2,4,10.18561263,26.87046709,171.2437344,98.82750505
47.85685563,2,3,8.474075218,7.186585969,201.6904534,103.3813123
51.7000705,4,17,10.26016217,29.57779029,194.4458126,243.0438272
55.37336364,4,20,2.309507271,20.64281665,118.8218868,378.3558223
52.51045931,3,10,9.925765196,31.00972451,230.261183,50
63.13131416,2,17,8.548235265,11.42050404,196.3992271,125.3647719
70.65252697,5,6,1.97825596,9.569861472,181.6878075,500.2154927
55.58469289,2,11,5.147468093,8.039442129,160.6402264,210.2363632
59.58562162,2,20,2.196245664,32.97927552,112.50135,219.2862452
59.64427106,3,14,5.296265564,25.21194456,160.182734,257.4746587
17.21864733,2,19,7.527613592,3.835939865,160.433676,101.7431297
45.01814754,2,17,11.29344966,7.561311122,196.9833539,238.4450641
51.59748375,3,5,1.9306225,24.61060396,132.7630727,268.2670206
57.42083725,2,10,3.675485299,2.138118023,151.9604145,429.9728609
74.29240708,4,5,1.112765813,11.06873403,148.0959441,425.3794542
83.32226013,3,17,9.195206084,11.51716588,265.7345501,187.1257671
84.94347807,3,16,0.845584404,5.302048746,225.0990787,600
60.32353247,4,3,6.136063973,11.42538897,174.4852875,293.8054265
76.54319285,2,16,0.613622812,13.62086453,174.4519375,600
59.10283285,4,4,6.100125276,17.87996752,179.0972805,232.8497724
60.09104547,2,5,10.00279089,10.77041087,222.0532793,58.73099155
45.99627288,4,2,3.110340639,14.9994736,159.525757,417.2281174
57.43954497,2,10,6.060945421,32.73320962,153.7117477,243.3155244
57.55113771,2,18,1.508642477,21.61783662,111.0365975,389.8366823
61.25302666,5,15,4.760632261,35.13119216,170.5844248,600
63.17025916,2,18,0.277338591,23.08239229,160.9585367,405.2896783
64.20465993,2,2,8.846434841,17.48134783,235.7861541,50
70.47452071,5,11,3.924290034,9.048214006,159.5757626,398.5138351
80.10058076,3,17,4.655704744,19.90945255,188.4736957,352.4780401
74.17854029,4,21,5.443792094,20.58427685,218.8302747,545.4801197
40.66330933,2,4,2.224039062,10.6848548,156.3096751,272.3490103
11.58350155,2,14,2.309871714,10.55665306,86.60287353,428.0459554
81.39269682,2,4,6.030137814,10.50217377,212.4052337,266.619673
38.83403293,2,17,5.579669396,17.14376389,183.253109,342.3465835
52.95368223,3,19,14.50852302,19.94660133,257.0666007,100.4176653
45.4456242,2,19,10.57193104,28.42634648,189.030498,124.0086172
35.82744153,3,8,6.367817181,17.95517751,137.5565413,264.3045806
63.23980796,2,20,1.35354052,27.42962714,112.5510485,340.6306732
71.7250263,2,8,3.380059015,34.92926251,220.1163282,206.4017685
51.53901937,2,7,8.74377846,20.40279968,226.8432312,129.4345215
20.994781,2,9,5.563802144,1,123.2043266,403.2264311
59.92643227,2,17,10.59818036,17.41202492,266.5783506,50
65.7762834,5,17,5.966623596,1,218.1967045,350.2970683
37.16680281,2,21,5.782466302,32.75898302,146.8498408,200.8729432
59.34855996,5,16,12.29203014,8.461371798,240.8157033,346.7462395
55.64615466,2,8,1.121765384,23.27165367,115.7870193,317.0918621
70.6495854,2,7,12.73460327,20.19563807,266.3154197,50
59.44460508,3,13,8.854326506,26.52139164,167.1820795,178.1265539
44.464319,3,11,18.46897717,34.04440509,264.4143233,50
78.93941494,5,10,3.307468119,31.81058109,176.1251314,477.6343506
57.94050367,5,3,11.91801434,16.28929889,269.2498379,130.2083882
60.26523719,2,21,6.540148644,9.931236139,185.5234024,302.0446981
46.65756478,2,3,5.21014317,22.44070359,170.3779782,192.791469
56.47376882,3,9,7.35087361,11.53669333,157.7801583,250.6463697
59.93311318,2,4,6.153075796,4.133549362,221.4641918,191.9935841
63.55236256,3,3,2.247760481,1,148.9992093,494.8379483
83.86417668,2,5,5.696487507,6.77183137,229.9491344,335.0481452
45.49901688,2,20,6.728016298,32.0393594,168.0240632,60.61058439
30.52762505,2,12,3.655314766,7.831544475,130.2829408,276.9905713
79.23626707,2,7,7.704829925,2.37536627,241.8668117,161.0420865
60.39455945,4,11,4.122123126,20.36701249,140.6891347,263.1674777
53.34324096,2,9,7.591225842,5.243893947,183.9411863,250.038956
78.6062504,2,15,6.769164014,7.237091783,249.7399812,269.4225751
47.96427748,2,6,7.319084212,17.63912996,169.0784052,121.9206685
84.47292682,6,14,0.49547829,29.28509969,156.1701815,546.1080458
70.82464528,2,14,10.1754392,9.599870106,220.4697387,199.4241351
51.41988024,2,9,2.140520993,2.368476161,163.8117166,437.7037758
96.80050193,4,16,4.907848478,35.53118539,189.4646286,558.6955822
49.52760605,2,14,3.020314948,27.36110108,150.9249339,271.9624399
69.5973666,3,2,5.75604736,4.348598492,187.2234095,172.6116545
56.36018236,2,7,5.154748508,11.20514665,197.4138019,203.6663606
83.90277051,6,13,8.352024914,24.53812411,239.9477639,450.6307267
85.03455481,4,14,5.737683509,25.75343619,203.1507704,299.257384
49.05004958,3,21,4.159189576,5.312819954,192.9247493,321.5076298
50.92382524,2,2,1.338632166,16.05047352,125.5545809,224.8401441
64.89369762,5,12,8.956125768,30.50931209,205.2581086,220.4564357
53.71398485,2,12,7.449848558,33.59229476,196.3779856,50
89.67525935,2,10,9.130957329,2.47062793,244.2368177,255.1753227
58.02615799,3,4,5.244580127,21.99257846,121.3476634,213.1939968
63.16541301,2,20,7.245543327,6.712426487,234.9932111,454.7749528
70.63004451,4,13,2.663354753,29.65781194,142.1263232,371.5182422
38.8647077,2,8,2.752036295,33.03809032,126.6794007,263.4224862
47.28898262,3,9,4.348418864,29.37148703,141.8437204,211.9833631
75.71007807,5,7,9.082512313,11.12272597,222.2122702,212.8679854
41.61414018,3,11,4.055181865,19.25421393,149.7153062,256.135144
50.88482367,2,18,5.675231903,10.83645859,166.2069839,165.7226657
64.0610838,4,13,6.160620343,6.279891898,181.1271089,633.9734788
84.15326597,4,18,5.685781839,5.860416276,207.3734569,475.9872598
74.27044056,2,7,9.373455573,28.03798618,198.0530525,50
76.37651283,6,11,2.840480176,13.80508986,189.9859968,523.8365824
48.44349062,2,12,5.898665789,20.54235161,146.5099976,50
42.18004692,4,21,7.456572298,19.50389124,171.5382378,436.1952
77.86795986,2,15,0.938897324,22.72345467,154.3776994,511.3122912
61.83188692,3,15,6.754968846,9.418942862,183.9312309,322.6209188
56.95354329,3,18,10.97199845,21.64619084,197.3753525,185.5519669
87.39803473,2,17,4.185054809,33.11892948,247.1266732,215.3297174
67.73189826,5,5,1.104312764,5.62046755,157.1739505,438.7472182
67.55083607,3,3,6.995714378,29.94544548,233.7947006,50
93.79449777,6,17,5.982383819,24.09506045,254.5382721,484.038709
53.22724379,2,2,11.90533082,21.2872779,225.4410456,55.51286113
82.97196809,6,4,7.258925974,26.21680296,229.6930623,314.6065708
58.66485228,3,13,1.626608681,7.628043306,151.1992462,480.256484
63.38937464,2,18,1.223288743,2.502846665,192.1986858,570.3740493
82.83085095,2,19,8.523382217,2.674477825,273.9371902,182.7837891
56.04030966,3,16,6.816685237,23.2836069,167.4549764,407.2052421
65.29990684,3,11,5.633538114,5.939497259,206.5660203,436.5798057
73.63837294,5,13,6.12243176,22.41471001,219.8363958,432.4237846
67.71622244,2,19,7.487889209,13.52114091,192.129932,335.5735281
48.70420842,4,6,6.910361755,17.06680774,188.3894709,329.3783803
46.79527368,4,9,0.61356858,19.11832724,137.9437137,466.4641113
23.16132353,3,4,10.36126282,14.7294105,159.4216321,171.1489228
90.52946755,5,3,10.36487766,9.595794351,267.3799711,230.3412525
48.13236774,2,20,12.7598277,10.3410524,264.7334368,146.2678984
69.26442843,3,9,12.52062235,32.86212426,245.7284404,145.1633686
52.4263106,3,3,11.82714836,29.44876338,203.7117706,50
55.53320402,2,20,4.600015425,17.26637154,183.1323239,360.6987531
68.35922027,3,2,6.764360265,22.24319694,213.9249602,246.4087102
69.05047162,4,14,10.35916571,13.50384162,248.2521694,113.1524596
47.44395226,3,21,1.698064643,31.90063132,135.1177223,429.2104761
62.03070961,2,18,4.713318646,21.6945938,196.7362807,240.1019578
65.95261948,3,4,1.353766994,26.04809554,139.9716646,369.457873
50.62753932,3,10,6.783594595,27.64472188,211.1480052,198.4652957
91.19120025,4,7,10.56844004,11.18330016,315.1923598,161.7277436
76.829805,4,7,5.316616218,22.93918273,160.3735545,405.0533948
62.49812293,4,5,3.185089389,3.854875869,151.9118291,391.4254133
75.83145895,3,18,6.972515708,9.205021319,181.0024921,367.3552237
76.75151749,5,17,7.240405993,21.00275695,214.2348307,498.3147486
58.00525673,4,17,7.621873385,13.33662224,178.3329572,257.1192506
33.2715458,2,12,0.655337329,22.95700895,71.80871686,315.5611336
63.73139452,2,3,6.256062324,8.0885137,223.498267,169.4908467
47.6203693,2,19,6.265083512,26.97929568,127.4013713,196.0881073
52.80821791,5,17,9.086443234,1,221.871474,576.4612388
79.52567368,6,19,4.971679113,31.28279757,196.4525925,532.33268
76.03463944,2,12,13.8585874,20.52786034,284.5677592,50
53.28625243,5,8,5.803315196,8.484550466,183.7904639,429.4170519
62.98160232,2,17,3.465234969,6.61471955,129.1873433,415.189308
90.74325914,4,6,2.072927148,18.59725251,175.7752679,293.9073148
62.3728904,4,14,3.789068307,5.579302698,207.8465938,600
102.2826329,6,7,2.292604196,27.29883615,180.5735007,410.955459
69.33262489,2,15,5.104207049,26.51493581,217.1612755,406.6002358
33.89438303,2,18,12.27616945,26.89596503,173.9500488,73.02116681
79.23625309,2,8,0.029431721,32.2689963,112.7926871,361.9691476
60.87672073,3,4,0.186072343,23.60210918,105.2585408,341.0455465
74.14299341,4,7,4.564167398,8.590103154,222.5657409,600
65.55375293,6,10,0.170959201,27.83659765,116.8485267,600
59.64977153,4,8,1.978662946,17.88638521,151.8603184,418.9458012
41.90268522,2,3,7.230003474,26.99465686,165.0310755,50
60.41530129,5,20,5.224556844,5.595509512,187.3028691,459.9116404
46.86195724,3,9,7.499847943,9.860885408,212.8850688,238.191458
50.31413444,2,13,7.625875207,7.774324948,210.9408526,147.2289971
70.47445882,2,5,11.10549996,27.90939292,221.5811095,70.28045318
93.53085867,5,17,7.16068208,6.507871833,251.1853957,425.2922884
60.10861471,4,19,10.53361774,31.46556854,255.195441,293.3442871
37.4609725,2,15,5.939064587,6.537943784,166.7429854,348.5299887
66.87452678,3,6,7.78694163,21.68055066,180.6798467,176.2711278
88.11184061,3,3,6.839692407,6.523987619,216.6047168,323.9879547
45.49501067,4,12,7.029697517,12.99664537,195.9450811,352.756779
57.93976594,3,2,6.11319242,12.62869223,201.9873657,110.1093062
55.83331284,2,15,13.03523833,16.80556553,232.2305886,185.1927984
50.21741924,2,7,8.565121843,16.0518276,213.0884888,97.65033866
59.40289515,2,19,3.826943069,18.66469013,194.429864,399.1729696
53.00491916,2,15,14.82510255,22.58533013,288.847317,50
72.68470767,3,14,4.134128178,15.60464549,219.9701876,180.3866613
46.73422402,3,8,5.659188545,14.08804547,176.5325606,207.1053761
49.71140402,3,9,2.814457973,27.51383166,127.1474241,369.5214545
70.60666515,2,19,8.206748041,4.772856516,226.1095913,293.2918504
54.09102642,2,8,12.1941681,15.84093459,240.0577351,80.31609006
88.70849809,4,21,0.450082328,1,169.2431043,600
43.62653339,2,18,4.413700185,27.17782272,130.6485693,360.1381159
58.18693431,4,17,10.03644237,22.19096323,245.3944495,246.456352
69.21449132,2,12,1.683836294,24.53932092,118.847223,451.2583197
41.87162024,2,20,7.051449071,18.64823959,137.5899349,144.0967448
33.556316,2,2,0.214852494,14.99727865,107.0957881,286.7152658
44.31815474,2,9,6.709012502,21.27431949,159.544443,107.0804804
83.08446895,4,2,5.552525285,27.14732036,169.9212395,301.983169
49.9926042,2,10,19.59171931,22.09804417,302.0009809,50
98.1252592,4,20,8.757323132,24.18213387,261.3329813,322.0358651
58.00570923,3,10,3.375164034,10.54056832,153.70606,309.2574474
69.9343438,2,11,5.276856298,5.068573951,217.3293401,279.6713412
82.65325181,4,13,9.124798458,18.54985013,223.7240708,274.2450045
85.16620764,3,3,3.417400219,26.94273141,190.6288368,136.7580773
80.41823595,5,21,4.085207204,24.54960114,187.6202952,321.1681318
67.61997926,3,9,3.723068315,20.31334729,173.1664788,332.3509235
77.72135086,4,21,7.629242667,23.29690305,189.5932074,128.3298303
71.14785474,6,14,0.730465416,12.80122154,143.3324813,600
68.29843371,4,2,3.448831388,13.56911573,176.4760557,331.6247345
58.23964898,4,12,9.757306606,27.79446204,223.5201626,234.6236797
46.69230345,2,5,3.242833075,33.77921711,162.3713423,144.1132671
57.0073964,2,16,3.442320268,28.1282656,163.5506526,422.5190605
63.3030399,2,20,0.382741908,21.67330674,140.6664376,506.9589516
58.39438205,3,7,8.023909559,8.048451722,236.8214031,182.5503638
70.18783228,3,6,7.696238743,30.54163057,201.7343825,141.9217005
76.91723294,2,6,9.227650101,19.81991326,272.8749831,239.9988319
64.54467194,4,20,5.150231075,28.705616,197.7402817,330.9834514
93.03928561,3,4,7.323726735,17.26994858,240.0626811,230.7959673
42.21956117,4,4,6.625058014,9.084177864,210.7916831,385.2637597
51.19574971,4,5,0.416148092,16.07499999,127.0338118,391.0001192
52.37505713,2,19,15.60617659,26.91817578,306.9491905,59.59368215
32.31302612,3,10,9.563547102,1.490006964,198.9766497,135.1495166
59.32138151,2,20,5.757894395,17.50562189,171.3179215,61.64810165
58.01767258,3,11,4.471316157,16.01402837,153.5777149,416.9304378
74.74512312,3,16,11.28719801,20.4426573,251.5206698,204.0705706
70.7690706,5,2,6.366703123,30.01846035,184.37997,316.3775671
42.8414167,2,12,9.689282304,29.99107383,212.5898602,50
86.26604838,2,15,3.278058863,1,210.8001763,371.7785808
76.32461982,3,11,2.409544889,8.849341191,149.2224522,522.1100934
68.53545959,3,20,4.938403192,4.372137779,202.9495974,459.462911
57.90498814,3,17,5.377393587,24.53321382,173.5151079,299.8487278
45.46188387,5,9,7.631339595,9.370686207,177.6375204,342.9305429
60.19097396,2,3,11.95775736,15.69532491,252.6596151,127.3417471
80.11206829,2,8,9.741946817,19.00524563,251.5011854,178.3728175
87.90329441,5,20,10.56019776,12.90887849,289.8051238,327.3630963
77.97177346,6,8,2.681556847,31.58173779,180.0074172,369.9288124
55.56989942,4,16,4.707120541,10.03420968,179.6967439,468.6128927
41.63121064,3,10,9.131836529,31.88631997,152.2790072,50
61.25956826,5,15,10.5278946,27.85647405,267.2634537,153.3398181
26.87998421,2,2,8.39028002,18.73687563,128.1135619,141.1825268
66.91536979,2,14,3.559387316,1,182.5927443,479.6908828
70.75288993,3,5,1.194162353,33.27115441,119.5653679,361.2938904
50.47801931,2,7,6.76345148,35.53533311,172.8500405,50
39.19246568,2,20,1.985636356,1,130.6131766,598.9991672
73.933297,3,16,7.161422251,20.76648209,212.5256606,368.0055515
49.3946019,2,5,10.62184795,1,259.865838,100.2354231
30.3253017,3,4,5.7749637,28.94557963,152.2510442,115.2931805
23.47755747,2,6,0.208954724,8.419347481,74.02809859,335.0886823
59.98383381,2,6,3.664036963,35.30017052,164.4586768,166.3126364
88.14044486,3,19,8.527206644,11.97308828,289.1978683,500.1820103
85.19336621,4,11,6.724344642,27.55178141,245.0189714,280.1894365
58.94257296,2,9,7.113759405,19.7760884,191.0062111,84.72958143
50.47920297,3,13,13.07399,28.95860889,201.4857993,160.1239013
77.88603587,4,4,6.97324909,17.01084426,229.4458274,231.3796342
48.5144647,3,19,6.710355431,30.65757758,178.721396,318.2189006
69.58430497,2,9,9.310248013,7.273196034,226.2680428,224.8105497
71.52405185,2,2,0.786017479,24.71092373,145.8284189,297.9291578
79.95822589,6,15,3.900097608,20.21211787,191.1108644,454.5444887
50.04951158,4,15,2.653782049,4.631915392,175.6607683,577.0531937
54.05996741,2,14,8.078356352,17.77492587,234.7298975,89.61841712
52.21853101,2,4,2.011834447,20.8321888,155.2846794,268.6554736
47.26242317,2,19,8.085770002,5.879525525,195.3366007,315.2544244
50.97842509,4,14,4.677449291,17.9842501,181.8090554,510.6183901
62.08943973,2,16,4.037209686,3.357163483,193.7962898,299.294913
70.24235705,4,12,9.144555093,8.230235254,238.7269068,274.5466762
47.75770097,2,2,-0.418033689,28.69552242,136.3476024,254.6566429
78.2193037,2,7,3.730182479,6.577464693,184.6084398,353.8336351
63.04845403,2,10,16.95534751,2.726317815,324.0232814,50
60.72051613,2,11,13.19058967,4.122849788,286.479604,50
41.81425138,3,16,1.630532582,20.36251535,106.9867138,258.5678778
31.31709961,2,10,3.601309418,25.1891615,124.0201782,104.5925666
73.03176537,2,16,6.061360113,1,238.2711942,311.2902199
73.58262379,4,12,-0.233129467,10.23740524,154.7454052,600
57.31379319,2,8,13.78289864,13.22602889,272.6687643,50
63.09197091,3,3,5.798611207,24.24028627,185.3404619,212.8813629
66.02154312,3,15,4.800879166,11.05190322,204.149986,481.5713423
38.21562661,2,7,6.845805099,27.53474432,149.1741221,138.9428834
51.31802677,4,6,7.239092759,31.66634274,167.7989379,235.3789494
73.72449408,3,6,2.393618335,4.838990646,181.062935,380.5913854
40.257023,4,20,10.89521959,1.164843229,242.0792333,255.5414692
62.95316054,4,20,5.927053032,1,167.9530082,368.7306643
32.34110889,3,7,10.67675153,16.94529351,173.5355574,50
66.97042757,4,11,3.27934671,23.40524319,210.0403149,377.7432771
60.5884461,3,15,1.790267158,34.72022402,136.5129298,398.0627239
45.01739304,2,18,10.87411682,31.21067668,193.1579955,67.05867046
79.86792035,3,4,8.392444827,19.76916611,253.8080326,151.2166493
45.35771514,3,3,10.15206277,4.422313503,200.3188096,63.15993906
42.77282532,4,12,10.49396197,19.59928075,161.3636548,197.8296675
64.34572736,5,5,5.286741659,16.53781433,193.2517551,324.9580445
73.50482194,2,6,4.067012757,30.88617167,161.6027465,248.2670461
41.92028856,2,20,5.140142857,2.589422131,164.2381193,204.4037009
57.18456717,2,11,7.494428721,36.30606683,188.2643003,149.6649701
64.7893136,3,17,6.672763544,23.17450359,198.2143264,346.4952476
74.07719577,4,2,1.554373035,21.71437884,125.1081127,436.8288235
52.69743436,3,7,5.274677709,12.10163412,172.6372382,262.6192931
60.96783204,3,10,10.98998946,15.84012336,247.5715828,207.7252676
46.5654658,2,6,5.621700334,10.41877783,139.7289945,102.3508619
58.12174651,4,15,14.25564572,2.906274376,247.0305863,171.2059398
48.3567161,4,12,1.575923134,23.81655912,97.86056647,396.4754048
18.96874945,2,3,7.083312967,4.578895629,160.5584321,221.874551
61.31411616,6,7,1.72905007,7.253563641,113.4925091,392.1791046
65.94985475,2,2,2.052591127,13.02909276,175.6228962,218.1434931
28.03323715,2,11,2.134068579,16.86640409,107.7385332,429.007607
48.65272673,4,11,14.00263797,24.46588354,238.2827239,50
67.22207147,2,4,5.012252932,13.81616636,160.2901102,288.9518033
97.46905635,5,17,2.995683447,27.12430764,188.531622,466.9998318
60.49106034,6,6,5.784601912,13.99637041,203.0235943,433.298284
55.71998031,3,15,4.231832783,30.19893829,176.8736517,424.3628838
52.46971522,3,7,8.667158333,13.23675384,184.1594967,197.2526174
75.22416556,3,21,2.456716318,17.7633273,196.0300199,585.6759226
47.74229079,3,18,1.202225089,18.34576769,132.6765776,401.566618
46.01429805,2,7,9.253007005,4.135040854,208.1067405,115.9129655
58.51428147,4,16,4.08165092,10.29270391,155.5966657,501.4146753
47.16678633,5,9,3.198775593,30.87364009,116.4112229,340.5158541
58.04384133,4,6,2.087429243,5.061991539,190.3489135,506.8120688
84.42597144,3,14,8.529776343,17.73580196,251.3169153,352.9819265
62.70593018,3,2,8.716706133,8.71694026,250.8497712,247.0859189
52.1959069,2,2,9.354394838,29.38459676,203.161291,50
55.22412214,2,8,0.779111728,7.6692798,125.4379181,355.66585
35.59785732,2,6,0.152907664,18.00773369,102.2014793,339.7895596
69.41825357,4,15,10.48918581,18.25577107,287.571323,221.2348251
54.95062194,5,16,6.414717677,14.54863137,172.0518714,406.7204283
61.36578418,2,18,2.957414755,2.179275361,188.1567816,463.0744617
110.0136928,6,19,5.05652121,20.73121893,252.8109558,526.3123503
69.19963727,4,8,0.708571576,19.56786696,116.2405178,438.033192
47.30437543,2,19,3.53206018,26.46167001,105.6703521,200.9307971
48.16595746,3,20,6.171729406,7.376814368,169.0251038,318.7956279
74.35717495,4,21,7.504595124,25.31607478,223.2786255,226.2278695
66.83562619,3,8,5.210178362,17.94642226,205.5655445,297.3564221
30.42380833,2,9,5.326976466,13.16575359,106.9546132,180.176631
81.01198844,4,14,8.702262786,17.69540225,257.4382391,226.5999093
44.4270405,2,20,5.299845767,14.70868009,155.5044692,438.4035762
91.99784922,5,12,3.777556499,18.4234607,211.0998459,468.7555444
71.09842824,4,10,2.842998941,20.05632348,180.8048099,440.241792
50.31433132,3,2,1.504275564,12.18910191,165.6850775,300.9448111
68.92786026,2,9,7.920036132,28.39861975,215.9460919,102.308904
70.28682546,2,14,11.16469198,6.030142439,235.1183044,184.3848687
75.66575888,6,4,2.420703403,20.32800327,167.7014195,463.7611577
70.43948484,2,17,0.247571729,31.69074917,149.8250257,403.6847087
44.84031106,3,19,3.090432005,14.09681681,154.5882011,472.0045668
45.69298076,2,18,7.079291815,10.64641792,194.1317424,210.8172627
79.3320653,3,16,3.669991331,34.58734287,167.8275139,243.5152456
48.96274706,2,21,3.29259277,15.24429949,116.8181027,235.6643805
53.10963875,3,21,5.691302973,8.881769603,191.2622273,496.0955571
39.41951073,2,10,6.167597894,4.624685901,142.8207591,310.7091537
66.97372822,3,4,7.378346546,16.21577303,225.1316597,256.3443352
81.35330997,2,21,3.739121093,5.456367426,218.9218691,409.5430293
36.58411242,3,20,4.447431037,3.879248632,136.8932214,301.0264553
56.06419458,2,19,2.340591186,18.52050562,140.4365334,352.3102954
84.2570737,4,21,9.852829082,20.53047351,262.4630799,301.938023
56.14879058,2,10,6.170331854,5.151852715,179.5087288,169.4839873
71.70356856,2,2,12.00608955,12.05998929,240.3346563,50
51.56758847,2,16,8.137757042,20.65263643,191.4224584,50
64.88139081,3,21,4.700426907,21.9859019,178.038286,427.1010453
49.80059892,2,12,0.487635426,1,155.9981999,366.3900209
79.61434972,4,13,1.120338814,2.979209086,162.601704,595.9505439
70.10295991,3,7,9.695290602,10.38952346,265.1656506,154.6431578
94.3271361,3,14,7.699165516,17.63966925,231.4292343,340.1143647
60.18917624,3,5,11.66195592,15.59582619,217.5346186,102.2853589
69.70276838,5,14,9.140498832,17.69519754,225.785734,300.6715556
65.77619294,5,18,4.050302305,23.54733117,151.5112673,474.8811139
62.79393423,2,3,3.844066588,34.22825215,128.0766494,168.0809184
62.8709796,3,7,8.544293784,2.992883749,266.2417066,201.7854674
51.44910306,4,18,1.696996255,15.70363918,122.5477531,565.7897034
59.90286147,5,19,4.902837202,2.627686064,233.0065871,505.4750623
73.10010916,5,8,7.093524532,34.79577168,182.8541157,278.9688667
52.04512042,4,17,2.774238073,8.237498101,115.0491316,363.8478299
93.98134796,2,9,2.632206088,9.631668964,235.414542,412.6388482
76.13766702,2,14,4.325255979,25.47764865,172.5438088,239.8601211
61.1924625,3,15,2.929934065,6.928871289,168.3222533,398.8388665
27.39473089,2,20,1.36637655,11.81682969,68.18972837,312.6143468
53.09137233,3,12,1.212648033,2.207153044,139.2355536,470.7653013
84.75341163,2,13,4.782847718,12.98434793,187.1385949,162.0006716
53.94152222,3,14,1.788408713,28.45693617,124.5526736,424.4377293
42.61751376,2,10,3.175057024,22.14545406,118.4818268,250.8279403
58.44415398,3,2,4.365352032,6.547715127,180.6869338,266.2771257
75.15347487,2,11,13.92264751,26.35367523,293.3875746,50
69.83760224,2,4,8.95656245,2.942188851,246.7898768,208.7376396
58.96443772,2,16,5.371026867,31.2811956,176.1528996,184.1402939
57.53709137,2,14,7.018473858,23.942972,185.1553445,296.7763691
59.91244486,4,18,8.982147859,3.90948262,217.8561858,388.1993642
49.93271542,2,3,6.660624996,33.58593059,174.0389523,210.5826973
83.97700196,2,5,1.204749233,28.61670324,162.8906764,328.9017632
56.93037488,4,13,5.569898693,22.29640097,171.7912328,417.0731543
77.92023283,4,18,1.636377938,4.311370514,187.7499315,600
79.08902226,2,11,4.550608019,1,192.6753016,339.2955648
74.71652621,3,5,5.118628451,14.04358375,230.6184287,311.5769771
52.95664255,2,5,9.889525283,8.370108571,216.6469982,50
57.56549157,4,7,2.43561568,9.320788994,155.7313953,593.4504759
63.5117407,2,7,2.474210536,9.494456681,161.5237621,326.1801243
51.16678932,2,20,2.484736915,10.22591068,156.4716877,408.1059698
67.58443376,4,4,3.68187629,5.280086143,190.754978,438.6812917
46.73793223,2,11,3.941158474,24.91002698,138.5919826,152.1495141
76.93564515,3,12,7.151746848,35.1093821,237.8085129,329.5107448
50.46036998,2,20,2.038018579,33.096606,55.52654378,231.4859711
67.76192169,4,15,5.964857174,15.33613362,223.876035,277.0980093
58.95540087,2,12,6.137000241,6.041811767,213.3739624,265.3831826
50.64922327,3,5,7.668694682,27.28765918,144.1143217,50
71.04110066,6,8,4.702400528,10.54034904,213.7390414,600
54.98026114,2,19,8.512247365,11.57042566,229.5058737,210.1473516
77.71982176,2,21,6.779889684,21.90695281,228.088337,50
31.25809305,3,14,7.046199126,12.78674856,125.9379831,252.382693
61.40698249,4,12,3.406149788,1,189.025026,539.1990377
83.43210138,3,12,6.491095187,20.53882312,243.7719826,260.3193372
49.2715012,2,7,7.406434859,30.57343421,162.0687231,50
56.50257069,2,3,2.843663074,12.34572527,162.1365837,266.7490547
70.23109613,4,2,10.26865271,6.580601692,245.7045321,161.1787076
59.90448745,2,12,15.94232672,30.06306073,292.9370896,50
61.51652573,3,17,3.155987722,18.01103873,153.1557011,312.1741236
65.27866397,3,4,3.73370707,12.10759389,163.9666423,329.6218922
65.31520007,4,6,3.787450277,4.694894192,181.3054567,489.6421901
75.84929188,5,16,-0.191515381,19.56024207,119.377548,600
62.39295277,5,16,2.354348121,9.318462701,156.9065005,411.1736489
49.47288963,3,5,8.963564162,9.15073448,213.7662432,217.8420764
71.99183766,3,6,5.306644146,17.0086336,214.8464764,343.6718453
90.78734913,2,9,13.05149638,33.06162223,295.2258245,115.7816803
66.50759377,5,8,4.174235197,30.29057869,138.6192469,293.4246262
43.21609168,2,18,7.715189633,31.69100555,193.6686522,156.8502802
67.15518676,5,16,1.450853067,21.50529001,176.7602489,586.4269012
62.27078965,2,6,4.843015103,31.28149099,169.0624878,141.2639557
32.04873808,2,14,6.395432105,17.32717392,133.1268566,236.0545852
78.42133335,3,6,3.008561422,21.64061734,169.7727616,334.2601174
59.32669889,2,19,2.202511233,23.46661453,138.1714211,298.923384
66.06965441,2,18,8.517700649,10.2103992,231.6865379,179.7838088
60.09582272,2,16,8.064727768,28.73851027,191.7104979,264.9466004
70.59788297,5,15,0.676296529,13.85085128,134.411358,499.8364596
69.00160073,2,18,4.223821298,16.99856588,202.6019591,249.6132937
57.45988858,4,9,4.018027448,3.09253049,179.0418007,459.3197012
68.99405058,2,3,5.737959512,30.46370263,165.4522684,142.8382607
51.24305431,2,15,11.29999147,20.37236711,229.3928116,50
76.88394895,3,17,10.7560199,9.154907343,268.7996132,196.9951124
66.95000468,6,17,10.62306102,9.091819498,235.0211033,311.5428824
55.26229161,5,7,7.336804169,26.41378435,209.0314468,225.9523248
72.47351575,4,5,10.21724909,7.33118101,257.7156039,424.6394504
46.93829262,4,4,5.401815056,13.77984351,159.0692818,263.4734588
68.80651393,3,7,3.807862837,27.05769448,167.9726087,220.5131634
72.98531607,3,5,9.999360554,26.9268434,246.8084408,269.8916376
79.73675547,4,19,6.762850658,24.1034867,216.5071821,436.8415509
61.21334261,3,7,1.192018785,28.29757193,129.4912708,407.0619919
63.92205061,2,7,10.17557578,7.722885167,262.779827,59.67732954
58.86179729,3,10,4.765430933,29.27732923,134.1570553,353.6645621
53.48687134,3,12,2.783160819,13.95126432,121.869841,436.818589
72.39860829,5,7,9.202238273,33.35841022,239.4728342,238.419392
30.14329506,4,17,9.123213135,28.50380845,211.9610229,70.66183323
57.43608488,2,21,1.747802815,32.1328495,145.4557849,367.138928
47.33200832,2,12,4.501383727,21.05620781,186.4510594,389.1355913
68.15203412,3,16,1.343739659,11.66487382,147.6461164,492.5519135
81.62326274,6,10,1.901217657,30.88732227,153.9955893,491.1214315
59.32893067,2,20,5.894546052,16.51827324,193.8549014,277.4101812
50.99555662,5,20,0.983358747,10.36438241,147.1083957,585.6773069
53.52917698,2,11,5.254101603,20.97810847,139.8212767,156.2957591
78.89701494,2,5,5.703846436,11.15226711,212.1978056,239.6229478
51.11969469,2,11,0.032956283,18.83568828,111.4002109,489.6597815
68.15164455,3,10,7.971685259,1,217.5669151,412.6005725
74.3292766,5,21,-0.292137068,15.47071076,134.9515391,588.8751123
66.14386551,3,17,5.09436196,14.74977476,205.2209841,467.0038651
63.10207519,5,20,0.974249512,28.25689332,141.1837829,600
79.97632658,2,3,7.01052762,15.88217123,243.3330575,227.6946509
13.71615993,2,11,4.114695398,6.086507847,113.5894814,293.6143922
66.28104158,3,20,1.561065756,26.09860621,126.6882014,366.3413549
48.30003489,2,18,4.856125248,12.1711672,169.7364321,279.4082681
31.32930982,2,22,1.952649414,33.31459814,70.82692231,380.3561448
67.39568441,6,4,8.129281718,5.736136563,221.5623678,279.2643428
80.48036475,3,20,11.81678258,16.58069959,254.8988402,118.095775
61.30839583,3,18,4.699416085,10.82167912,168.0816555,411.8586274
65.4790371,2,19,5.26890289,1.854584875,201.2334936,323.5530603
76.17697361,2,18,3.173074752,30.56925583,162.3909912,400.9143491
76.39774496,2,4,10.69504049,20.99916159,237.0844449,50
88.91741472,3,20,4.923740866,7.123874043,249.6703809,475.797402
67.87216347,4,2,8.920594588,26.55027927,217.3821333,186.9217414
60.92609339,3,12,6.440251609,11.00128634,186.4320662,256.4567155
36.61121494,2,11,6.287700182,21.78848174,128.7150566,144.7481632
57.88954646,3,6,1.720419193,15.48480414,104.2107706,301.9758373
55.17417663,4,17,12.52679235,14.09055984,242.3158003,184.7179235
96.03736165,5,6,11.64720992,24.2211286,263.5868647,126.3988586
62.34902853,2,13,14.41372294,29.00317136,278.6989643,50
61.21409023,3,5,1.346756911,29.19069738,132.5259704,388.4864211
75.63979992,2,8,6.648233142,11.90589052,251.5845345,213.7489551
61.01207501,4,20,2.011413155,17.37002623,152.1977085,465.0533086
75.64916463,3,11,7.244424332,20.61947337,204.8892556,291.1060398
62.95219289,2,13,7.423573257,21.48017201,163.8797322,50
63.15002484,4,16,4.00488832,32.69831677,174.7461443,525.2740119
51.51180372,2,17,5.375655819,17.88049757,140.7409005,350.2303899
34.85661502,3,14,13.52989468,5.559770709,224.9731623,50
61.80906088,3,9,5.283973624,30.53265669,204.6089671,80.09424477
55.47817847,2,22,2.450005771,1.545914659,168.7002607,480.0873264
51.63423258,2,5,3.455325051,12.60432013,159.7184524,173.7364771
41.96821247,4,12,1.408288925,3.203612874,143.3587665,582.0060375
40.72812653,3,10,2.172298389,11.20839233,141.9894562,407.3722161
57.34583951,3,7,8.19760952,28.16148011,227.084599,161.2761952
29.71122345,2,12,9.475378031,31.30956241,152.2293785,50
71.06298482,3,9,2.067695112,1,168.9377453,600
61.71057109,2,8,3.348031908,19.98395588,141.6113184,330.1286958
36.89934747,2,5,2.677367934,21.282901,114.442427,276.931235
46.25742397,3,4,11.33150012,30.20505972,205.8924348,110.4365328
50.17163295,3,8,9.754111287,11.98920707,178.1081519,67.8134461
58.44941617,3,5,8.32216828,30.84842939,183.1390484,223.8560186
84.55284177,5,14,1.79796626,8.331053163,216.9264134,571.6572071
29.09535802,2,21,1.550450695,31.54667559,88.79437541,354.3324215
66.36348564,2,18,10.23152708,24.34494335,246.6925169,129.3258719
57.66842237,3,8,13.64050514,14.14327171,259.1821742,50
70.39707525,5,18,1.577302654,29.85413479,109.7434611,592.8358377
69.57943637,6,5,14.25367658,31.43920284,269.1818397,50
44.6441319,5,13,5.310606637,13.45217276,180.1444572,328.2973292
49.7353213,4,5,5.965807351,8.816373233,153.494281,264.2443274
50.83812085,3,12,0.810393733,10.20753919,141.1358658,290.5602425
69.56986286,5,5,1.743170626,7.672466173,131.6118942,413.634652
56.32578112,3,13,3.43386695,34.19952434,141.8715465,324.1593231
80.62205222,6,2,10.10273058,14.00146092,271.6495843,260.4827319
64.8492006,3,5,4.794457579,18.24278805,174.3818958,250.0776527
44.36052312,2,15,7.218327241,25.04104134,218.1406548,105.8757665
34.02288723,2,2,10.05674189,5.397332505,187.420075,64.48280214
26.50264239,2,15,5.887507212,26.57033257,115.8044449,148.1746777
34.31085432,4,14,12.03672144,25.54245694,205.4893711,50
63.29217794,6,15,1.786151971,26.10689403,126.8148087,529.3642034
71.76076063,2,16,3.496233444,12.23357854,153.9898607,264.3005568
29.67235786,2,18,2.260577761,4.267459447,91.74695135,458.5108471
70.42096505,3,14,8.763767346,16.47590706,245.2481306,206.7716682
59.86777656,2,15,10.00651428,17.77093926,219.5512651,339.0708169
67.4071942,2,13,4.017159977,21.67097349,207.9860313,375.0216948
80.79428305,4,19,-0.020014795,11.9596971,152.598794,591.3804247
73.20522406,3,6,10.58368932,24.35617445,260.3699968,153.4250795
65.81221648,5,15,2.237568033,13.10840367,170.8241217,369.7627144
40.66220527,4,20,3.859593269,1,139.6662245,580.3888972
18.11646394,4,14,1.257078419,17.52895242,58.14613958,338.4524925
46.5322285,6,19,6.822420867,22.77831822,135.1638229,421.3287126
56.41615697,4,12,2.780605472,13.444359,162.7372186,377.4345224
41.18132982,4,8,8.167918651,7.031173691,211.7914369,213.4757669
62.91569516,3,10,2.454788185,18.20138603,122.5617023,349.2224595
62.20605669,2,13,7.955253337,22.7630249,197.2422998,174.4365622
53.60502143,4,20,2.179575088,16.36321949,125.7743408,485.764975
47.55502635,2,15,10.56506176,1,237.2105401,191.1500561
58.79808061,2,16,3.680877558,30.22825677,144.2502373,152.2685888
70.77777915,3,12,5.790979847,15.93536372,227.7877876,499.977649
41.28134391,5,7,0.998453511,1,113.4186872,561.3383661
75.1994333,3,15,5.791629595,11.07455076,187.1281361,387.4247463
63.33068492,4,4,1.013798993,13.17468291,135.2181645,409.2607125
58.90073193,2,20,6.171794831,30.96919421,168.1213988,168.3145428
63.82371708,2,21,1.284746068,31.28320203,144.0784736,404.3912975
72.06235057,4,12,5.027480023,20.76913149,184.2826398,388.3466292
77.34978419,5,19,7.111378196,28.03453905,223.5127573,496.0297755
64.53810779,2,19,0.37460015,10.26156422,126.5342264,600
49.7542091,2,4,4.951443172,26.51984644,147.0363346,278.5957053
64.02085434,3,15,6.833061896,23.86282386,179.5709558,120.6394341
41.34041359,3,8,7.026330788,21.91917827,147.8057539,143.3105776
60.26052787,3,20,13.35327929,13.35252763,288.7382338,173.4154067
56.55302367,4,4,2.443324825,17.7077,130.7940323,336.0134861
56.36149826,2,3,5.413133589,3.641230387,178.8085033,239.4044018
55.02454637,2,18,12.53662003,23.0560418,260.3502756,50
32.88953575,2,10,0.034303087,12.75754476,104.4713266,438.394535
51.651741,2,7,4.036420853,11.08238885,191.8000533,121.485534
57.89030132,4,11,7.948059983,8.442718316,219.2179145,179.3275389
61.96374233,2,6,9.675521224,15.15807289,215.5663796,50
47.2995692,2,3,3.469194694,2.560370642,194.7358972,292.5426225
67.70354812,2,17,4.468295001,18.69620555,192.9229226,190.0915282
49.89836882,3,10,1.237564867,10.87251337,125.4312844,327.762904
68.40995665,6,21,6.915655236,12.27408443,213.1015308,593.4976487
64.11349805,4,11,5.625263389,26.40376868,184.8854976,304.6299812
36.15817883,6,5,10.62949712,13.40002248,195.0759839,267.1283975
89.45797194,5,11,-0.095174176,13.83723521,144.6483159,500.664489
38.39426747,2,10,7.170071501,7.325030549,205.9665128,197.1899404
71.28826089,3,15,7.97838249,30.75148077,211.6783501,210.5163349
75.46203544,3,8,6.245108904,16.52774046,216.0918801,210.1166383
40.08669278,3,8,2.649922823,19.94220742,162.2383826,314.9497759
81.19727082,3,5,7.069926823,11.92114788,219.2925509,101.1900407
59.490535,3,16,2.805159448,30.25423885,156.1937124,396.8132632
65.20141115,4,13,1.753244448,27.59126175,127.4155781,398.5976994
61.9355749,4,18,6.658669581,29.16393841,192.5793307,301.7547008
58.19113451,5,7,8.361973227,31.85368764,199.4535989,301.5243179
71.78466224,2,11,3.135050714,24.64198438,185.1259349,337.3398278
75.69500951,4,4,8.946047175,8.327486092,270.5043715,228.8980335
40.04707149,3,9,8.959865501,24.49745971,168.4808726,50
77.51093651,2,8,5.436949489,20.15358498,232.8465285,346.7226448
36.22025933,6,6,7.887536643,31.05746006,188.1094062,157.4582823
72.15027858,3,14,9.620716515,12.21825882,239.6582683,279.9971124
78.98411615,2,20,8.040368662,30.12348099,224.6494244,89.47555066
45.936125,2,9,3.403653483,26.28347443,122.0269404,305.8533716
53.00381592,5,11,5.212913701,34.98584861,147.5373577,413.1727795
46.00951488,2,14,10.45245743,6.631295366,194.1642972,50
56.79214879,2,5,3.245106248,6.384836142,178.0821322,342.6322752
55.13916152,5,14,3.802912789,17.66380765,115.6009462,471.3481003
67.29308442,2,20,13.7623724,11.85554037,265.1370213,152.2804894
80.51444531,2,17,2.578245853,15.32516671,183.3707521,431.4179711
78.04567953,4,9,4.796361514,20.44259706,224.6740034,288.3004207
55.91588842,2,13,5.492082133,26.44696715,156.7321889,199.3455926
52.64567057,3,21,4.447290915,13.66195262,171.0688863,527.9514308
36.09262573,4,7,11.01286609,22.69237125,194.4940202,50
46.60883335,5,11,4.191536246,24.97831932,160.748335,411.4833533
75.80438237,3,3,8.537654529,6.410201099,251.4666729,308.9966614
83.94224004,2,14,5.877312942,8.908068077,244.1642228,241.3525799
37.39475567,2,8,9.50767573,22.05104766,172.5153544,50
56.58196243,2,10,0.633100054,24.4561926,101.3584922,233.9237222
55.1680694,3,17,3.600266195,1.71135449,174.7282488,489.0124243
67.41528883,2,12,5.995748586,21.78302888,183.8994356,125.326356
39.3640479,2,6,2.267435713,5.621213552,127.8299356,305.4207938
64.9163056,2,18,10.97484305,28.86072973,240.3798039,213.5975633
60.53834041,2,17,4.72357291,13.24739115,202.2834774,320.4419697
58.40597361,3,21,7.103940318,29.28672738,200.9503946,214.439847
68.67662783,2,12,4.210993459,6.998063211,175.9062323,347.5393979
68.10938791,3,9,2.809612199,9.627835421,149.6574908,385.352315
52.7400964,4,14,5.90372593,32.71511729,196.1229322,332.9814998
59.65088374,4,20,9.824022656,1,205.2633587,488.2665589
61.69775003,5,18,4.552711177,1,178.2236799,582.8565125
47.55137131,3,14,4.601023002,26.20052392,159.2817643,454.3216785
53.6904998,3,13,9.269488295,33.29720415,229.3680943,179.4838769
84.62906089,2,8,0.895373425,23.02758657,163.6820258,304.2265507
60.43450182,3,2,10.6445097,25.73776325,227.0534991,373.7480189
62.41681796,2,2,2.259357614,6.641328454,143.4051919,304.2562714
74.23638881,2,21,9.336991959,8.046464904,250.8196531,174.5461066
58.03012545,4,15,6.447184721,23.64272201,159.5997782,499.4007485
84.19685181,3,16,2.227841404,9.611338806,175.8789216,422.8406036
69.16086279,3,12,5.638022225,33.67135813,198.462241,196.4633207
57.24101583,4,10,10.57033174,5.750486435,228.2929157,189.0959939
58.55453594,2,18,4.664135485,15.92192525,190.080597,332.3662082
33.03079821,3,5,4.668653496,31.30159778,118.1213115,260.3445387
39.8373013,5,21,2.62293642,10.43774954,100.2583147,319.2183146
45.18506645,4,20,10.79230238,24.10311237,229.7854391,286.3344565
62.54861855,6,8,3.30274366,3.793306332,147.5091977,497.5752252
78.16035918,2,2,12.54873485,2.233484921,278.9053491,50
97.79516265,5,10,10.27560528,7.094085821,289.7795464,478.1593038
76.21758648,2,15,11.02153211,26.35084654,273.5775959,123.1777697
74.8903619,3,3,6.251742805,27.73593598,192.1345257,234.8744237
27.33449558,2,3,3.914841141,2.091335974,109.9427428,245.7179935
53.46774417,3,16,7.542780377,14.08138966,197.6177697,331.7153865
43.15139241,3,18,11.89898792,26.34297943,208.3632698,232.4389232
60.38320953,5,14,12.79228521,2.331228488,257.2848717,75.39748436
57.63073046,2,8,1.387873935,32.12269753,128.9563841,371.9750346
51.06770907,3,11,16.37227692,1,265.4524085,170.4314578
27.53942808,2,14,6.683112348,8.809525148,116.6558347,247.2603049
72.88882949,2,4,8.854090145,1.005870787,289.8440512,147.7751835
46.48692612,3,16,1.741558596,5.1478647,135.1114052,372.6484819
55.34841794,4,8,1.362654607,19.04982156,134.8929334,600
98.09555951,5,2,0.084916808,12.15197414,172.6311404,480.927383
48.56379644,3,15,13.00481857,23.17566026,252.307329,191.9248634
28.98980923,3,20,2.601932407,33.38931982,82.12287686,362.8610691
64.26346994,4,17,5.584605719,12.37481529,136.6184561,558.5468884
76.01732308,4,11,4.869967734,4.5081953,197.7784389,410.99689
93.6597471,3,2,1.530329213,4.580679975,196.5001072,315.5904942
38.67783894,2,6,4.600226392,27.86686139,128.3238611,163.916477
65.11190063,2,5,6.105445911,9.10435711,197.4585911,102.0361121
60.88223631,2,18,10.65360875,7.324189347,229.1017982,397.3241504
54.71525594,2,20,1.105871461,1.578866757,127.0380839,544.7374094
100.647494,5,20,3.068355799,26.383249,204.5886264,600
32.91666164,4,19,7.936503529,23.28472658,127.2027247,323.3235998
60.52806839,5,17,6.061595901,32.17838302,136.5134293,307.5291794
64.48979365,4,3,5.758409855,1,205.4798988,356.9791093
83.52252401,6,16,1.694967014,27.07086147,172.8714645,594.7078723
64.03858897,2,14,8.914439544,4.816102085,248.9374088,382.33413
68.83005221,2,14,11.20274976,3.672342665,257.2233955,79.27492325
45.0911575,2,17,10.79486815,23.40422828,182.9894908,50
64.2101463,3,10,4.598939001,28.47487531,130.7317729,242.2116366
52.93964257,2,12,4.500020696,19.62811559,140.9032568,199.8907241
71.78519367,2,9,7.335588166,16.99106678,225.8912136,76.60169827
66.4884743,2,11,5.9423807,33.7995553,210.9458523,50
53.70371688,4,3,1.937043069,27.93205066,128.6620737,194.4142247
61.55830351,4,13,2.818568956,10.47485655,137.8714618,542.5597617
87.91468181,4,10,1.562696319,8.656116448,172.9756807,517.0114027
56.68015491,3,6,6.808625862,6.848846502,180.6532953,321.5626188
34.15370825,2,11,2.341121062,29.23393768,93.13485081,201.0945563
82.31167215,3,17,5.776695132,1.17972405,252.7085888,432.8153504
35.63456179,4,19,14.64057262,32.26817737,248.021216,186.4001685
51.52442658,2,9,4.871294872,23.86794864,153.4601118,333.3356568
47.09475694,2,12,0.832391586,19.32413337,117.1681468,427.66522
90.85541535,5,21,0.780851961,23.37983967,159.436613,600
26.92803076,3,21,6.849303468,9.835772651,116.8182938,337.3955451
103.5145268,3,5,14.19685277,9.47435,350,119.4116334
80.07401024,4,21,1.850682633,29.08277074,118.9018841,481.8409981
65.78864729,2,11,3.593524675,15.12141773,135.8042771,271.5084068
63.65626302,2,15,12.581791,32.08885274,281.5593394,118.8001093
73.83543032,2,21,15.83400524,14.87448644,307.5259169,50
64.89079977,3,16,8.473373774,20.95186119,192.7901503,350.9717991
78.27341296,2,3,7.495292473,20.62528765,239.5168867,121.8775176
77.72130717,2,5,6.374716107,5.219809174,241.6143406,148.1301996
57.50120545,3,8,8.280634824,19.76473472,176.5926557,130.4800284
53.68170475,2,21,8.037401484,6.644917916,194.9237301,202.6005217
57.96701335,4,18,6.657918477,22.50863304,203.0477156,292.723979
56.07798929,2,17,2.276796593,27.52665452,118.5255113,282.4190909
85.55182737,2,14,6.967384964,29.50108405,230.0439982,167.0797877
64.58372732,2,19,5.640650975,30.16621653,207.6453712,237.8729926
21.22329415,2,13,2.485889828,23.15438407,40.32063562,229.7590575
66.01107938,4,3,6.713235724,10.920055,200.5879659,343.5664782
63.46338364,3,16,3.782393841,8.327180261,181.5899896,397.099969
70.42785864,2,4,6.191988456,11.07061139,172.8641957,231.415165
63.28742946,3,7,7.351817609,30.35425785,183.5736862,172.0246962
78.75431512,4,16,8.403217564,1,272.2536212,447.9671242
77.36174534,3,7,3.863516669,1,189.7914817,419.1980549
50.76428587,4,2,6.679683991,14.88772964,151.3465563,182.5806624
64.58575805,3,21,8.597770856,28.50514277,232.6688679,172.3844373
55.00789067,2,7,9.113848709,1.271048595,231.5235181,201.0961704
45.90348066,2,10,7.077195158,8.744649911,181.2543268,304.6829605
51.77110545,3,16,8.291850132,22.38046307,190.7029525,198.5215234
71.85167239,5,15,4.013367367,27.90991293,196.1489013,390.6144595
73.5370862,4,17,16.07078327,31.03790041,302.0737082,50
69.39015542,3,21,5.673214451,10.25347687,215.5268391,353.7479589
70.70119874,5,17,9.936050857,2.241840701,239.7675062,337.699442
73.44021973,2,20,3.890991778,2.202263571,158.9613364,319.252503
52.77291043,2,3,7.447922484,33.03991009,189.6449364,52.05975704
61.71011425,3,5,7.477721883,32.90074322,213.0403541,168.1490977
66.27306797,3,11,7.379521453,33.36945672,192.0180118,108.8067089
76.26836687,3,21,2.330543387,12.79209193,195.2294423,423.64839
72.05201607,2,19,6.869323032,2.419168846,218.1316635,268.6455056
68.88150731,3,3,3.367324751,26.2217516,164.204124,167.1373297
63.07359928,4,5,8.985538312,17.19784423,255.7560824,131.9082636
69.85978348,4,16,2.110321066,12.48615659,160.0735595,487.2784895
61.15322179,2,5,7.167099571,24.02795795,187.1670742,50
46.15280352,2,17,5.382916308,15.36097915,123.3699946,253.8808902
54.36491671,5,16,12.97940798,3.771505501,272.1257136,209.9571265
59.25239517,2,19,10.13460062,28.27479741,203.4079337,51.65573213
37.71766264,3,8,10.83144069,9.624124688,210.1361014,147.0389422
53.51539613,2,16,2.296858606,12.31718846,137.0871477,322.7348381
45.22996206,3,12,4.401377602,8.299465469,146.3032924,304.3312672
48.58869071,4,21,5.419040234,11.97086361,165.1421577,520.1344505
42.88531849,2,9,10.53297798,17.18227727,205.0948889,50
74.43619015,2,2,7.28649895,20.55960234,241.5931741,264.311459
56.59578468,3,4,2.139030394,1,185.8882181,392.8360597
54.08735282,2,7,2.931482346,23.00986191,155.0522652,168.4287978
72.87139335,5,19,10.52663012,11.98886963,280.4134138,299.6269943
82.34412653,6,13,7.360238797,3.003335727,261.7988586,506.8289623
35.35057847,2,13,5.767282402,16.64224452,157.2771782,315.4183218
50.71717094,3,20,5.19643092,27.31609424,185.2900489,384.7373311
55.47559486,3,11,9.585446473,17.45267215,188.9362267,168.4307551
52.14942815,3,12,1.352025303,16.14176679,115.1417378,503.9506262
73.20029653,3,18,5.542422437,27.94720622,176.4488736,169.6826572
52.37973076,5,17,6.183725509,23.37666787,165.6777586,400.5081251
52.21549281,2,5,0.393525414,32.77859624,119.7536235,308.3684816
20.6961424,2,11,4.485668556,31.83966645,78.12709696,180.6017085
73.46760878,3,16,14.63345586,25.34280248,296.3177137,50
42.47194381,2,20,2.060349722,15.36767685,110.2760531,296.4296034
62.34530826,6,4,5.830487163,4.77754746,191.059515,426.311969
64.03482313,2,6,2.950437749,16.25092708,166.5641838,377.257213
74.69313028,6,12,5.010201618,19.16642355,230.4335355,600
41.93077963,2,6,1.678185812,11.3063623,106.3859967,251.9718131
23.02625529,4,8,3.93636397,28.11260202,99.81107316,165.9168835
58.41686807,3,7,6.786398809,16.62870115,170.6218248,287.9008552
86.86592561,5,14,1.141567427,2.210070282,175.5075521,600
75.3424519,6,3,7.120932165,18.86080685,197.3875253,440.1851843
62.06718184,4,20,2.640201533,33.65957245,147.4708319,376.9601501
46.94846079,2,13,1.222798817,2.900006748,138.8368493,600
70.7658508,6,22,9.630433929,17.22561478,252.4136106,471.694238
53.53373658,2,6,1.825032409,4.199083164,130.1186682,291.9155051
64.63579902,4,10,3.258036776,12.84797663,179.4145466,577.1374885
64.17746335,4,7,3.445433818,29.38130166,159.4774934,268.5860641
72.81256102,4,18,6.518136587,15.23741521,211.0552253,336.5880565
100.4438235,3,20,5.606982884,5.80545414,227.2627442,511.6577253
74.84784616,6,9,4.898038823,3.843652583,211.2423054,607.5882183
59.39404067,2,8,2.744624407,7.462393803,164.2665224,341.0041797
58.8992852,3,6,4.484810595,8.113238629,178.7410117,323.7651791
30.24976427,2,16,7.402281074,20.36569731,161.1059144,258.234715
40.77440193,2,12,5.960312969,12.19676466,174.899234,50
49.3041771,2,17,10.13787045,26.95956995,181.806848,123.1156531
42.26596511,2,11,8.530872315,16.35249635,181.291752,108.4900507
65.98590969,4,8,10.26088957,1,261.1031123,216.2188614
54.34148191,3,13,11.06666316,24.38080398,217.3063149,53.05486246
74.93930425,2,10,6.264369129,24.43509852,224.69304,50
61.92257947,4,18,8.436695293,26.79084674,207.6217147,293.7733989
54.41555712,3,10,7.015759982,15.55907834,150.23522,335.2030387
45.38214936,4,4,10.81417758,10.1924122,234.8496485,216.010055
62.60623179,4,9,1.40120484,19.88735221,139.6694498,420.9254746
74.29318467,2,20,3.983017456,23.15166832,147.3544002,228.1661114
55.51291562,2,21,7.670279845,7.138700871,199.215414,349.6996739
60.44416976,4,17,8.136866283,29.26112878,173.2587269,370.5579926
54.05126908,2,9,5.95865716,15.99978378,192.9262739,294.8579241
44.37251003,2,8,1.394095006,18.22344288,115.2041412,229.8675766
49.28658327,2,22,5.06746475,26.43250564,134.9836106,210.9085082
52.86804325,3,15,8.522134188,36.53809142,201.5098948,298.6476573
72.92845057,4,4,4.890411196,11.54083449,208.2346335,254.2703194
63.21367268,2,13,5.691715925,31.06647974,172.1691897,247.5254858
62.39422679,2,10,13.18567481,21.44399919,233.3809402,50
81.04653801,5,14,5.064561298,20.13162309,189.2606457,417.7021266
59.01231494,6,21,5.197434033,32.29210969,147.5099668,513.9360888
74.56628086,2,17,6.548362531,6.605685159,236.9784425,317.9210551
53.96012654,2,8,6.43006891,32.6109863,135.5341442,171.616973
49.81677292,6,5,5.956392553,11.91415602,173.8130638,293.3039359
48.94414789,2,13,7.933162898,18.6900316,182.7901377,170.9450227
19.23749562,2,18,0.827944039,20.33903952,91.57523256,388.9165901
50.51791974,2,2,5.066649329,5.611123746,176.6092051,283.0963022
87.84447306,3,18,0.472420535,11.20540318,188.2307981,565.3911982
67.21127239,4,3,5.897269449,33.3230658,172.6239504,307.6635213
77.39489154,2,8,8.077710257,1,221.4494761,118.1069271
88.61293244,5,13,5.040344817,15.23254091,214.6272946,427.7923507
55.58029179,4,12,1.927163414,1,167.3853195,600
61.80504892,3,12,4.405387108,4.477125346,198.6775568,493.3372667
57.49876239,2,19,12.62552063,2.524363166,251.8721079,265.1168
53.181911,2,9,11.41171307,10.29778759,218.436891,60.83735935
70.89851469,3,8,3.23678185,28.55388483,144.7389002,391.7301998
81.254737,3,15,3.4996571,16.60340034,190.8634242,442.4124551
58.77627995,5,17,4.994334616,7.127283985,185.1369623,366.6181146
51.00559465,4,13,10.40108075,32.31842345,234.128291,238.7811851
56.10351733,2,10,0.965977408,27.44269054,124.3275128,252.6700502
63.54420028,2,21,3.408649926,19.26405672,176.2668742,430.8991157
41.32474683,3,17,7.374207499,30.05280187,146.077594,79.13776102
22.26785645,2,20,7.341661374,11.26374805,148.6414201,347.6773416
57.72182837,2,17,4.030253569,34.54468136,152.0511023,245.524794
49.63514983,5,10,4.455928726,11.63067293,156.8968631,330.5380023
46.59383656,2,14,6.515940489,2.598906368,182.5346587,227.7999017
61.4742578,2,6,3.592028697,27.25586245,158.8513531,202.505504
63.49620234,3,20,0.957535516,17.81185581,150.1909103,486.243441
77.510346,6,11,5.421796707,18.42243855,229.1278961,572.5786885
70.90438122,2,8,6.443769996,18.74702109,160.4856991,201.4363768
67.31676886,2,10,2.72289005,12.41444237,190.5472502,171.4856341
74.13552922,2,15,6.880934822,29.90408719,171.87321,105.4677154
39.13548328,2,16,9.239870324,14.53857821,195.646322,371.1128569
85.11260136,2,14,3.988186025,27.17886936,242.9202462,325.6655245
55.5151834,2,11,4.63841412,3.275272088,176.1858929,399.165697
73.26043014,4,15,2.637347964,19.09450681,174.5889022,438.5313824
43.60596364,3,13,4.556222998,37.4679489,124.791622,163.0149046
39.37688454,5,20,4.060450337,16.98717499,149.4253371,428.8608231
67.35124591,4,7,11.04837395,5.736608631,264.1654925,224.7058319
59.50932382,3,13,5.921175177,33.38108626,158.2499236,202.3738932
47.90438098,4,14,3.383089605,11.39026804,144.288192,579.3509878
45.11879105,2,9,8.006683432,19.62009021,159.6802186,72.65179802
74.87506959,6,17,12.33558239,10.88180736,274.584154,247.5761333
44.88291332,2,3,7.266862123,1,180.8055475,314.8965892
77.16670784,4,8,10.07005925,31.02191967,244.3639375,244.7979442
52.52510343,2,13,8.036776055,22.9211863,176.6201887,152.8413224
70.17344331,3,8,9.566044995,4.707131729,242.8662757,174.3579381
58.88486859,5,20,9.42649146,5.545409643,228.3313453,238.5619357
71.68455264,6,15,9.370411874,24.47895889,233.2161346,448.6378409
54.75077811,2,10,6.854940222,12.97092345,195.7845049,274.2373335
51.56581994,2,19,0.944914372,27.92901628,110.9713073,340.1770825
66.43722811,5,13,1.330781809,29.30064179,123.7892736,493.7821407
46.33175874,2,17,1.700329498,29.40023017,114.6222144,311.1018748
68.73739675,5,20,4.453547393,6.658323949,188.7377534,673.6598553
51.67534715,2,12,3.806255222,17.30023593,172.228297,203.8632891
58.38168183,4,20,11.28679329,1,272.6552857,272.205377
45.9859035,3,13,0.480965867,13.099071,85.86764841,374.088482
24.55120557,2,5,8.243883778,22.77451926,163.3891217,77.60493637
65.40153414,5,19,8.151670047,27.67448292,223.8342986,351.8993321
91.00604907,3,20,6.646241701,12.15109081,216.3339921,396.722949
75.52043686,2,15,10.33892638,7.062159036,272.6096482,125.1978163
59.17459928,2,5,5.798715239,28.40168835,191.946799,274.6584834
61.76936119,3,11,11.33147964,25.10100978,216.8950976,61.89919022
68.46522808,2,6,4.958648815,30.98776199,172.7672882,283.888108
69.18739925,2,4,7.102548475,16.80668994,215.0876304,412.4978427
45.39184607,2,17,4.752955334,15.72457143,164.4468265,220.2542642
82.7951496,4,9,2.043000111,27.09517684,153.1777958,449.2791737
75.72191526,6,8,0.298649542,26.7799148,168.2855704,551.919058
77.05663887,3,20,7.847346108,6.883587894,197.9645865,511.0373981
65.08671557,2,16,11.24799229,16.02188177,273.7674018,103.6072178
57.70983668,2,16,6.40509157,3.238201137,209.0304592,332.9823189
64.41204736,4,19,7.73690341,25.33730372,191.2818319,328.9274733
67.90050702,5,2,0.577784631,18.84059775,159.8442455,467.7359769
54.26855135,4,7,6.956622221,6.232668119,175.0269339,367.01999
50.67796533,3,17,2.869208071,13.64708369,146.0900829,414.583609
63.9889867,2,13,0.755357156,33.73820838,131.3165824,381.5867017
85.82659526,4,21,10.49486932,9.168705117,281.0763183,353.476142
41.08625246,5,3,5.114280334,10.33098186,137.7130454,293.4112076
39.72097553,3,7,6.260061231,10.81345083,153.6097715,213.4715703
66.60513413,3,10,7.449025042,18.8670727,211.8391908,276.8247317
56.7693837,3,22,8.876336193,14.79681497,197.5451106,318.021311
67.26622754,3,16,4.53317569,3.170361085,199.1238652,529.3232445
60.60246973,2,19,6.661109994,17.46808035,181.2578209,504.6965386
63.84736799,4,9,5.908951982,31.88314049,199.3540599,235.9811065
83.17917055,4,3,0.581841687,28.084094,189.3735965,438.4670144
36.30694918,3,10,4.408664093,2.081624076,140.9324819,336.5508666
38.62403827,2,8,7.337634285,6.216233941,194.7445883,98.06432458
61.74062427,2,19,3.990608021,21.49506994,161.0748698,371.7602805
35.82745322,2,17,4.090643366,34.71339219,98.14827581,288.1925134
58.23292272,2,6,9.166358115,9.003737615,213.2956203,50
84.45665744,6,16,6.570907143,32.54337427,218.070753,402.4805028
63.43927562,2,6,7.593096539,18.20511438,170.786634,104.2976728
67.5878713,2,12,0.96538631,32.69615977,147.3918775,219.5940428
43.51764591,2,15,7.130198923,21.02216515,171.4811429,183.0010621
57.33991844,2,20,1.034076055,29.18590362,143.0127945,299.0008386
50.77556414,2,4,5.145582073,22.50384809,171.7788395,185.2624036
52.27002617,4,12,1.577299961,4.387629728,143.0669014,526.3301008
81.25817534,6,7,9.155926895,14.85994846,244.4418745,377.4825822
71.67425831,2,5,12.00183628,3.223339016,305.4083135,131.6781309
45.91160832,4,3,5.748832052,24.17967555,200.4094463,363.5497913
57.25992581,2,14,4.801261357,21.46778086,159.9452895,197.0843376
61.46076602,4,19,9.550021385,15.65558451,246.0127647,231.0847388
76.17830203,3,3,8.389031641,7.643211916,227.9082068,265.1686485
74.76175056,6,16,4.952393604,25.42653438,179.5716153,473.0250635
46.07807255,3,6,7.413821309,6.214254608,180.5590192,317.0876906
47.4629585,2,16,13.54302113,29.46337764,246.7476007,50
36.56402216,2,18,2.515379749,4.070158218,105.2454383,546.0500806
53.73098888,3,3,3.768171357,3.786693032,196.248127,333.6441146
67.54401206,2,19,9.055562194,9.238032492,253.2386592,121.639605
67.34239892,3,17,14.32573783,23.40326587,288.7786681,98.01079329
55.84373448,3,21,6.41916048,1,191.2809132,405.4724561
53.88533871,4,4,1.41797539,11.09329183,152.7228803,467.6745874
60.7773639,6,6,6.791880849,30.76911912,126.1223018,368.88889
46.11755144,2,12,3.533689084,3.028172917,160.9087069,308.1845088
98.13835161,4,10,7.226018619,10.80057457,264.0296953,282.6120081
40.62785609,2,6,-0.25398284,1,69.87764443,396.5260967
59.55542972,5,2,0.426445131,8.238182032,145.1321099,317.9204195
85.1681198,6,15,4.759962539,24.46945173,217.5940782,509.8850001
58.03524618,2,7,12.09398892,31.65024928,195.5979041,50
63.28521536,2,9,0.049927776,28.55247198,98.84969486,410.0080889
44.00177095,2,15,3.977172751,13.14728759,186.5443369,152.1944673
57.71205849,2,17,0.257380797,1,134.6148248,510.335232
79.05245875,6,7,6.98751162,1,257.1663255,600
32.81391638,2,9,6.723475742,1.758243809,187.5850754,286.6376045
87.90724465,6,3,0.259202738,35.10500473,164.2476269,598.1619402
31.29995208,3,20,10.56539172,24.07428272,203.6892461,176.0256218
61.98347774,4,10,1.893786421,9.994182318,111.6599678,324.7408052
41.89251416,2,6,12.14443298,22.97862286,211.2896145,50
71.88968399,4,6,11.34147517,16.44746073,196.4793346,182.6816097
39.53838714,2,20,6.771589178,25.59423117,121.6262143,116.3763702
75.35842565,4,5,9.056593698,31.97405289,217.1040432,161.2272273
91.50136867,2,17,5.237735201,1,225.5217162,184.2691606
36.23023396,2,17,0.453499484,18.18571385,95.15998048,356.5324967
57.80377671,5,17,6.769721809,28.65339037,181.0671606,321.7287612
57.37140823,2,8,0.642616811,8.294007945,138.5229227,501.8414257
74.8738655,3,20,5.242219792,10.06994358,210.1712343,362.944679
58.04484051,3,2,1.136323286,23.86379275,135.9979139,305.0964399
50.48864606,2,4,9.537674096,20.58084034,185.4641442,50
74.13461328,6,10,6.907452136,6.754676866,210.3768534,408.4931219
90.91056363,4,2,7.895979316,3.639051538,261.6768362,371.8523653
56.2025491,3,8,6.5741694,33.8207677,172.5620445,50
66.99807354,3,9,13.01138142,3.010809996,256.5637292,225.6479431
36.39443692,6,9,10.26713778,28.66484942,205.9623413,222.8874022
50.42022866,3,20,12.23908878,24.49046074,242.9248758,229.7183076
65.25108017,5,18,2.434035083,27.11230649,133.3327922,278.142865
80.2286457,4,12,3.39042967,3.990814789,196.8872932,300.9979294
68.39371856,6,16,3.738899087,6.027111225,225.3486727,568.323831
55.70713854,3,10,3.888484478,26.59842179,154.3783559,333.1630093
61.93657117,2,18,5.073507953,9.251096783,194.152778,293.5481671
39.62371694,6,13,7.080457732,27.62554372,145.9610067,390.7038278
67.2396733,2,7,3.210506039,12.93876646,166.351315,381.8411819
69.56279593,5,10,7.974463321,36.50132302,235.1142884,325.6185306
56.76348621,2,19,8.719210758,11.69954364,215.2435905,230.3574137
53.37463389,2,21,3.769016669,19.51830795,150.7189068,349.2502186
65.45395122,3,3,1.560388057,32.99787223,137.5393313,254.806429
48.35052122,2,5,5.930158601,32.84889262,206.4559095,124.4534887
62.48654786,2,19,5.746644618,25.56495434,181.5404546,184.0033774
93.05622461,4,2,2.367726403,20.70752739,180.094045,336.9232421
59.94613322,4,12,5.450173322,15.52270995,168.8957471,394.3409928
56.35059427,3,4,0.128316728,10.69989119,142.8642658,379.1791173
51.71695369,3,9,8.137498304,33.20701927,153.8151756,75.96261335
62.0621335,5,6,7.798756976,14.39952148,218.5728125,341.0180001
62.97040261,2,21,5.347703876,3.533378296,180.6295895,410.1972077
43.65711557,2,6,9.158355622,29.83201955,146.0282228,50
85.00493695,5,12,6.575207622,10.95355538,214.895193,412.3943932
80.9300109,4,13,12.29102879,24.28960564,275.424296,199.2727437
42.96005484,4,10,0.079843672,21.22606905,126.1610116,529.4743133
31.57123786,2,14,6.860153923,4.435850581,180.6763038,258.2339118
67.61153513,6,21,9.34832978,21.45480803,221.8629495,301.2290657
55.27046517,2,5,11.76487744,5.367760093,265.7040055,50
69.28069662,2,15,8.904151654,7.148625781,230.1080643,193.1392164
25.24251881,2,12,0.995982222,12.65831199,58.36671914,240.1383105
76.69320074,4,12,0.660746655,25.86664882,151.3757013,520.0936912
41.62067028,2,21,4.767426314,21.1815653,113.0413364,329.5860788
73.56229723,4,8,7.239965152,24.07367162,229.3123262,326.9613749
59.64461172,3,18,8.964810589,5.022290144,241.2147931,216.6470807
51.47417476,3,17,1.165516255,16.01125441,108.4580224,454.2211709
51.88688964,2,16,7.989969383,14.92051178,198.705569,201.8633812
62.41533421,3,3,5.348334963,15.84555698,187.15089,272.7046543
56.11689739,4,12,2.844426449,4.867812649,176.1646281,485.1744378
70.94213508,2,15,8.73804192,17.81869506,204.6373007,185.425047
86.35762492,4,2,1.269163352,6.855394915,198.7335054,470.7122159
42.95330571,2,3,0.836695609,22.19597413,78.70475033,351.7191405
78.40479221,2,11,3.82597974,23.75335657,202.4080752,226.3952025
66.65644121,2,15,6.142925374,9.327158146,225.2061371,280.7635346
44.3529927,3,6,1.188158083,27.38726265,93.10943189,401.2621678
46.58296502,2,10,5.538661449,28.69988577,176.6837307,115.3589194
59.69134939,2,14,3.930598194,2.083069269,145.6958914,312.5982214
74.78727636,2,6,10.43407776,21.58521448,271.2451894,131.9372327
61.40876444,4,17,3.782314821,6.776239802,203.2844278,368.1564426
88.80059328,4,8,5.948452679,17.69916373,235.4423896,399.993209
37.97834666,2,16,6.404734455,5.833242372,162.437755,227.2958535
50.43367815,3,17,3.541714257,13.67203944,156.3784246,421.3771421
47.2143261,3,7,8.75974498,19.58129992,180.6787316,50
64.09825455,5,3,9.341293338,2.954433054,289.6893024,398.1736714
86.10280715,5,17,3.311359017,6.160126095,195.6090742,480.4571206
50.67511466,2,20,6.685529255,2.395572641,217.2995298,389.4132144
19.03281288,2,6,1.944854916,15.31475889,70.92141303,148.1820176
66.70644957,4,5,7.930109306,26.23393083,240.3097883,358.573415
70.35899254,3,15,6.848099672,2.381670596,262.3607207,365.1858657
68.17753991,2,7,4.536430162,5.688995573,200.7992313,458.9218549
75.73710369,3,9,7.020613865,3.675346834,236.6046621,252.5680207
38.13322546,5,5,8.126554574,21.54626715,152.0967897,188.9048922
66.81781446,4,5,10.55014396,31.31114071,209.1658966,213.8395201
70.30432304,4,2,7.420096343,32.17590019,209.8750199,77.73017497
43.63841393,3,3,9.299737904,7.755598094,231.414371,90.3646911
59.6716601,4,14,13.20307502,8.55822496,253.7276106,214.0566957
50.96703172,2,11,2.10973181,1,190.90645,333.076278
62.23940787,2,13,10.12143484,16.24390535,219.3754172,169.7787203
65.24125433,6,11,2.51974267,8.108091142,171.1606741,584.5960121
49.73489145,3,11,2.339910087,24.76885832,132.8266807,310.4252527
49.12143126,5,19,5.796886271,21.89649352,162.1031273,483.6095873
57.46933893,5,13,3.446847174,23.58901311,110.9247193,327.1760755
42.41902662,2,17,1.77490612,14.93279441,107.0499036,427.6856703
45.66535592,2,8,5.400066222,3.267274144,173.8776626,277.3715478
65.00716268,4,11,4.481628283,4.316320851,186.9542682,397.9593795
48.17029295,3,16,3.014378192,4.929187483,161.1799245,346.7273804
70.35812115,5,10,1.902982583,16.85930174,176.2162844,530.9690475
64.02142958,2,3,11.34146412,26.15943585,233.7176677,50
32.5347298,2,19,0.470924474,21.1980162,67.30431903,468.796058
55.6737823,4,14,5.639695412,17.76181767,206.6645275,454.1016614
82.00368501,6,4,9.920629368,13.33847913,234.4317913,438.8111631
46.48237499,2,8,8.96843757,6.583008811,192.2353867,167.3542247
50.03158698,4,10,6.340807886,19.8918443,155.5427854,250.8063928
69.77213195,2,9,2.422673283,25.6769756,173.2725027,278.9303465
71.82165504,6,7,5.247629873,20.88458504,219.8415527,398.6008775
64.95526185,2,2,0.66943653,14.7938707,138.818294,349.2736171
50.84962229,4,15,4.7869318,12.66952487,168.6036668,428.7538684
89.75463674,4,17,4.216868352,27.48651011,213.386867,528.3130688
87.05764974,6,17,4.630960268,6.411311398,257.8471101,597.9540203
69.49864528,3,6,2.128661314,21.26245625,123.0531472,231.2232785
77.76335983,6,7,1.211735003,24.05181289,174.4053774,507.055256
40.64122157,4,16,10.39247546,18.28325635,207.7904769,330.7821308
37.65971352,3,9,10.01678481,22.15901863,181.513413,50
57.46403247,4,2,9.189229018,36.04975722,205.7730678,171.6878351
79.97438399,2,15,6.942129298,1.6911521,252.8465268,302.8906925
91.6439311,3,19,6.536520186,9.725133002,256.7142464,322.2846061
70.47680992,3,19,2.8276406,10.09821301,219.0830626,504.1312513
39.62450559,2,14,3.259143858,16.3159456,131.5250722,423.1287136
77.03382175,2,15,10.98263141,15.72766976,263.3330146,168.4824526
36.17580973,4,12,12.31030354,9.804690297,215.897022,127.6647744
61.53456865,2,9,4.957449788,4.126213943,199.6349564,201.3474902
70.39230273,4,20,6.015126748,26.76332197,193.6878988,364.8920004
83.77954705,3,5,8.303718132,22.10228239,241.2888589,79.22784136
108.2771938,4,18,6.657298835,8.062968569,272.8950014,436.8268848
68.73377475,6,20,6.443198715,12.40765231,204.914356,502.4020655
56.19625582,3,15,4.904979389,30.97854809,146.3878831,95.01063355
64.62209791,2,11,1.595096948,8.442424668,164.4923074,506.2900893
72.7532158,3,7,4.534250227,15.49985025,186.3714945,214.976037
52.55575645,4,19,5.438303765,7.763216841,189.2796889,413.9360623
92.24937681,6,5,4.48583077,13.44679928,224.6902861,530.8117924
63.3128549,2,12,5.995028353,11.05577651,188.3434471,366.0081746
64.00342156,2,14,14.54088044,29.23295755,299.3241787,50
69.86279855,3,9,4.27895651,23.6196204,176.6418149,103.1097195
65.61730468,5,11,5.436174613,15.90742251,202.5182254,493.7469276
71.66718259,2,13,2.491478448,11.77137833,158.9987976,275.5258647
54.126646,4,4,1.63001555,17.9687034,92.60437516,407.124236
50.24226914,3,16,4.3740798,26.03617807,136.9352759,345.3604526
40.64228999,3,9,8.409456268,3.003303434,149.9063808,50
59.79193989,2,21,5.219278232,3.88736994,184.0335389,248.9506394
71.64107298,4,19,4.184081606,3.870240534,225.5791734,478.7318321
73.09335955,5,2,7.529792315,18.34933911,202.1527907,75.3625913
84.49833888,5,9,6.380332616,16.9280854,184.887489,274.4244959
57.40706459,2,4,6.494198993,20.86291993,214.3673907,161.6599806
66.24494559,4,2,10.13150263,9.976000064,233.1945493,174.5986771
35.0053146,3,22,9.991258946,6.967710261,196.5316255,271.3644687
60.07576547,4,17,11.53377516,2.127031115,269.5153743,320.7154093
72.85657511,4,11,0.846944309,27.53406159,156.1905118,324.6154996
76.58468311,2,18,8.582040886,17.00168011,252.1063378,125.1370215
56.84584359,2,18,12.15550609,28.74736829,251.8345114,121.4108401
54.89922324,4,7,1.239659381,31.93698681,84.27354657,489.1818369
35.6476777,5,8,5.18394513,3.718512269,124.0492032,321.1457711
52.14186444,2,17,3.431888552,24.90589416,166.0303601,328.9762938
71.2714466,2,9,4.946276142,26.57967991,169.4714045,352.7356288
66.57443079,4,12,9.796274523,2.616005987,232.2786697,320.5204979
73.03386766,3,15,0.259356242,13.36200285,126.1979112,475.0611377
70.85518024,3,13,6.487165573,10.84667388,204.3781292,264.664545
55.7445769,2,3,3.888160038,35.75379855,136.9091056,323.9584333
49.24913422,3,13,10.44029941,23.99861977,190.3285858,131.0394965
71.56633666,3,22,7.442916388,13.52516052,199.8968856,370.8981903
61.41232969,2,21,4.646068953,3.120262075,192.4562362,429.5822254
67.64434373,5,14,2.612000511,18.90438389,146.3096283,430.5908149
53.8676652,6,16,16.01189672,30.86658503,254.1009518,125.6820239
27.30979976,2,13,6.39992172,19.93886434,95.28725843,134.5989288
79.59243401,2,14,0.278985826,21.22449617,193.9629172,403.5561902
52.81908178,2,10,2.616386399,10.23235495,166.0430833,361.1418691
32.72921387,3,17,7.370142317,32.15335262,137.1764408,117.3616359
65.599666,4,4,2.431474743,18.97179847,139.5551889,280.5307655
61.28184669,2,14,3.271186612,5.187774254,170.7021927,419.6585328
78.50045607,3,13,8.969899748,17.93964063,242.7672973,186.7049604
54.99925021,6,21,9.586541323,25.92056328,182.1085065,327.2046878
62.70273896,3,3,2.92572669,11.60252309,113.0186323,167.9149377
43.11976549,5,2,9.947283095,29.45048642,180.0705719,213.3361129
75.29838702,5,9,2.792125603,11.80045126,150.1609849,532.9231071
50.40754668,3,10,12.43541248,1.271517354,252.3758298,209.3278556
59.75779575,4,9,7.728358631,21.35901987,203.3946954,280.4611009
65.77018138,2,19,6.427688489,16.90555201,179.9434614,155.5673768
29.20990931,2,10,4.400791062,3.652355844,124.2092046,297.0900296
72.35492035,2,7,2.659608423,7.54653243,214.3520727,307.9521256
40.60237401,3,16,3.261012777,1,158.2162593,369.9717991
36.5954216,2,14,4.391322362,3.185963724,137.2125296,361.9665859
34.73613517,3,13,5.178747821,4.383962051,196.2236979,474.8407396
67.21296274,4,15,2.071193664,28.71199818,124.623034,553.0548354
52.62458793,2,8,8.540071326,13.87335769,186.9850145,182.5967886
85.60644106,3,20,5.4256222,8.556657032,223.6102746,424.7106254
49.67033984,3,16,10.76938502,19.58077219,185.9146009,130.9556711
37.9208975,2,12,3.235875045,5.693254722,170.4916762,263.2965821
35.29650354,2,16,11.11181492,22.06092258,200.0772072,50
81.96757649,2,18,3.828244766,10.56763307,186.9807288,465.2129845
59.28851814,2,4,5.094966947,6.088637366,193.9672758,397.1243603
48.32225127,4,20,6.431558604,14.37047643,178.2236988,306.3056094
64.47085072,2,17,5.263353246,12.20581455,183.4821352,154.6269008
63.11880398,2,12,6.60466967,5.572568873,182.0965442,224.9777809
82.28653676,4,9,2.143449794,14.86974621,154.2442676,530.1876756
84.36274689,5,6,4.948937751,35.51636622,241.3564248,521.9660556
56.42168374,3,8,5.052649501,31.30917265,133.0569848,331.7511506
37.79742386,2,14,2.27230275,31.31765555,138.3243492,383.9650491
57.67393173,3,17,8.334575044,18.37739378,188.25955,174.2614405
69.92276028,2,6,2.241511556,8.658467462,186.1731334,284.1858489
53.57807961,3,17,8.888439721,34.71187183,200.790681,68.75003774
42.91630092,3,16,5.852846317,24.49162673,166.6179872,215.6720314
69.24950349,2,11,3.26046953,26.18959639,180.1675589,363.7078983
66.24741718,3,14,9.264012227,8.106979327,203.2943521,375.9411536
59.27673462,5,9,12.21155649,13.70914678,236.5364296,222.9442009
55.64971339,2,14,5.79842562,17.84573836,149.8212764,219.4638191
57.33831265,2,7,11.25519473,17.74803041,238.1470131,50
41.04323393,2,16,4.918640994,3.631844572,131.3788985,312.2359518
69.8031498,2,17,9.185002607,33.59947228,180.0542294,151.1513242
68.31166784,2,12,4.733700199,16.07389809,182.1958386,167.9663002
32.11265656,3,21,13.15230515,25.91502298,164.7784369,141.1204256
45.25641927,2,13,10.07504508,8.466863127,217.0363531,105.8336752
38.49401275,2,16,7.782828344,1,159.6167121,327.991858
57.05815158,4,13,4.608867552,29.45242031,141.3023717,332.0610447
58.66626391,3,10,7.781156831,15.75057602,157.6021839,238.6209565
36.91967515,4,2,0.677329723,20.37430681,128.8554088,317.9901193
45.17457678,3,4,7.013536268,14.27939696,147.2154125,155.4584731
35.67389186,3,13,10.9005653,21.17018679,188.3003166,153.0703898
66.52633633,3,21,8.828895132,3.45019371,199.483529,322.6244606
60.28620268,3,15,9.488464208,8.279784365,211.9767624,151.141241
49.57559551,3,8,4.285760481,1,201.4574337,387.1597144
61.64848839,6,11,0.653386402,1,154.1561313,600
52.43672423,5,11,2.723024089,18.78430872,126.3852603,558.8765861
49.36638062,2,17,4.576740474,15.98283404,156.3472388,389.9519565
85.09637857,2,2,5.933377101,3.974649372,222.5874382,254.0418827
77.08675432,2,17,10.60553663,31.59346242,244.5623162,71.75817273
40.68092711,4,5,8.917729865,33.53280613,188.2498188,107.2133523
67.3711742,6,7,14.58179942,4.58892467,286.581656,175.4325001
74.56377102,3,21,1.790130176,28.5129155,161.3364554,491.5871462
42.88307728,2,3,10.67045609,27.23448778,203.9714965,64.64474785
65.80426833,3,19,9.325542984,13.04829255,225.0002853,359.9387017
87.80065659,6,11,5.408550048,12.25090295,211.2672432,466.9212577
40.5901216,3,5,1.639310287,4.367553973,113.280575,342.1335525
44.44435794,6,2,3.587576782,6.072456254,161.6680447,425.701674
79.25600677,2,16,3.154481198,32.15590356,190.3524334,171.1127936
69.43933024,4,11,12.48049068,26.97900521,234.6248114,50
65.9427549,2,20,9.243324149,28.80951182,213.0799777,164.8524289
65.66626233,2,17,9.838974279,31.75841053,206.4239705,149.6682516
69.27028312,2,14,5.600017247,31.06585673,201.0519603,270.2105303
46.41922519,3,16,4.443696139,8.759465699,147.6341658,305.812349
76.15315218,6,3,7.754934788,5.79417106,281.1622157,358.071752
79.90253196,6,22,6.137869891,12.73612988,225.4015407,524.0054686
51.98942208,3,5,5.273142117,35.89350088,175.6406827,159.6563162
51.7863296,2,2,7.03213978,12.61230173,167.6188343,191.6838259
39.8078771,2,8,1.698997436,30.29800086,102.6978323,148.0355717
63.67918974,6,12,7.451412295,8.423568654,225.6175146,342.9766743
63.95907597,3,11,4.957243629,19.44642894,159.2879023,276.6666351
62.27423359,2,3,2.712471946,8.826542896,163.8816898,191.7749174
76.12805586,3,13,8.057290931,24.03626297,246.5731634,82.66752803
56.12669295,2,11,13.00059025,21.25691823,240.6414072,50
62.05287605,2,16,11.07899688,29.35209476,213.352557,58.97751236
40.14967949,2,15,4.95582009,1,195.0419092,395.2973318
67.79981264,3,8,8.487605406,7.489344069,207.1493917,284.7411527
54.09465688,2,13,9.72934709,12.97645162,221.1721075,269.3850185
62.36315631,3,5,5.904261157,12.21248093,178.6518345,265.7822982
55.64391109,2,3,5.253658621,8.874635314,160.1660598,234.8263537
52.67810678,4,8,7.415840999,9.183627067,210.6618102,269.2659865
79.1547068,5,20,15.68716503,16.53245657,308.267027,173.3616281
53.48605131,5,15,6.216487068,19.48430481,184.9242331,548.9664204
34.71927034,2,20,0.43549754,25.58170682,40.86560102,375.6389482
91.58432501,6,8,1.491525352,16.46099489,199.1853408,600
85.28081091,5,14,4.721359191,14.92626472,198.7818783,384.877653
50.45101399,3,4,0.308066302,1,90.38014497,479.5838564
68.16045562,3,16,5.007640363,22.24485476,222.2159943,392.700301
63.42176596,2,6,14.18148263,34.58736238,271.2978559,50
67.18300953,5,9,3.744809028,13.36620278,182.0751906,502.6930922
72.86537915,4,16,0.667725145,19.86376282,175.0726869,516.2239049
61.41290255,3,5,4.796813966,1,194.2388791,341.4639139
45.03361015,4,8,5.340057902,20.08368442,138.9117665,283.4148721
45.47333844,3,8,1.617528019,26.8235052,109.4271315,332.2143876
37.23650767,3,19,0.974505945,33.83427732,74.96507483,480.8716368
37.46977623,2,16,10.61383582,10.46211581,193.966272,208.9164123
55.93099682,6,9,7.392729291,26.4278973,161.527397,392.909837
55.59862516,2,13,3.570029099,12.85931898,139.410362,477.960989
67.74014518,2,11,1.192198688,27.17619866,159.6829564,131.8534782
78.9265529,6,16,3.595785638,27.83281873,188.7229395,486.9643191
54.79738276,3,10,1.338866112,1.728627016,134.1415726,466.8814435
59.28340167,4,7,3.040335001,19.39296594,133.2534425,315.5185549
76.69810225,4,6,13.44913536,14.91546809,279.4981929,50
65.77169662,5,2,7.092144881,25.91484818,165.1701191,119.2967867
65.79277219,2,2,2.698677813,3.200450459,175.648188,306.1352872
70.13989925,2,21,8.523061194,30.88431998,234.6424345,269.9013642
67.35662,6,18,1.586226071,23.40735768,195.5107578,600
47.07049279,2,13,3.356705288,18.91787791,116.9733153,224.6768199
74.1840931,6,13,1.704250645,8.988570277,189.2038388,600
80.7783343,4,5,10.96612618,13.05249009,256.2425423,293.9795906
44.63428954,2,7,4.426551082,8.035115675,132.2197268,132.074673
54.07392012,2,12,2.497770453,31.05637896,108.665519,260.7347752
61.50330348,2,14,8.426822092,16.50823048,216.1313063,206.5301806
63.13512135,3,12,1.027606356,13.80419633,125.319516,437.9476972
80.60261296,4,9,1.583933159,6.109243326,169.7189409,581.1394614
94.12989777,6,11,4.556930522,24.72668151,208.1747801,370.3576532
49.70398607,2,3,1.00510633,24.12981103,100.5038368,187.0650333
44.63154733,3,15,2.907757565,20.29801793,113.5347913,408.5314181
63.6061184,3,17,4.93195833,29.76015268,122.3374435,167.7735241
62.02317368,4,18,4.962922146,6.769289957,188.9876158,517.1883383
47.80047755,4,12,0.635570646,15.74148327,116.816666,507.2722378
76.32557725,5,3,4.956658643,15.23237217,185.9221576,437.9223629
40.43193555,3,6,7.958941056,27.33256544,175.5789469,88.41711106
65.68565533,3,17,8.658957209,10.76625999,254.4431977,320.226041
56.07952415,4,17,3.310253811,1,166.893421,428.9046904
79.42267359,3,3,4.439031925,13.51351375,229.3186742,277.3111203
86.42041516,4,17,4.495739375,2.56290593,267.3003301,526.8425548
39.39340014,2,6,0.006997033,36.11025563,130.8823598,208.7910472
49.5306844,6,9,3.758153957,9.163274075,130.7822252,505.5762142
72.92942515,2,22,9.061641514,4.994054686,222.354049,193.1484688
59.58183317,3,15,8.903909035,18.68159305,204.5779657,236.3870031
59.91875365,2,12,7.604730004,21.08346677,201.6329611,314.342229
64.08532794,5,3,4.761817072,7.871839622,219.1817309,304.2730108
36.23046878,2,4,2.797150332,21.99391503,127.2668989,216.3922406
61.75380758,3,19,7.233249122,21.81452885,173.4458369,151.0938806
45.17102477,2,3,12.82147883,24.34467174,214.2624399,50
54.62617784,2,10,5.537755726,13.33802416,175.8064005,295.6483425
89.09350179,2,4,5.384005624,5.505051326,203.2930683,248.4409155
39.57769079,2,8,5.366440212,20.7153572,146.7320217,240.8251015
74.9713325,4,8,0.616760161,12.22389713,135.0767708,522.4952489
58.45972521,2,15,6.870731623,19.32502219,157.9224636,209.5200478
53.95871421,4,6,0.374012716,16.28392435,102.7113534,356.4128776
76.5422238,4,10,5.211170593,12.48894785,215.1543044,439.7524642
63.17731129,3,19,5.378653584,31.61082071,181.3461604,335.0144247
70.82445279,2,8,5.087774651,11.04752162,200.2094867,149.1701151
73.3259002,2,15,0.796859056,14.35941359,176.3021832,358.2252052
55.24851411,2,19,2.516673088,3.021511498,173.3339575,222.1581253
55.48431566,2,18,8.911523259,5.117801047,222.3350921,130.3028293
33.98789912,2,10,6.302551821,28.14561226,142.8185141,112.3681378
50.70382596,2,15,3.260262762,11.18218802,152.3035502,257.9126633
107.772258,3,18,1.120378059,34.67303513,192.1708358,411.9881906
75.79568945,2,11,8.328720644,4.299268311,200.0544714,345.2634523
39.57710807,2,11,5.411387273,11.14019792,177.2770734,323.5007305
35.28210114,2,5,0.943030157,12.48290485,110.317586,252.9876337
63.23291539,6,13,4.133426996,20.49211588,145.4634014,545.752057
69.56375496,4,9,2.2329416,9.945677933,197.2748385,563.942235
81.35895461,2,16,6.745015291,6.581771793,222.42357,363.2819696
59.49548405,3,20,10.2261488,11.68941931,229.9977985,263.1013566
53.87661416,2,17,0.964496389,3.523256928,158.1127915,556.350092
68.79716842,2,9,6.162517213,8.158890199,212.6965998,391.2455722
64.19283775,2,9,6.262823999,19.43768731,220.0748636,110.2817233
18.07616594,3,20,2.7108453,14.05629094,85.93563917,361.3052727
54.97360052,3,10,9.01814145,19.10918672,241.1779301,130.2626426
46.5161673,3,18,14.03684409,23.13759111,226.076561,147.1309921
63.21857678,2,9,6.166211179,26.57833032,211.5797593,139.399982
104.6213097,6,13,10.84287579,30.0100278,246.0505159,257.81405
66.25105973,3,16,0.18174197,32.06769021,103.5360161,513.4868421
50.62132972,3,5,3.233878678,22.36264734,146.3399863,303.1439656
72.20137254,2,7,6.074064713,27.73438225,188.8462916,347.593735
65.91138162,6,18,2.486999256,9.297056242,164.8044476,546.2356332
72.10122839,2,6,5.727302719,7.216378927,210.484785,216.8999247
65.61526295,5,14,9.564291188,37.35040485,190.3674303,329.1955477
89.62572212,6,16,2.214938801,18.98714638,169.0796618,499.5820872
41.2566664,3,18,9.239671068,14.98270379,196.9379882,321.1991017
75.04135949,2,21,1.758781844,30.31319156,142.5726454,297.2985974
49.43011127,4,6,3.085606795,18.32921789,167.1585377,408.2367205
63.66420124,2,20,4.675901364,21.4524591,171.2544051,169.8636546
48.20693562,4,8,1.628259434,27.18790519,131.2176985,384.5580197
48.68139364,2,4,3.480588331,25.93511754,145.9369131,95.19565371
56.87651732,3,15,11.20901349,13.88420263,224.2743276,316.3490571
81.46739993,5,16,10.97758703,15.01750604,230.3563896,216.5616087
63.99521755,5,17,9.222264793,32.24752126,236.1162846,222.2069995
36.27317085,2,14,9.385994394,11.9559914,169.1267256,177.1112471
61.60322674,3,3,3.162709883,5.018817648,161.9417237,307.3835653
47.37627251,2,16,0.752296062,13.78126244,114.5455106,457.9036316
42.19213785,2,22,2.365337187,8.808158648,128.8748204,356.3909392
56.32808687,2,8,2.638481446,12.80082356,169.8754592,252.5285113
46.96881869,2,6,2.886780899,15.49453781,137.0418879,264.1889492
99.51065227,6,15,7.78467685,12.35866096,264.6787363,379.61835
59.82025447,5,11,6.609106496,7.588047443,220.1201278,566.2729185
40.36333285,2,11,4.945133864,23.41611816,153.2764908,279.0345473
49.25588143,2,9,5.069904491,34.60461342,132.1877674,210.0803285
87.32610107,6,15,10.0221865,21.25799364,241.2615141,412.6245472
90.72220723,6,15,0.146718022,21.5353748,153.8481957,493.2061066
37.96524828,2,3,8.805933041,18.19195833,179.4692412,155.8921554
34.57097885,3,19,2.580891026,13.71541311,91.77197254,378.1816242
89.75258528,2,22,3.384626032,13.99444489,209.0946433,549.2783071
65.71080699,3,5,12.04416594,24.89179597,246.5104669,50
42.02273408,2,15,6.881662724,33.69214326,104.0466331,50
67.46038988,3,19,3.829994294,9.33220263,153.9012619,351.270251
11.13435517,2,4,9.506443382,14.91108283,92.12209544,50
62.48842262,4,20,7.559348804,7.044006498,206.8128556,217.7145354
79.51976961,2,6,8.334135814,27.09633112,252.4242206,200.6254771
74.74750476,4,2,4.477886314,2.536560595,167.0577127,266.058823
46.48910078,2,11,9.703678498,33.80281725,163.282446,81.59174988
53.52577023,3,9,3.248466414,14.563956,147.8473973,252.6803301
42.0388318,2,4,2.564613809,33.02631055,91.00827677,310.9697646
68.30493978,3,3,13.39978446,10.18092854,256.937056,50
39.3334083,2,2,3.749678412,9.648051891,149.6103372,190.6864445
50.23858162,3,13,3.094371979,6.095653159,141.5271608,446.255758
47.90212089,3,14,9.90799468,10.81300869,182.5482234,108.9329025
73.81261529,3,12,11.01264577,20.41907365,212.7558039,189.2094717
72.33144577,3,18,4.502570029,12.79875441,237.4520208,370.3175251
57.09418179,4,13,2.254593513,19.6597838,165.0255619,390.1685249
61.17541876,4,6,5.283660092,8.090532226,179.0946364,342.5954051
32.10428137,2,10,13.80643497,30.16843318,213.8431854,50
55.13818027,2,14,6.488853923,5.270466044,183.6088156,261.9802952
60.45639972,5,21,8.250501233,13.69827795,222.4401242,424.9147509
98.86987099,5,13,8.835544498,14.26781574,258.1617115,187.9092443
33.69268452,2,5,9.658049335,18.36559279,171.5635816,124.3183196
89.64088876,6,12,13.25277271,25.62961094,305.5933883,304.9871032
69.48601817,4,10,9.362539462,23.21283865,258.3613331,72.11679146
64.57018736,2,8,5.489053974,21.28005564,199.5500782,54.27561854
87.98826088,2,17,1.062530886,32.05423918,191.6425864,473.741218
63.30747434,3,6,7.263353852,30.84762059,186.6683068,227.4043677
67.05993188,5,7,4.11683716,4.318891411,175.8429481,517.7666494
55.32684289,2,21,8.915216845,11.06935106,174.5193292,110.6509685
89.08902559,6,2,2.201558427,25.11126751,187.0040758,699.4468391
75.14449974,4,17,3.938113326,6.666777376,204.3454016,434.1855151
55.10988872,3,20,5.757199235,11.11583803,175.3440471,381.3920582
34.74814961,4,14,1.946512551,15.37517287,93.7531851,445.2221834
60.56168,5,2,6.126204853,24.76144766,207.1634792,417.0087053
44.41338972,3,11,8.654516579,27.61357834,193.7104732,157.0100457
52.08140096,3,9,13.24415244,27.25775287,265.0139325,50
73.23615511,5,6,2.465918407,8.801313149,158.4007843,485.5039561
48.90092361,2,15,9.402688515,34.36020137,175.7254269,50
59.91491527,3,17,2.077018782,33.49564155,157.9095923,197.1432656
75.24929044,2,21,5.301944678,20.89867951,198.2274972,328.1629171
86.40484176,3,15,5.862258371,26.30024041,205.8075718,201.7713661
24.6873993,3,12,8.488998766,16.68690928,148.5812587,189.7730876
55.69659351,2,20,4.001918935,12.82764273,163.0803549,368.4818949
56.90037002,4,3,7.157211229,6.233619289,221.9948082,292.7676998
67.48087266,3,9,9.897591436,28.51705759,224.1733202,50
52.77438977,5,14,0.675108301,30.89170049,127.0099639,578.5762668
34.58315799,2,8,2.33506296,27.13190828,112.8673955,277.0556667
73.21195261,4,13,9.773441013,13.39465018,229.2698381,168.8979037
55.86805508,2,10,1.962358844,24.82989053,115.9791713,462.8465699
40.50277279,5,17,7.191659726,28.51233443,150.8555571,301.3112629
50.99502633,3,19,13.5637053,4.59470347,231.7170767,50
61.33831348,2,20,8.979725101,14.30531818,210.0776896,155.2805295
56.89617217,3,5,1.511770418,5.299077279,176.491369,293.6241804
22.38084089,2,14,0.320984385,14.55482023,74.50944229,463.9506502
74.50938001,2,17,2.749676113,23.57005765,155.0757317,444.0030446
82.37089007,3,18,6.317372559,29.71956882,251.2692987,372.6451421
70.5105928,3,5,4.629519859,26.17713172,162.507036,300.072702
39.82449757,2,21,10.78559737,24.64602271,178.6382426,203.6994672
56.9930905,2,11,8.611770894,30.37852334,221.8942397,90.30340337
62.55082979,2,6,2.99081902,4.449973055,183.4008176,373.578146
65.1786567,2,18,8.86110309,25.84451869,213.1022239,107.7478041
64.03891313,4,18,11.58838636,23.44518922,259.8242599,190.3520025
59.28510713,5,3,4.763930491,2.278365636,190.7562731,463.4154752
62.16758215,4,3,7.178256132,25.82900643,170.6468811,50
71.55095763,5,8,2.283000651,35.45890778,103.8376226,360.2199224
82.88481607,2,6,4.865427881,36.22602932,182.6537764,209.9633585
75.81918513,3,14,2.565401082,22.01975175,193.4654838,398.8579165
72.23174263,4,22,10.57619487,30.81174785,230.8907626,209.8210608
64.19296666,3,13,3.971010554,20.653357,178.6788139,391.0381182
75.60923539,6,4,7.131746957,18.50666152,223.6157024,306.919532
57.32083651,5,4,7.766429029,18.74590567,164.7788146,164.8832121
44.70129214,2,17,17.96603239,3.940110553,285.4322598,57.10640139
73.9215802,2,4,4.615867181,23.62080531,195.3219845,300.0156331
59.88364028,3,16,2.338200395,2.347941367,145.5861862,435.3718781
54.86307809,2,18,5.538612876,17.68834811,166.2793043,272.8731513
43.96079848,3,17,2.134952985,10.82766348,136.4635386,497.9231655
69.19611145,2,21,3.025695509,5.403790432,181.1806899,449.4045299
74.15369976,4,8,8.675479439,22.618647,250.8286213,276.0619856
55.74443534,2,17,2.648487424,9.702816132,160.0126926,426.5547094
66.11295818,4,6,7.739404416,35.39132788,179.1334192,166.4592005
94.78903135,5,3,8.451732113,14.98285422,255.1636505,347.509971
73.71325009,4,2,7.129336236,26.01673887,211.4557721,144.9607569
65.91376615,2,14,8.105387045,31.03317072,231.8662846,187.6172252
86.08417625,2,17,4.595730923,8.259267073,209.0056473,375.0246386
36.12639706,2,7,2.245278193,18.22925967,77.40759374,224.2546532
60.87248517,6,4,5.750990755,23.15329916,189.1073341,267.618194
89.96005074,4,16,5.731437102,3.207536499,224.576453,484.8792091
67.59150468,2,17,3.602071903,29.19461563,138.3462571,306.9520122
43.7294069,2,12,8.220029494,28.05966784,175.7227313,50
62.39732597,2,20,8.743673265,29.99245571,226.4961099,50
44.31528518,4,19,6.271328554,3.804234327,164.665215,279.6529008
38.39229306,2,10,6.320891937,7.072659415,175.0707092,203.0314335
62.39478665,2,9,10.34429557,25.22954527,240.4897727,91.81098872
36.59837544,2,20,1.112803575,18.69655349,116.904286,537.3170265
62.4769014,3,6,4.432446571,15.72415579,160.815047,367.5136535
65.23830917,5,18,9.128472261,19.61376915,201.0295299,202.3015823
42.61739937,2,6,8.015103865,17.50037784,160.3817733,88.39366738
75.30489924,3,16,4.539231238,2.29630146,222.3321135,548.9171378
59.64691351,4,8,7.459078378,5.413831817,223.0779517,261.9522565
75.94890677,2,10,3.79360661,5.127600702,178.6143337,444.5453689
52.96636904,2,18,6.437167846,10.78889161,227.8429993,298.4941292
70.08408767,4,4,8.108631301,28.64785099,191.7668844,243.6872612
36.43522255,2,9,10.39222469,24.17263942,209.2262509,182.4161575
66.97318414,6,14,7.813401888,8.489921622,252.1951666,298.0541517
64.43573829,3,17,11.38539484,27.21622916,240.9297246,210.4727841
68.85222115,3,11,0.130113988,30.16335377,115.0543117,401.782353
44.30645428,2,19,3.071082895,8.257799827,125.60671,299.4495258
54.36597848,2,4,3.09021289,8.164553284,150.67765,279.6846939
71.83517101,2,13,10.38841298,31.42223693,258.1165124,225.1114669
47.81992693,2,17,8.248371701,15.93309714,167.4696134,294.7650846
78.79167671,2,19,2.858294156,32.43488886,134.0472249,183.741738
38.11901072,3,18,4.251789936,31.03084083,132.1128426,237.9706627
84.64099009,5,8,6.999961511,18.42170998,243.8559873,434.6339087
48.63156873,6,21,2.797413721,2.597815346,188.202627,600
66.79487202,4,10,2.397513013,32.85195531,120.2394944,374.4322445
73.40865821,3,19,2.981677928,33.82962107,160.1699375,259.7627701
48.47241842,3,9,2.863994456,13.00785286,164.1790385,294.9132681
61.54842146,2,3,5.885148619,23.27329181,184.9727283,50
63.86643767,2,10,11.98795207,1,260.9703935,50
44.58174051,4,21,1.73021791,4.685289317,146.2246684,505.6208822
46.0365035,2,21,5.38126882,6.79854275,155.44083,261.2893626
34.56301382,2,22,7.625886871,2.797053986,192.8939631,230.4641309
64.16021824,2,12,7.710954439,31.21989708,173.3026902,75.23371847
37.68274568,3,13,3.820014526,11.04913633,105.4963207,417.2188331
62.50212123,2,2,8.05637429,19.74585657,203.0484791,50
60.2700247,3,5,7.49727979,28.54308244,141.2775733,260.7800243
70.63451924,5,5,3.658021962,29.94910952,170.2667036,337.2099457
53.89568597,4,11,0.072927337,22.47107311,78.94471698,489.5841821
59.05298518,2,16,1.207353252,3.558815093,153.4543686,496.978607
71.77085149,2,17,8.483889766,22.23461065,228.4166751,126.1052545
54.34808629,6,9,11.96999108,3.875330951,246.7625277,267.6699177
62.99090666,3,13,5.77295386,20.83318373,194.277525,250.0897428
64.45315746,2,4,11.21509916,17.85294458,248.6323215,62.82491281
37.70371435,5,21,5.636448335,25.43582533,136.7113826,385.1282189
71.55178344,5,10,0.877865497,18.1546086,188.2027829,474.4528715
59.43523695,5,15,5.039035986,31.67945084,172.0658685,396.1532606
37.29114463,2,14,11.8359983,4.664981962,236.0028761,133.5303371
51.57449041,4,13,3.56219779,8.933029065,177.2988851,582.562185
59.7326661,4,2,4.92394823,3.903644106,199.0785537,361.6196351
63.35175737,2,21,9.975718857,15.85363659,273.3585737,198.5021215
56.98968084,2,18,9.884120844,32.38546475,211.7374956,147.8993888
78.10992697,5,14,6.739216276,4.061372706,231.1687281,385.2944926
75.98413003,6,12,8.238755129,28.55823685,210.5257151,216.1113208
35.6597171,2,4,10.50990254,15.82454377,190.8034873,50
69.76795142,2,19,6.937635324,25.4492494,189.0443895,326.2683822
83.13537454,3,14,10.72485786,15.00015312,283.4957562,302.8258259
62.01807218,3,7,8.1827864,2.467540942,204.6346146,106.4224487
78.00262374,2,13,5.255820689,27.01415515,199.4266618,309.1433031
89.61146067,3,5,7.994655525,1.851729155,274.0733016,120.3707001
69.61013343,2,3,4.593988383,7.881148596,197.0566428,299.9842934
63.03522082,3,12,2.079224759,17.38548923,133.5183899,426.4068829
77.95965697,2,9,1.371223289,8.551179565,187.789673,269.4793743
69.24203252,6,3,5.023358175,33.19425233,175.8344345,441.4489786
68.57976436,3,3,6.837734178,26.04156949,142.9594884,309.5021247
51.89036282,3,17,12.58323915,16.89877675,220.4818805,112.6115038
80.31146998,6,2,7.258075219,17.24569619,257.2740449,371.1562637
47.92552064,2,5,6.49267117,24.97421643,196.5220563,250.5364805
80.27203093,4,8,4.765359413,29.25225184,205.1820633,242.6735926
73.56312437,2,21,4.124638238,3.090171513,214.8003113,349.2599094
39.51386107,2,16,5.875252569,25.40989582,132.129521,137.3547786
65.79095695,3,21,4.801103307,18.18595673,176.9458147,387.7348247
31.71614129,2,16,4.135684443,32.01456994,138.0267324,232.7427556
70.18180113,2,8,8.981564995,19.19641151,238.2495273,84.85793009
74.80469549,3,8,1.76011814,15.17369847,168.9682335,380.962438
52.43061554,2,19,5.079627977,28.87857232,152.6031744,215.993842
61.13002547,2,3,2.339309002,6.19195048,183.6240079,287.6335737
84.8001697,6,21,6.21317069,2.580062187,259.7085548,535.998382
61.20890951,3,16,8.631861675,15.17211305,228.9877256,186.7766437
39.58771764,2,2,6.847157263,25.20242322,159.0167118,50
90.49610363,6,18,4.778254169,16.77723996,212.9697754,536.5814247
91.14602097,3,21,9.43813293,1,294.1606352,219.4104835
57.04751518,2,15,9.199608239,2.806033113,203.2843318,283.6695157
77.9462335,3,13,5.8035216,1,206.2631693,357.6560847
84.05171917,4,16,11.77943504,32.23141324,239.0649713,169.7296184
57.45374467,4,7,7.228340555,18.4134192,218.4378828,229.6094231
46.14218863,2,8,7.179194064,26.51757669,155.3778298,99.38898577
77.7631022,2,9,0.847899483,1,182.4038039,570.2994324
92.16126322,2,15,1.11507573,6.775413688,191.4611708,375.0855928
72.17597716,3,5,6.072623166,19.44652758,261.3837551,119.859772
49.23287223,2,15,9.617034603,11.39346858,219.7429886,169.5345235
97.19835493,4,11,6.974423434,14.34572705,216.8223699,317.2625474
51.13573326,2,17,9.288747804,2.904566282,240.77614,260.9819066
42.98275923,2,12,3.630188411,31.36099992,117.9442037,285.0917288
63.30252851,4,16,5.976192,5.639600215,196.1854766,327.8756979
93.37118854,2,15,6.028991836,31.30273496,211.8542679,303.1559153
74.30201943,5,4,1.739123,14.57109734,171.0996317,397.8565346
62.01082998,6,14,12.51042922,35.6944105,243.2152715,214.2514388
73.61997529,4,4,10.63466828,18.32857209,239.2042445,59.72138007
64.87703455,3,19,9.213199642,16.00350687,216.4818523,261.4743522
69.10715147,5,6,10.95410419,6.624392885,259.9279775,255.5919814
24.98225903,2,20,3.62165727,25.63577068,56.32671497,168.4967568
50.46461361,4,17,8.889090705,28.62985694,162.8539925,122.4822917
61.80933705,4,5,3.567542581,27.40722657,189.8634921,388.5253284
42.4101326,3,20,6.044084924,8.778930465,173.5893227,311.9295416
71.29071125,3,16,0.899057929,27.3886509,133.5175457,517.4263603
54.1891978,4,2,5.158477043,15.32927611,136.6834896,235.9553882
86.20338696,3,17,0.632071763,16.28818577,171.4689262,600
90.80025335,4,16,0.711378144,14.50044537,201.417647,493.5004234
65.6345513,3,17,5.467790453,1.206720397,254.9484773,547.7485461
53.38424069,4,21,2.540397444,18.86585357,178.2287811,499.5822603
59.59057446,2,2,7.245595837,21.41174172,176.9736663,142.4212389
45.68534329,5,18,12.59764583,1.826804877,233.1270387,210.407264
62.85287012,5,7,2.876682137,22.5996268,125.5364405,474.7979717
47.17524672,2,6,4.700559837,9.712560099,143.165319,297.4203476
49.29593482,2,9,8.5205396,29.17482111,181.5525781,60.56382734
63.47614018,4,14,2.779345829,11.30438967,156.6214169,294.7476975
62.89302858,2,13,2.649607636,20.26769473,195.7128096,246.8843405
55.53993725,4,5,3.982454376,15.07855929,134.7644634,248.7405702
70.26467041,2,5,8.670423199,30.22633492,217.0182807,117.5339046
51.51348977,2,8,1.146304782,37.22810665,67.68160191,215.4221942
65.27270141,4,16,1.913130794,29.03064807,150.4336572,412.0618332
68.36858208,2,20,11.18465683,28.45491806,214.8014002,68.22392064
55.56455677,3,7,7.122117458,21.95936988,209.05304,315.097968
72.45566211,4,13,4.494081018,29.85619022,173.9188333,363.550552
55.63891579,2,15,11.82266583,14.36861822,212.1504521,104.6979382
56.97456395,6,19,13.48345152,14.9338299,216.2952622,217.5985888
56.22814941,2,14,8.709341685,36.2613496,172.8538115,101.3520233
50.38437923,2,17,10.08684194,27.46879905,209.2575669,50
59.25938361,5,21,1.875401031,33.18287981,139.5270548,564.7724856
43.07645313,4,9,2.134726713,4.287763525,122.5629764,360.3149112
52.52841324,2,10,12.75770791,10.55290687,266.4433144,103.496761
57.94177134,5,6,3.756081498,2.146604059,150.0413309,412.112286
59.74819769,5,7,1.632648641,17.19940008,83.64806603,531.5291518
60.05641426,2,7,7.442124723,3.583244501,217.290346,373.2509224
66.32213493,2,4,4.851145545,31.27108263,198.779708,179.033883
67.12867888,4,6,6.150137133,21.60157431,220.8998037,391.2930562
70.28841995,5,2,4.003718494,10.10946584,161.3860574,468.920842
48.46370648,3,13,4.952408402,1.681823973,159.9803208,263.8110986
45.15612059,2,21,6.719551097,23.4682336,180.6315053,244.9813584
43.82882711,2,2,5.084994266,20.70678589,137.4856324,191.1614689
64.12594429,2,8,4.233034146,31.19920531,165.6675909,265.4304701
54.7841249,2,16,7.310585955,13.09658541,180.4759807,244.4641108
43.67529245,3,18,2.508016474,22.71977447,100.6295087,387.7842294
42.17175837,2,9,4.699676653,6.456627083,137.1616294,265.7597498
60.85224865,2,3,4.053023727,16.41045383,187.7947511,243.8464195
58.64260025,2,14,9.267431963,11.66567229,221.5813375,76.01337777
64.70233466,4,13,1.690083497,10.24449711,181.196372,482.490549
50.70457735,4,6,3.545940932,23.27740813,153.3027627,212.4274025
50.57547987,3,14,10.03290926,3.4043178,255.5981628,196.7787426
39.34843488,2,7,2.855622858,14.4006429,142.4197304,223.0712413
51.82430825,4,16,6.135955967,26.62105218,182.9859969,265.2373136
48.43571351,3,12,12.20406667,30.98544526,217.4961228,50
72.17213273,4,5,6.648806068,14.295402,273.4940697,323.3370773
29.70618151,2,2,14.25236757,8.04681136,232.8994633,50
54.25296145,4,16,11.23959708,21.25608849,187.3020748,150.7648405
65.44141972,3,13,2.633234702,24.09388023,160.5800432,259.0214393
57.2313474,4,10,0.741983002,28.63383397,100.7139391,396.5440472
104.6898084,4,12,3.036335302,22.48274778,239.7522979,558.1783128
66.30650205,3,6,6.985878237,33.90340791,206.7121443,265.8608534
47.5615636,2,8,6.837876117,1,185.0908336,276.6056464
61.96787962,2,9,8.389831333,19.58808217,193.4218067,112.8877237
45.48511999,3,2,1.437774565,29.70764715,111.7678224,324.2085918
53.66801353,3,2,2.423575632,13.55199655,131.0715032,262.811112
43.04031793,5,4,8.128216893,1.599912938,210.3187953,298.5994406
82.14547846,2,10,13.1899012,26.89443857,294.7219931,50
55.01803629,2,12,1.26405458,35.99233944,175.0930605,385.3747703
58.59364738,2,2,5.120842546,25.34634572,159.9195292,220.309697
48.07619973,2,15,4.039640672,11.31189787,147.3926754,311.5632188
84.92333825,4,3,6.678038577,20.65837448,224.5431801,412.8758355
54.11895533,2,7,0.315925001,7.58610537,126.049088,422.0900704
80.01346446,4,7,6.18218418,1,251.5836172,436.0011062
77.07826992,6,4,10.33975395,22.37934309,245.584557,279.2688225
57.17771428,2,12,0.737657167,21.74161363,165.1974865,268.7007732
61.28569073,3,13,9.25066129,19.30003777,230.640621,122.51807
63.74808783,2,11,1.046543426,35.7954941,117.7364498,307.0202504
41.80233325,2,3,6.575150139,22.05632462,145.9850279,104.7234768
55.31276324,3,14,7.45994396,27.47871786,206.403054,266.3752341
74.25968206,6,18,7.133655539,33.48216333,206.5107509,359.7625285
54.87909469,5,15,4.214996311,31.08975749,149.7780002,409.0060424
43.26579736,2,6,7.649755471,30.63164627,154.9213292,82.71844945
73.97333938,3,6,0.423815534,21.20207713,147.0075891,415.7407752
88.01908814,3,13,9.526927001,2.972593228,262.1407306,294.7027361
77.02585298,2,15,3.287882652,25.84559763,204.975357,219.6410894
48.91124242,4,4,6.561015154,9.77724296,195.4964238,96.68766404
77.74020033,5,21,4.066263684,24.09605722,184.5007148,428.1890937
49.57266233,3,2,11.51073269,5.636698419,231.1676,50
30.66304618,2,6,7.346178939,18.40821709,156.5732684,50
50.79156393,3,18,7.882988904,8.308276752,198.2598088,290.7267177
81.07518316,2,2,8.633891487,31.44663516,213.6556579,158.0523818
55.41939115,4,21,4.621646343,12.18441525,131.5825354,498.8746567
60.09817203,3,20,6.951774969,19.55984433,178.0631189,339.3288039
51.97210774,2,5,6.634574394,32.04000456,166.1015521,186.604223
82.11726117,5,20,8.101138359,23.28036929,220.806316,314.6129214
86.71090166,5,7,4.384005569,17.35557713,226.4087071,398.0363882
97.05345517,5,16,2.718543487,18.65554838,203.2581162,600
54.72649761,3,6,10.57592804,15.78607555,262.6916379,75.43459035
61.29871236,2,2,9.326299559,16.77909094,210.5579062,50
31.74988505,4,18,2.284365307,33.25587232,96.67811877,534.6480437
85.72147117,5,12,12.79687976,15.71461535,288.202077,236.6243285
52.07779715,2,18,3.341617918,32.34004398,144.4564009,528.1167882
67.90935889,6,2,5.89099997,11.94089562,222.5363441,255.4780522
43.08452737,2,10,10.19241741,34.82133418,200.859517,50
54.7492745,3,15,10.8321083,24.47772533,180.2468891,161.8244002
43.28202457,3,16,2.411322518,15.29295801,136.7991278,404.4083941
52.72388922,4,3,7.759108331,28.47038432,163.6830468,50
46.48682416,2,3,4.095823321,35.79914203,125.8537723,126.8074825
51.16504129,2,20,7.185951467,3.227072355,209.8120025,507.8354535
77.87847582,3,19,5.320793163,15.71523595,185.0582384,399.3787826
47.48724846,2,7,4.084420764,5.329842876,180.9301662,338.7908026
66.15049746,3,21,1.682998935,7.412228661,153.0582346,465.6206109
80.35077144,5,9,10.14574546,12.35602105,305.5175423,314.9116512
48.62144306,2,2,2.719703139,14.2156806,140.130208,249.7609421
49.94362,3,16,11.98578551,11.41992291,269.7442016,242.2976151
60.45850839,2,11,4.154389368,4.491284654,202.592213,427.0324648
76.48010588,3,6,8.112107981,22.37343512,215.7203889,218.1975727
61.88870541,3,11,12.11685031,16.36125154,224.8787454,109.7523136
49.68065892,4,12,4.288438122,4.622372993,165.9800184,289.0697157
65.8334043,4,6,7.57991686,5.213958196,208.7252461,168.3789308
39.59900103,2,11,7.927472656,12.09507349,210.5915449,225.7582705
70.34075125,4,6,2.631055004,13.52303339,166.0660668,485.1147284
64.52773131,6,12,6.288623041,2.154684384,201.9460007,600
48.01164466,2,4,8.808890663,1,181.3884044,88.35230877
60.42592466,2,5,12.49254695,9.855402001,266.0643751,50
41.51264539,3,11,3.895885263,12.40364406,117.8204598,396.3578662
67.34879071,3,8,6.232721881,26.60189321,200.9176286,165.0071061
78.74054705,2,2,4.961084571,24.62495516,209.6235367,70.9382509
47.76604571,4,7,6.021229528,3.709056801,163.9006162,299.8271623
66.42721141,4,9,3.380887187,27.85979289,180.2934533,396.213397
24.60187077,2,18,4.866483665,29.36625849,106.5771272,318.720551
54.86663062,2,8,11.48435751,1,216.9186471,190.083599
59.42292324,5,2,6.902587329,1,238.266005,315.5661975
49.94671504,2,10,6.215874507,12.56703168,158.5557808,325.279274
53.30188274,4,12,2.507171356,22.14117733,147.4530066,417.3075083
48.57716293,2,20,10.62464483,19.52842214,222.0053445,219.5647421
68.25013566,3,3,9.228500172,17.13413937,238.7365872,247.61599
64.87179046,3,12,5.877761403,19.28976369,198.0907271,267.0345079
25.80919296,3,5,12.93812631,27.21796171,176.9169305,50
31.64499396,2,18,3.75909488,16.63621242,155.5764618,273.0133167
48.57061341,3,12,0.812991292,15.43240282,137.7648938,497.3187935
72.85135897,3,4,5.196964875,27.79997149,198.5078446,243.2678695
17.50100863,2,5,1.559778486,1,64.38977309,393.4446094
56.01936434,4,8,6.592311796,21.99079976,162.7921671,385.4137396
57.08187164,3,3,6.149003022,7.207930096,204.4956261,299.6906586
74.93018117,3,2,10.29541975,3.702505259,222.3137828,160.35483
50.89112337,2,8,4.058560112,8.056696415,167.2510062,279.9842307
62.20893208,3,21,7.517528058,27.62424642,169.7657456,50
67.51852152,5,12,6.297876373,13.3925811,186.1818456,340.63794
22.16476462,2,7,9.77243163,4.704253704,148.9867081,161.7678246
73.1515544,2,5,1.142135952,33.43251167,149.3248101,368.6583768
66.86333616,4,20,2.293638328,23.46386993,176.7875206,428.5393794
68.47097451,3,20,3.100994295,23.87791871,171.5744202,426.0252066
125.2672306,4,15,1.748386983,14.58740274,252.8714546,563.9533763
19.11533651,3,4,8.361831953,27.11494212,143.9585485,124.1690519
88.91002749,2,5,8.52901124,7.505274055,276.3048046,370.9400748
54.77952134,2,9,9.984606498,24.15248066,222.0350747,126.4621113
56.78429418,2,20,4.640443952,28.22027568,104.7026964,221.5932007
53.91182708,4,6,3.888547237,3.198141563,185.3208345,404.4297572
61.4619622,2,12,1.30224552,23.2310169,152.6536242,463.0557394
54.61361292,2,17,10.71339183,14.35719347,220.3223263,50
68.95217062,6,4,4.768337043,7.484822652,155.6396337,409.8806768
42.03721677,2,8,3.409828488,23.80102624,132.9627696,287.3063723
64.47456676,6,4,8.697262155,24.44016791,220.6655534,387.5335101
54.98572589,4,3,4.284995085,9.440420354,158.9665337,390.1736977
48.54105313,3,2,1.31321759,6.381785487,134.5723217,326.87074
51.23679439,4,7,1.72790422,33.81884659,138.5159617,400.8587292
85.66947037,2,20,5.987838014,25.76540726,265.7206943,337.4547292
48.90694099,4,8,1.341608143,15.99758375,126.9164994,453.0511963
66.00061023,2,6,4.967067634,29.97453889,181.3702342,182.144076
51.02332601,2,19,1.784841761,15.89075775,115.1950229,392.9655412
75.14181987,3,15,1.67157101,14.00338264,158.1978929,386.8249441
68.84393378,2,3,3.667685297,12.36075675,177.3332956,466.1315269
92.78969309,2,11,6.099861042,24.35122375,254.2565318,348.4576406
59.5066132,4,11,6.562723756,1.069545447,220.4106761,438.6668135
61.83585399,2,18,9.384085919,21.5057672,257.9770933,154.4994852
70.65387626,2,2,2.629438172,7.702815291,146.3084204,376.0301677
74.64874975,4,2,11.20242513,20.44674239,231.1652826,50
58.81251696,2,8,16.31491088,13.18885284,312.8584607,50
70.38665249,6,5,4.098666833,1,224.7438546,538.6482865
55.3599981,3,13,1.411566698,15.46099766,135.4494284,583.8169047
61.03336822,5,17,1.009588592,11.97006395,52.75780983,600
57.883221,4,15,3.923617429,14.43805103,149.6399817,353.1964598
54.35402958,4,11,2.929582791,29.31836082,144.0820567,408.3101052
57.71002087,2,15,5.584767951,16.86154835,160.9352124,210.4039859
65.0959618,3,8,7.161825049,1,222.1647163,347.6110418
91.36062063,3,5,0.232222899,13.91169076,216.2049163,502.0852528
68.82494353,2,3,5.519475901,3.074528779,234.4952077,340.6612929
75.93843514,3,20,3.123581061,29.77363574,187.5023996,281.4365792
52.64740645,5,17,13.66679902,6.100235732,259.4699257,188.3597087
46.82659627,2,10,0.068768408,25.47802642,90.65179619,328.0282243
79.18973281,6,6,2.660865298,25.24355825,190.3534319,407.3314001
70.58358769,2,10,5.284976918,23.70966389,190.2653127,144.6935715
82.92769001,2,9,2.643871595,12.1407019,192.3117782,382.3705548
56.38997955,3,21,9.626630395,33.46597733,173.0541791,109.4445896
61.7047721,3,17,1.54972969,30.36647819,119.4706649,581.3652202
29.30631164,2,21,1.740750356,31.23941236,101.4126505,284.2255502
51.0482434,6,19,10.21763718,16.92833907,193.1847288,325.8999459
74.22992585,2,5,1.086815425,6.417638932,172.3930739,415.0256799
57.07226218,2,17,8.8676756,14.45583529,220.9705529,73.5044062
68.35118286,3,5,3.93183397,10.78188179,192.6373649,372.7560767
57.55614302,2,8,3.278687871,29.533016,156.6999648,413.8238112
71.11240137,2,5,3.949611019,19.20854045,193.3524009,225.976859
41.09133321,4,19,0.755337574,34.64039449,79.00219813,462.0095449
68.64393553,2,17,9.503962469,33.80742115,191.6064998,159.509611
11.97283167,2,10,6.149206506,10.99514664,103.184487,278.2348012
55.23280044,5,20,9.050414481,3.759555133,234.9441253,600
28.71717883,2,4,9.96061668,22.0903559,150.9927185,50
78.67341056,4,8,7.946084808,6.781553039,221.2335079,213.5860062
75.4160684,5,16,-0.065563845,14.83057465,129.6811244,600
66.1939817,5,13,1.878200231,29.02148694,107.9362962,302.694774
80.44294136,4,6,9.582004548,32.23240728,217.7584444,220.0370643
38.96815445,2,8,6.116010036,29.94608727,165.6634005,143.4262024
94.61712252,3,16,8.61894755,27.51901552,241.7646538,279.5795177
73.87081414,3,8,5.028584434,36.4258053,146.9726582,213.7736685
54.1909556,3,15,4.110043968,6.215258435,157.1817892,415.1713075
84.84696428,5,4,7.863350409,28.44970952,243.3551272,312.4639815
41.64537054,3,15,1.239654829,25.53936404,67.81765757,384.9542592
43.08047594,2,4,4.843444027,35.37623811,153.8203699,50
47.31975138,2,3,5.683553055,26.62657491,127.6942814,137.7987879
47.7791346,2,5,6.768177189,14.54454198,169.8051674,302.1018512
38.82149453,2,18,0.72670569,10.06574129,99.28140345,528.3303061
74.87906329,4,7,0.909966695,20.67919722,143.646102,460.9355169
68.19193716,3,12,3.647293091,15.13134596,175.3597259,494.5149612
59.5384597,3,7,5.506506855,22.01195603,192.3344004,188.4893576
43.98396972,4,3,11.77325488,16.9447918,219.3366383,155.2801665
34.08109783,2,18,2.414630079,4.189522152,109.8028566,350.7605628
63.67102848,6,4,3.130948174,24.78627277,166.1339799,527.4297067
34.61638015,2,14,12.07633968,3.176734164,224.2918543,167.6020755
56.20006771,3,15,9.924262806,1,219.3526584,235.5867657
35.13270748,2,3,0.546972915,28.35635108,86.32973795,225.6385769
98.17773883,5,6,8.036160455,10.19436743,254.4258688,440.7495979
65.61199291,4,11,8.380566342,21.03604007,198.0800462,102.7356299
63.38930137,2,11,6.165109796,10.5531655,214.4085419,219.9236291
82.40711481,2,11,1.071985408,22.1448498,175.5538226,433.1099257
51.41377095,2,15,3.276592099,4.793066159,171.4597172,352.1615384
66.63528434,2,11,3.138972478,25.75165421,173.4438979,302.027856
56.75604706,3,7,7.403711599,24.26686463,172.0133097,50
71.45787137,2,13,4.218389961,6.335207583,214.3281792,288.5128659
76.85758123,6,5,4.535155367,19.24742193,189.2878458,496.8426418
78.63737145,2,15,3.202133019,16.51546462,205.3493721,306.278044
66.17122468,2,18,0.91592327,27.42555172,133.9732961,289.6132295
32.7570684,2,21,15.68298209,4.702244904,258.4668893,121.9390279
47.56652081,2,3,7.279730819,7.14553023,195.2952238,200.758796
63.91337578,6,11,11.61509098,25.24477988,258.0891573,159.972076
61.81102687,3,4,0.973909175,3.99069549,116.5721532,435.7524327
39.35903192,2,8,11.87057012,27.51804348,174.20186,50
87.23738516,4,8,4.157241698,27.76675272,213.6493098,352.5935268
80.62462646,2,2,7.690745439,20.64392417,238.456504,147.7573369
73.06997771,2,9,9.527355678,1.132219732,238.4598746,145.1427948
56.02888367,5,2,11.80083902,27.05910958,237.6906062,170.6362926
60.22267577,2,10,5.651025011,21.22575753,151.7044535,282.8180849
45.86221848,3,15,1.601486347,11.49324732,190.8993835,462.8843241
64.88968447,5,15,5.876961132,5.754112713,227.7322756,501.2188337
52.1701286,4,3,8.161749248,6.855055176,216.8346948,126.9055106
34.2719157,2,9,2.9199397,23.70427613,113.1564571,347.357079
62.69965459,2,20,3.486093248,5.759848357,161.9279748,404.6841877
67.00247965,6,11,0.947763749,5.696961286,129.2200631,549.0983681
