weather,day,mood,budget,satisfaction_korean,satisfaction_chinese,satisfaction_japanese,satisfaction_western,satisfaction_snack
3,3,1,13845.01,6.721134261,5.286117683,6.807645998,2.987590189,1.466931299
2,3,1,11799.76,5.169738502,5.278793703,6.790911886,2.081931553,1.723939959
0,3,2,8625.76,4.670611154,4.812407469,6.503119778,3.032629397,1
1,1,1,11836.25,5.25113662,4.002989323,6.62835675,3.119711971,1.657312434
2,0,1,6126.53,4.881393311,4.004042299,6.398679793,3.071172591,2.503531293
1,2,0,9682.56,6.005313992,6.579323588,5.642943117,2.336546017,2.491058938
3,0,0,6689.84,6.740111366,3.913387578,5.424210411,2.773459237,2.979276609
1,2,0,5414.31,5.787297945,5.04583489,5.99548906,2.467093466,1.673637443
3,4,0,8383.26,6.71295467,4.868335774,6.075509943,3.102967069,2.498631316
3,3,2,6507.35,4.173511553,4.699961064,5.561043458,3.033772564,1.12179086
3,4,2,11335.18,6.772150307,5.607746334,5.084213202,1.623811463,1.542056648
0,4,0,11740.68,7,4.607474629,6.403985133,3.628752506,3.424657257
2,2,0,6486.92,6.81404997,5.191786214,6.269817334,1.658304012,1.956911172
3,1,0,5246.13,6.562797218,4.847743753,7,2.404934609,2.246323985
3,3,0,12928.11,7,4.928828718,6.041776793,2.325522598,2.330147224
1,4,1,5020.57,3.507316328,3.823074903,6.816590521,1.918925446,3.198883649
2,0,0,8439.13,6.76228777,5.532781892,5.064395318,2.216557047,2.364060505
0,3,1,9945.83,5.491239213,4.84454239,6.521438001,3.405022838,1.945240782
0,1,0,13186.42,7,5.269560086,5.924207956,4.180447982,1
1,3,2,13385.59,5.273996163,5.715342658,6.2243476,2.463432287,1
0,4,2,12249.39,6.201650012,5.535054421,6.484308255,3.809496197,1.404938031
1,0,0,7471.98,5.433111572,3.686692345,5.70512226,1.948868871,3.083102269
2,4,2,12201.87,7,4.969863364,4.972527178,3.104053373,1.504736949
1,1,2,7465.39,3.905626084,4.929557402,6.12206351,2.586910923,1
1,2,2,7146.08,3.51855432,5.456954533,6.141907718,2.110753037,1
3,0,2,10471.28,6.963650096,4.76358679,5.688499342,2.172008038,1.649068595
0,1,1,11788.54,6.213702382,5.426459171,6.558993701,3.220218267,3.173224678
2,1,1,5530.52,4.38270794,4.390859019,5.396780165,2.629088849,3.345897337
2,4,1,5600.23,5.528521131,4.669034495,6.251958807,2.771134219,3.024328961
3,4,1,12841.71,7,4.446682344,7,3.213851368,2.443596764
1,4,0,13594.97,7,4.199524754,4.36758426,2.400222948,2.705978691
2,2,2,11044.41,6.540593736,5.545108367,5.341698506,2.418206491,1
2,3,2,9288.28,4.459571219,4.634326888,6.168291319,1.436646846,1.07717626
1,3,0,13453.16,7,4.821876811,6.230071943,2.609542426,2.133856855
1,4,0,12288.17,7,5.635575308,5.748238906,2.340388953,2.753163429
2,4,1,10795.94,6.636647097,5.360805963,6.245392308,3.19301816,2.916298523
1,2,1,8197.57,3.762314424,6.462270837,7,1.918580967,1.530694461
0,3,2,6979.95,4.179022326,3.855527249,6.608379119,3.833058419,1.061933248
2,2,0,9186.73,6.672814924,6.118307491,4.547131397,2.803934177,2.671370778
1,1,2,7868.23,3.466714222,4.812874712,5.882755384,1.758361926,1
2,3,0,8392.59,7,4.973071579,5.210982163,2.596162364,2.342236855
2,4,1,10156.31,6.413039594,4.82162088,6.027192454,2.539284283,2.097884153
3,0,2,6690.94,4.618682197,3.91897977,5.605885131,2.426988079,1.481687067
0,1,2,13061.77,7,4.619370379,5.994428036,3.721531728,1.469901245
0,0,0,6455.29,7,3.216040093,5.91776441,3.518016437,2.729906398
3,2,2,9809.94,4.7580604,6.585451194,6.893934952,2.703527567,1
3,2,1,12459.71,6.322583426,6.708669271,7,2.762680765,1.883455579
2,2,2,9850.21,4.212388698,5.523709402,5.283133516,1.765112802,1
0,4,0,8610.22,6.920514812,5.26628775,5.389610034,4.149381241,3.144783684
3,2,2,9748.91,5.202232181,6.673430387,6.159385016,1.79329637,1
1,0,1,13486.71,5.106292609,5.10544495,6.413587124,3.831108214,3.234827477
2,1,0,14904.32,7,4.620381853,5.649454339,3.09510105,2.055160824
0,4,0,11311.43,7,5.982141061,5.980767805,3.750904762,2.242627821
2,1,1,12934.44,7,5.689697061,6.727188671,3.136424171,3.167760447
2,2,0,5144.89,7,4.516938895,5.612243379,2.591875072,2.052525391
1,3,0,13803.64,7,5.720616693,5.905672715,2.810048544,1.457243489
1,4,2,14540.5,4.567031887,4.843878101,5.661356652,2.896684506,1.107387409
3,2,0,10751.69,7,5.924756368,6.256507965,2.032374636,1.905665733
1,4,2,12538.05,6.547325727,5.537585366,6.11392798,3.130493465,1.044844626
0,3,1,10127.45,6.290042839,4.861356208,6.852503607,3.477941996,1.435777372
3,0,1,7862.04,5.298021079,3.713253422,7,2.924815157,2.069223696
0,0,1,13522.48,6.373395076,5.804141579,7,4.244536689,1.737383738
0,0,1,10968.37,6.391216375,5.105181142,5.772013806,3.806688403,2.549077736
3,3,0,10793.83,7,5.065913088,5.872286174,2.695784434,2.140643672
1,1,0,11591.32,7,5.888956965,5.493776501,2.893408012,1.631683899
2,3,2,13560.03,5.912844082,4.261938698,5.320922037,3.502935984,1
1,3,2,12319.06,5.754229418,3.386464008,5.885491586,2.473756272,1
0,2,2,7111.24,4.398070789,5.235462515,6.328880454,3.044801158,1
0,0,0,9668.24,7,5.164809117,5.570870939,3.251329546,3.063887585
3,4,2,14802.98,6.142156479,5.323320828,5.446002623,3.190475445,1.85346966
0,1,0,10545.61,7,4.5047571,5.184782937,2.946362573,2.243695427
3,4,1,14382.45,6.397019719,4.699738633,6.998867622,2.007019284,2.76892673
3,2,0,13133.69,7,5.524733502,5.74270977,4.236085726,2.316072354
1,2,1,11660.23,4.934700718,6.805459024,6.146665385,3.058651989,1.559236346
0,1,2,8493.65,5.054768157,6.042814294,5.824814197,4.418871808,1
1,4,0,8043.19,5.956447397,4.556961659,6.706207266,2.052196546,3.85257853
2,1,2,11434.21,6.186112149,4.772349795,6.001977342,2.245761341,1
1,1,2,9325.61,3.345499306,5.055101825,6.185533666,3.162147724,1
0,0,1,12987.54,6.668749507,5.605110516,6.821312202,4.743085054,4.14913669
2,4,2,12604.57,6.514792713,5.661815084,5.757421096,3.428723194,1.752506286
0,0,0,8121.3,7,5.500145535,5.964865483,3.222011437,3.112687791
2,0,2,12027.29,5.773452698,5.309311087,5.872939251,2.910570948,1.422090247
0,0,1,9945.5,5.455929572,5.373573562,7,3.888501481,2.953151725
1,3,1,8232.92,3.992563085,5.2111639,7,2.432137116,2.652579285
0,2,2,9129.67,3.983625323,6.360805984,6.04132227,2.667096302,1
3,2,1,13953.52,6.730660312,6.253564893,7,1.701596898,2.534706882
3,3,2,8595.18,5.538397246,4.308370257,6.703997763,3.195204487,1
1,1,1,7873.99,4.053821834,4.099094297,5.901180096,2.134980108,2.702051718
1,4,2,8518.07,3.570012792,5.914331064,6.184274053,1.904312154,1.422560984
2,4,2,7146.18,4.268270171,4.214117474,5.403869594,2.08689555,1
1,4,0,10446.35,7,5.10256465,5.314831268,2.840563737,3.038958398
3,0,0,6474.36,6.575843552,3.952287296,6.418464218,2.984820503,3.693476055
1,4,2,13174.44,6.400114269,4.334802383,5.644987877,2.299413497,1.945489527
3,4,0,7255.8,6.913561239,4.631363847,5.291407291,1.955408254,2.500862612
1,4,0,10980.55,7,5.350383663,4.985489247,2.066934742,3.379715955
3,2,1,6250.25,5.556763548,5.406820847,6.890364764,1.834679957,2.535095231
2,3,0,14784.53,7,4.19432654,5.603832785,2.778375935,2.36177188
0,1,1,9545.75,5.242252352,5.853884912,7,4.029914178,1.57432115
0,3,0,13221.71,7,4.86170096,5.753009685,3.74873958,2.771185486
3,4,0,12686.48,7,4.605792183,6.339040004,2.780023004,2.500776387
1,1,2,12136.93,6.951085317,4.395613771,6.93255358,2.59480688,1
1,1,0,13273.65,7,5.368206898,5.309009551,2.247967204,2.383471471
0,3,2,6004.64,4.109913044,3.415685659,5.955139905,2.852923994,1
3,3,2,11784.97,6.294470698,3.907736531,5.29955252,2.970066686,1
1,3,2,7658.27,5.132574268,4.297369435,6.650808432,2.089233693,1
0,3,2,12858.72,6.706453045,4.053096874,6.272886214,3.888092113,1
3,0,0,14568.69,7,4.2239491,6.027581931,3.223924366,2.634825591
2,2,2,14014.9,6.518663475,6.242716173,5.948717714,2.908792381,1
1,2,0,6149.52,5.711045254,5.025610675,5.599514749,2.394709433,2.070805458
1,4,0,8695.52,6.044927878,4.551241395,6.06489571,2.944150302,3.04727644
3,0,1,8643.23,5.53616395,5.054459117,6.481371253,2.730169666,2.19636507
0,1,1,6222.96,4.720849542,3.929356344,7,4.137284848,2.423235817
3,3,1,5981.26,5.373063715,4.432300293,7,1.731186004,3.102402513
0,4,2,8848.9,5.554859791,4.909508761,6.185653459,2.84327299,1.27008139
3,1,0,14920.72,7,4.787797339,6.407212078,3.052134479,1.402806557
2,2,0,10689.43,7,5.217585234,5.93985659,2.187692581,2.37733957
1,1,2,11217.82,7,4.550574268,6.163487042,3.021598493,1
0,3,1,9710.19,4.830389854,5.265161441,7,3.818184427,1.578601196
2,3,1,11623.31,6.139060733,4.755796783,5.39020893,2.220332294,2.00373316
3,2,0,14566.62,7,5.475061744,6.172651649,2.508023931,1.880531963
0,3,0,10886.98,7,5.577327953,5.657400788,4.172802842,2.068154513
0,0,0,5650.38,7,4.041638934,5.573866905,3.70300967,2.685033993
2,4,1,9928.91,5.158804817,5.301960603,7,2.535438714,3.37831265
3,2,0,14927.51,7,6.087507006,6.339552581,2.93786067,1.793542137
2,2,1,8874.03,4.455076507,6.526361553,6.015920702,2.61422459,2.002343624
3,1,1,10938.81,6.357906312,4.568212532,7,2.103679669,2.793291297
2,2,1,6066.37,4.590894152,5.953837167,6.341970607,2.730364933,1.349726336
2,4,2,6411.8,4.347321291,4.129001622,4.993063843,2.964494193,1.582002441
2,0,2,13746.81,6.177911572,4.539979752,5.355732945,2.716085619,1.647645278
2,1,0,8003.45,6.961629135,5.584188117,5.816110219,1.866510184,1.787222464
3,4,1,8054.51,4.567744487,4.568192218,5.902360289,2.770624817,3.546160068
1,2,0,8872.13,5.506221701,5.655875948,6.280463883,1.89031246,2.637037578
2,3,1,14664.79,6.141627795,3.930791038,6.234869012,2.703842731,2.073643142
3,3,0,5843.9,6.825543947,4.288270858,6.211563323,2.462867921,2.095385965
1,4,0,13187.64,7,4.301343351,6.194639366,3.365978139,3.074492517
0,0,2,8415.58,4.899245551,5.295171956,6.118311761,3.855053873,1.356211208
0,3,2,13494.68,5.786320781,4.91061629,5.525666888,3.96818608,1
2,4,2,14917.56,6.995028555,5.333003207,5.604408678,3.624062245,1.423687217
0,1,2,8486.67,5.101191751,4.810431652,5.465282412,3.778461508,1
2,2,1,6293.56,4.534373729,5.28875831,5.875504576,2.30889437,2.073687185
2,0,0,6443.75,6.719858317,4.027582259,5.520895684,1.729708034,3.173280743
1,0,0,12587.41,6.484570927,5.939215349,6.267040205,3.510580277,3.230849869
0,1,1,6449.22,4.978598021,3.614028268,6.787713522,3.918058577,1.588670247
2,0,1,7604.22,5.078512409,3.094903922,5.895809927,1.870666353,3.740174977
0,4,0,7043.98,6.331279834,4.199276676,6.797236307,4.00270665,3.660725079
1,0,2,8556.79,4.834975641,5.028090758,6.237552789,2.397463196,1.640384265
0,0,2,5743.67,5.21089852,4.858697276,6.145890111,3.023114084,1.697918647
1,0,2,13567.42,5.865402414,4.589022947,5.568572239,3.4754218,1.133481857
1,4,1,13601.46,5.293208838,4.769264624,6.922565107,3.551616193,3.234317918
1,2,0,9129.33,5.768868108,6.869032963,6.434713189,2.796232098,2.479963935
2,3,1,11120.88,6.242705509,4.540073226,6.130788521,2.795302315,1.410062579
3,0,0,11419.52,7,4.093109588,5.371954464,1.905455662,2.962247548
2,1,2,12492.58,5.924262661,5.330974086,5.522534607,1.978564547,1
0,1,2,10206.9,6.570765856,5.958251603,6.121016032,2.615364959,1
2,4,2,10103.36,6.587204374,5.302456914,6.818473418,2.031714657,1.073688118
2,2,0,11313.04,7,7,5.835523023,2.128679149,2.492429819
3,0,2,12030.48,7,4.615605359,5.499656671,3.027931567,1.550574317
0,4,0,8466.9,7,4.765614801,6.200939493,4.278449405,3.011989451
1,3,1,8303.7,3.802391062,5.285098528,6.634818148,2.468810891,1.906795824
1,2,2,7697.18,3.927830637,4.998575759,5.713146657,2.796992045,1
0,2,1,10488.47,7,5.074805253,6.540096586,3.129656019,1.873026376
2,4,1,8601.56,4.484001148,4.196364552,6.636127325,2.003397437,3.177829446
3,1,0,10403.13,7,4.18199571,6.120612633,2.616341688,1.692222583
3,2,1,9059.85,4.491463774,6.824636307,6.771385887,1.800936992,1.251453701
0,1,0,13367.34,7,4.80283937,6.381430242,4.19165338,1.932255529
0,2,0,5731.3,6.542319619,5.890392893,6.488243256,3.948349745,1.969573159
2,2,1,10722.11,6.7005119,4.912480578,6.401223406,3.261440847,1.709821812
3,2,0,10756.24,7,6.128809752,5.569280842,1.837934269,2.132504077
0,3,0,8837.17,7,5.137027878,5.426846466,3.16539464,2.160538824
2,1,0,9210.21,7,4.895991204,5.053343384,2.687210702,2.906236145
2,3,1,13001.31,7,5.992207559,5.989306862,3.515698901,2.644197747
0,1,0,7806.74,6.756438185,3.58718353,5.519446545,3.454496304,1.247153064
3,3,2,13714.04,7,4.358112772,6.210911643,1.86845273,1.522629313
1,3,1,13963.43,6.12471864,4.203102305,6.952522843,2.87922295,2.077510934
2,3,1,11506.19,6.817658286,4.599710977,6.273192792,1.395246387,2.041592676
1,4,0,12728.58,6.470478362,5.652897384,5.26758807,3.147159625,3.314314311
2,3,1,11129.48,7,5.886673236,6.996951262,2.291980269,2.557827436
3,2,2,10252.59,6.637976104,6.380595976,5.689891267,3.170747611,1
1,0,1,14666.78,4.964797504,5.203822828,5.903970863,3.058779847,3.717315917
0,3,1,7826.55,5.207543329,4.015809623,6.380004532,2.748863419,2.431779123
2,0,1,6541.51,5.013995148,4.312264455,5.203918038,2.665996216,3.892889775
0,0,0,7874.85,7,4.148329663,5.477763731,3.56089832,2.977044017
0,2,2,11146.26,6.252194201,5.990373368,7,3.017138705,1
3,0,2,6851.83,5.280553874,5.09045441,5.849477752,1.400570306,1
0,0,2,14088.14,7,4.045328524,6.037988604,3.443704267,1.005637024
2,0,1,9110.24,4.675872267,4.022357358,6.909515836,2.515379003,2.686476385
0,1,2,13499.63,6.212575377,5.544246477,6.04499322,5.242835477,1
0,3,0,7492.37,7,3.384295609,5.78337595,4.018754526,2.589409487
2,3,1,8131.68,5.920656514,5.222530093,6.917880441,2.611943666,1.793486417
0,0,0,5592.23,6.242958985,3.884268084,5.42735449,4.027297032,3.455675933
3,2,1,7577.68,4.492237233,5.756072843,6.209847622,3.022314223,1.919168283
2,1,0,9903.14,7,5.724679486,5.798446852,2.233205167,2.437333749
3,2,1,14461.37,6.016269439,5.235502973,7,2.343675372,2.460925185
0,2,0,8889.03,7,6.192751384,5.527496292,3.274856576,2.006802037
1,0,2,11397.44,5.599286506,4.548475812,6.371811041,2.703587341,1.641943149
3,4,1,9277.1,4.780659946,5.429732208,7,1.322933713,3.005658515
3,0,1,5467.92,5.966578247,4.485962547,7,1.949438894,2.962820618
0,4,0,10035.33,7,4.998882425,5.742850346,2.882355163,2.93216702
1,1,0,5659.14,5.609681189,4.293011872,5.98465619,1.336402281,2.690914682
2,4,0,13837,7,4.771018386,5.331806772,2.38593983,2.868791075
1,0,1,12530.37,5.840590067,5.872458731,6.755663108,3.024486637,3.49625999
2,0,0,8786.51,6.420592737,5.072808069,5.121873259,2.365581101,3.36837362
0,2,2,11402.19,5.673916423,6.755581237,6.179840847,3.56995439,1.172999832
1,0,0,6120.28,5.6046665,3.330096275,5.487787186,2.566353202,2.652518546
0,0,0,12025.55,7,4.511323633,6.08737873,4.186230401,2.190604002
3,3,0,13227.32,7,4.736561222,6.45904646,2.787053379,1.261758848
1,3,2,13217.46,5.456690321,5.019024753,5.257472163,2.39110403,1
2,2,0,7842.78,6.384786103,5.593041362,4.726633756,1.545294201,2.011573275
3,4,0,7637.46,6.622680912,3.732607478,6.075827636,2.017927746,2.425928911
2,4,1,10213.98,6.745251864,5.090355578,6.32162762,2.290928135,2.499032538
3,3,1,14677.72,5.994787807,4.827634513,6.407322004,2.993761975,1.804179455
2,1,0,14205.23,7,4.953552743,6.382634835,2.306901787,1.906326363
2,3,1,8596.38,4.446147051,4.758464548,5.891496996,2.619487196,1.263044002
0,1,0,12798.3,7,5.264844554,7,5.101506222,1.601039206
3,4,0,14213.18,7,4.837819733,6.152228331,3.86004564,2.520892131
0,3,2,7609.26,5.027970109,3.026294444,6.443966272,4.551324935,1
0,0,0,13302.96,7,5.570975305,5.646699167,4.362100698,3.146951952
0,1,1,7678.96,4.416794424,4.722330951,6.547652613,3.391588629,1.86817786
0,1,1,8432.82,5.018741715,6.464838843,6.49673225,2.727070515,2.081802955
2,1,1,6988.21,4.568497076,3.795690047,6.609917019,1.756223865,1.817947896
0,4,1,10070.8,6.646486441,4.610826295,6.780215081,3.646209274,2.841840142
0,2,0,13433.11,7,6.378416824,5.663380051,3.465908754,1.482218324
0,0,2,10280.52,5.900915019,5.616226954,5.131993712,3.814049132,1.057719545
2,3,2,6234.4,5.517689981,3.788966524,5.515487763,2.55868794,1.127128392
3,1,0,7517.76,6.714948692,3.691777862,6.255683966,1.506498504,1.141231156
2,4,1,10628.62,6.683484762,5.334608743,6.466910202,2.251164531,2.630776202
2,1,2,10831.87,7,5.858843907,5.553807482,1.958134402,1
2,3,2,10769.06,6.71559271,4.385756281,4.897331803,2.05787489,1
3,0,0,5770.03,7,4.125400408,6.248311656,2.791325124,3.34470678
0,1,1,12536.96,6.224029367,5.435590764,7,4.355360462,2.068238304
0,4,2,14094.28,6.799722262,5.247502873,5.068498026,4.414422274,1.989551935
3,4,0,10105.19,7,5.188574919,6.074026069,2.101562144,2.842745434
3,2,2,12188.29,6.863676055,6.392280551,6.451870468,2.740352487,1.0418024
1,4,2,14140.15,5.190777031,5.101390934,5.719051085,2.950778096,2.416900025
0,2,1,11426.23,6.754677965,6.312593949,7,2.217646097,1.920595438
2,0,1,11743.26,6.250146576,4.57122758,5.535675517,2.190456501,3.246753099
2,3,2,12214.04,6.426560414,5.399453924,5.535747671,3.583085052,1
0,2,1,7605.02,4.063664277,4.409824276,6.551121468,3.059925487,1.70474951
3,1,2,10826.78,7,4.249451415,6.754067874,1.897110273,1
1,1,2,13421.75,5.43081483,5.749508825,5.643853451,2.699514676,1
2,3,2,7961.63,5.575015574,3.77691358,5.723111576,2.36029413,1
1,4,0,13971.7,7,5.984490855,7,2.558269152,2.36429156
2,1,1,11203.82,6.520389333,3.863495542,6.324149597,3.303593108,1.700549032
2,2,1,9231.75,5.54023308,6.934672369,5.869206676,2.389142713,2.177038402
0,3,2,11231.83,6.864442215,5.400891391,6.561249898,3.108937961,1
2,1,1,9018.6,5.741206825,5.79524787,6.412545165,2.034188953,2.517616377
1,4,2,13380.36,5.768109463,5.257318162,6.3878862,2.52464328,1.823565577
1,4,1,9823.19,4.077263389,5.570748918,6.81023409,2.591707992,3.128671807
0,1,1,14012.13,6.227027393,4.549132483,7,3.77156669,1.83196507
2,3,2,10098.08,6.316849768,5.183558522,5.837873825,1.521702422,1
1,0,1,11603.68,5.113895669,4.885984142,5.803882604,2.86689996,2.930198673
3,1,2,14977.44,6.432854534,5.377486662,6.258766723,3.253369846,1
0,4,0,6469.66,7,4.422154472,6.266024192,4.364137916,2.970068902
3,0,2,12367.29,6.825348045,4.938505771,6.161855076,3.187901997,1.178051006
1,3,1,6388.72,3.676782679,4.320580561,7,3.03378841,2.00227119
3,4,0,13388.66,7,5.005762788,6.384752526,1.939241335,2.896913513
0,3,0,10964.53,7,5.117384684,5.82083061,2.898655215,1.994041157
3,1,2,14381.6,5.887849893,5.336546862,6.030625374,3.747489507,1
1,3,0,13659.57,7,5.366687593,6.571331141,3.386936252,1.523461106
3,4,2,5748.72,4.759398877,2.882120018,6.022713393,2.881640655,1.403512936
3,1,1,6373.03,5.288344011,4.275023317,6.641571793,1.08407403,2.670449801
3,4,2,11011.71,6.716000115,4.374633856,6.185438952,2.400030917,2.055544172
2,4,0,10183.15,7,5.237830281,5.599664428,1.915138885,3.236372597
1,0,2,6685.65,3.987290858,3.523606822,5.670480489,1.731921495,1.929840967
3,2,2,6293.59,5.989393046,5.777580849,6.188115136,2.26727319,1
1,3,1,10639.91,5.00685202,5.973394413,6.282988345,1.875264993,1.902249262
3,3,2,5489.22,4.943540114,4.301019665,5.663285684,1.305703446,1
0,0,1,13737.35,6.417971396,4.877362666,6.670712396,4.024687995,2.23781089
0,3,0,13070.83,7,5.702803012,6.697712753,3.607222441,2.201904263
0,0,0,12853.7,7,4.761396989,5.535677922,5.48278111,2.775630317
3,3,2,5159.97,4.539003049,4.069088632,6.381567921,2.229332537,1
1,3,2,5476.41,4.500938192,3.522701912,6.088895636,1.980489889,1
0,4,0,10498.39,7,4.955305319,5.469038417,3.444233338,2.295257757
2,0,0,14944.26,7,4.66075809,5.755472046,3.968538368,2.812537169
0,3,0,8423.16,6.679543026,5.045502198,6.745648819,3.758165533,1.929475777
0,2,2,8443.75,3.966802872,6.173837026,6.388274273,3.978761064,1.15542089
2,0,0,6342.78,6.662753147,3.798476213,5.439895923,2.654813571,2.768433647
0,0,2,11743.36,6.762415872,4.807815663,5.647079345,4.054864238,1.556180436
3,0,0,11466.77,7,4.896853352,6.402063487,1.768664955,2.448284453
3,4,0,6013.22,7,3.964879975,5.876725273,1.840232908,3.302235291
0,0,2,9674.12,5.932699601,5.303810274,5.775433593,4.19339682,1.57969671
1,4,1,11670.75,5.283505622,5.637841123,6.709795072,1.578658556,2.741191543
1,2,2,9935.16,4.266041196,5.841170922,5.063835337,3.034912809,1.996952534
0,1,1,11743.64,6.262264839,4.6850873,6.12645412,3.089404295,1.236082636
2,4,2,13162.7,5.847513085,5.001123054,4.710484555,2.265786699,1.503510255
3,3,1,11858.15,6.191265664,5.178336721,6.628997204,2.207220798,2.390053158
3,0,1,11161.14,6.225654795,5.354850518,6.590076142,1.889629068,2.362990608
3,1,1,13535.9,5.671663018,4.379788741,5.913254073,2.502745192,2.41050293
0,4,2,14005.89,6.495842894,4.806062081,5.654355128,4.159373849,1.415104305
3,3,2,8888.86,4.442472143,5.23177916,5.837183464,2.448407113,1
0,1,2,6732.5,4.290797839,4.65042477,5.994272352,3.316151276,1
0,2,1,13178.6,5.921335865,5.412856485,7,4.773283418,2.143207802
1,4,1,7137.53,4.402891915,3.366915318,6.620362943,1.970978038,3.413798393
2,4,2,14289.51,6.747033668,5.51557809,5.191063112,2.434260618,2.064539337
2,2,2,5228.78,5.013055176,5.732440491,5.467527546,3.401926049,1.088998247
2,4,0,14212.71,7,5.010264451,5.511993763,2.431970306,2.65902754
3,0,0,10891.83,7,5.116256678,5.592430859,2.224964063,2.716915094
1,4,0,12747.42,7,5.734053134,6.547718141,2.344750492,2.874080718
1,0,0,8984.93,5.848565903,4.676700186,7,2.036616097,2.671281561
0,4,0,14917.16,7,5.484518017,5.778350862,4.580302254,2.780282448
1,3,2,7275.51,3.913591811,3.597308575,4.783473426,1.58756334,1
0,3,1,7643.44,5.209501887,4.076719152,7,2.898331578,2.893395243
1,1,1,5514.32,4.847176947,4.017718325,6.456874811,1.982748463,2.099067804
0,3,2,14404.73,7,4.95253988,5.208983711,5.147683827,1
3,2,2,9560.29,5.726898026,6.512888257,5.925785562,2.782969777,1
1,1,2,11748.52,5.354521568,4.734632323,5.899659434,2.573875295,1
2,3,0,11874.41,7,4.732230115,5.318554401,2.593075795,1.299841351
0,0,0,13745.02,7,4.436645521,6.124173842,4.757219833,2.286559808
1,4,0,11649.25,7,4.907259377,5.511276167,1.687518622,2.546233042
1,3,2,10620.21,5.09475013,4.897202284,5.78668781,2.511808106,1
0,0,2,12103.19,5.735497182,4.874674713,5.525037678,3.657416839,1
1,1,1,12509.71,4.678655259,4.740437,6.996453917,3.194673511,1.473660358
2,4,2,6859.28,4.423089557,4.119622427,5.284128671,2.744855091,1
0,3,0,6096.67,6.071144524,4.306242105,5.054980368,2.777100049,1.665385805
0,1,1,5748.49,4.857503279,4.300738664,6.292890911,4.158855863,1.241950709
0,3,2,8740.53,4.81403053,5.41507748,6.441546825,2.022487026,1.853972071
0,1,1,9980,4.838885914,5.139222669,6.63318056,4.567576944,2.64467187
0,3,1,11156.5,7,5.236616537,7,2.977690603,1.867701817
2,0,2,14580.35,6.95647731,5.159122819,5.552852169,2.6121656,1.98273571
0,2,0,8307.88,7,6.721104403,6.146018989,3.505052276,2.562066193
2,0,0,12608.74,7,4.553646842,5.658173853,3.329025713,2.563448419
2,4,1,10313.58,6.951720139,5.358828145,6.091847363,1.621605486,3.193120422
2,3,2,7200.9,5.982306125,4.127699554,5.820691589,1.717332418,1
0,2,2,11153.05,6.444269496,5.756792564,6.219892757,3.700696698,1
2,2,0,14671.76,7,7,5.189695579,2.434322061,1.422311725
0,4,2,6243.08,5.124576229,2.727741409,5.744838269,3.015665249,1.371374216
2,4,2,10072.8,6.47345035,5.172370644,5.807759512,2.87089855,1.223174358
0,2,1,5516.08,4.666838109,5.626316113,5.970515521,3.878681766,2.071511454
1,4,2,8212.16,4.224519743,5.18248369,6.068214985,2.38858188,1
1,4,2,11206.03,5.174370908,5.888652851,6.336428844,2.830301501,1.227314091
2,3,2,13410.57,6.539679734,5.263347051,6.102853736,2.923681479,1
3,0,0,12303.28,7,5.467454792,5.89918448,3.64086177,2.188770965
3,1,0,9628.57,6.435255929,5.240330252,6.227145027,2.182526334,1.778858052
1,2,1,14092.23,5.28552447,5.750475663,6.777529962,2.221976016,2.566006512
2,1,0,8027.15,7,5.646883962,5.58052192,2.281412883,2.06272226
2,2,0,12539.83,7,5.578274599,5.007746156,2.786848741,1.558325698
2,2,0,9740.09,7,5.847315198,5.696812555,2.592180416,2.618719276
3,0,0,13986.36,7,4.913268855,6.852985489,2.377994208,2.429961719
1,2,1,12974.33,5.609960557,6.242938927,7,3.080275969,2.184517355
2,2,2,14014.7,6.998083177,6.2703868,5.839796994,2.622179548,1
1,0,2,7142.48,4.440517377,4.060511238,6.084647112,1.953246087,1.195654893
1,4,2,11681.5,5.643352356,4.849450239,5.569026907,1.874838818,1.081334241
0,1,1,12384.63,6.330528191,4.861742318,7,4.662087175,2.148459903
3,2,0,12424.14,7,6.142228581,6.237742134,3.164406827,2.236272759
1,0,1,10040,5.125789015,4.847781212,6.394234039,2.503828801,2.90166371
0,2,1,5112.51,4.058915585,5.456776098,6.908368227,4.352113747,2.463506722
3,0,1,7614.31,5.556418372,3.435579543,7,2.202551804,2.554041407
2,1,2,8233.01,3.827291533,5.656685126,5.357713377,2.238890485,1
2,3,0,13520.37,7,4.88708207,5.49228364,3.484324503,1.860442734
0,4,2,13408.86,6.084387973,3.905813854,6.668142032,4.319364164,1.673028869
2,3,1,6046.8,4.756913406,4.339871897,6.008101817,2.381335303,2.053901979
0,0,1,14498.36,7,5.323503325,6.486729443,4.500637591,2.716439503
0,2,2,6824.57,4.593885752,5.475489827,6.096995664,2.902035021,1
2,4,2,9143.59,5.372704879,5.194557477,5.715522819,3.222669939,1.897999482
3,1,2,7151.57,4.94160683,3.798026503,5.659934993,2.070108594,1
0,4,0,13603.32,7,5.328880602,6.767388799,4.227616249,2.548689121
3,2,2,12494.02,4.797756757,7,5.330738739,2.263945147,1
3,3,0,8535.29,6.978837045,5.005181557,5.572529219,2.507856662,1.739117027
0,0,0,11818.79,7,4.860643213,5.66154282,2.872855201,2.30549566
3,3,2,6843.67,4.447424384,4.228038849,6.199559341,2.165621813,1
0,4,1,8822.97,5.583769437,5.257104076,7,3.21134427,2.31752217
2,2,1,8771.08,5.498452166,6.189716971,5.898580883,2.544399321,1.647491812
2,0,0,7379.37,7,4.242975835,5.387018271,1.456667216,2.43841811
2,2,0,13763.12,7,7,6.796627573,3.200191117,1.454954652
2,2,0,11788.46,7,6.067915947,5.158838611,2.467372013,2.948464522
2,4,1,7799.39,4.94734545,4.008500791,5.533925984,2.353876252,3.232740526
3,3,0,7421.21,6.956177795,3.993252094,6.112568771,1.775411391,1
3,2,0,5179.53,6.948355908,5.087190814,6.285000971,3.498551799,2.648011884
3,2,1,8465.82,3.97150193,7,7,2.167660585,2.738194355
1,2,2,10267.71,4.223437598,5.927734713,6.098540808,2.333661285,1.257038897
1,0,1,7777.11,4.590245184,4.341061818,6.661518073,2.780666218,2.600967721
0,2,2,12004.58,6.886160191,5.835511201,6.147096962,3.472090857,1.017759402
1,2,2,9117.5,3.777713007,5.51547933,5.518171986,2.146770837,1
2,4,0,8163.18,7,4.861132306,5.967485179,2.158548069,3.258539515
2,2,0,14390.58,7,6.070311747,4.979684335,3.033926121,2.367697996
2,2,2,7628.01,4.656243814,5.193764797,5.224211278,3.268108642,1
0,4,0,8982.58,7,4.757123415,6.441961751,3.499660702,2.867546157
0,0,2,8822.91,4.963355921,4.447011411,6.7479193,3.959803691,1.404459936
0,3,0,7411.98,6.948448668,3.559202915,5.261991055,3.059524994,2.571814368
0,4,1,7174.77,4.806650956,4.541194529,6.784999239,3.065793265,2.532997367
3,0,2,8023.8,5.123299791,4.190253824,5.616482182,2.073194964,1.810274317
0,3,2,13642.36,6.641471443,5.093699307,6.231690152,4.717058365,1
0,2,0,12670.83,7,6.293946011,5.579803368,3.165465148,2.094466705
1,4,1,11810,5.75836451,5.173432483,7,2.857340241,2.415464921
3,2,0,9571.03,6.805998089,5.556453585,6.224671155,2.914406558,1.727762273
2,4,1,10077.54,6.861153098,4.615322919,6.622742742,1.183073318,3.661319946
1,3,0,7671.39,5.454863168,4.084471587,6.702402276,1.715987904,2.879773636
0,0,2,5743.16,6.051543864,4.344491773,6.008405072,3.407597768,1.687120249
2,4,1,8310.41,5.37309532,3.993463905,6.157584052,2.007644298,2.535284448
2,0,1,9955.84,4.645144187,4.352942263,7,2.006344901,2.827580059
2,2,0,5573.13,6.843747626,4.92562194,5.708486281,2.14389129,2.302686697
1,2,1,5882.33,4.785025449,4.649913545,6.961408419,2.446622023,1.412304718
3,3,0,7630.25,7,3.868851349,6.789648288,2.799500665,1.999747895
3,3,1,8670.8,4.891801414,5.866294472,6.510345929,2.432228889,1.967437322
2,1,0,8933.17,7,5.635854546,5.771198192,2.036097468,1.921751652
0,1,0,6178.86,6.384891393,4.124444262,5.596707161,4.619416447,1.726172699
3,3,0,7258.21,7,4.764241898,6.414418443,2.046681079,1.710954532
3,2,2,7616.47,6.472058004,6.186972951,6.151735728,2.130813909,1
0,0,1,5676.35,4.690106376,4.355154165,7,3.440600496,3.499238268
1,3,2,8261,4.449243719,4.853759832,6.499536176,2.815069928,1
1,0,2,5722.22,3.793695713,4.358555047,6.594522027,2.777878243,1.93890822
0,1,2,12034.58,6.398488761,5.536273256,6.645032518,3.971542283,1
1,0,2,8860.48,4.817792999,4.768734605,5.628706701,2.406145661,1.265012467
2,3,1,8267.52,4.036884024,5.445909089,6.733393888,1.784316099,1.987269445
3,2,1,6265.22,4.491392413,4.770617084,6.499047153,2.564287754,3.005593842
1,3,2,7265.04,3.793373653,4.419479436,6.398814948,1.235115869,1
2,4,1,7327.05,6.023140828,3.746895641,6.526538613,2.468398226,1.83596835
2,4,1,14852.04,6.158976514,5.363330751,5.831101688,2.810951573,2.297955242
2,4,0,13353.49,7,4.736630405,4.570418481,3.585779505,2.205704385
2,2,1,5152.62,4.913786719,4.827561378,6.838426599,1.683808998,1.608968359
2,3,2,11168.37,5.831434025,3.795950609,5.754544666,2.316150701,1
0,4,1,7559.1,5.405243124,4.054050632,6.577993202,3.629818083,2.646755913
3,3,2,6043.77,5.556175539,3.818961329,5.940382291,2.618285539,1.668057072
3,1,1,12056,5.988908459,4.390821422,6.677498497,2.62588533,2.349981533
0,4,2,6316.06,5.098720988,3.440273891,6.37473027,4.423834551,1.000485138
0,4,1,9437.41,5.162632602,3.90266416,6.615946167,3.65483153,2.829320911
2,2,1,11321.65,6.55629363,5.810975684,6.93000887,2.094671649,1.385269608
1,3,1,10544.95,5.480598581,5.461452605,7,2.041133896,2.88658005
3,2,2,14776.29,6.462631267,5.34382658,6.297191185,2.931336186,1
1,2,0,12857.43,7,6.069487893,5.85491223,2.373237726,1.735278778
3,3,2,12741.93,6.622488451,4.706057008,5.165312529,3.325745575,1
2,1,1,8555.95,5.350003155,4.537228826,6.289679393,2.419822787,2.297296421
1,3,2,5083.95,4.308463755,3.29359491,6.861071613,1.695762752,1
3,1,1,12344.11,5.033132754,5.349265561,7,2.683769296,1.116006781
3,2,1,14997.32,6.937269005,5.551061007,7,2.537757842,1.780461469
2,1,0,9058.79,7,5.16332255,5.553376983,3.035088361,2.857163417
1,1,1,14855.18,6.396161126,4.911966094,6.853040248,3.689140407,1.674143314
2,1,1,6417.08,4.785122294,4.0104248,6.290354721,2.156798012,1.532510025
1,4,1,7965.12,4.427130567,3.806306563,6.878177762,2.29648729,3.237701386
1,4,0,6707.27,6.228122936,3.87235703,5.792518705,2.244627771,2.345100294
3,2,2,9751.76,4.597863842,6.465251219,6.149684481,1.816982518,1
0,3,0,12969.81,7,5.067625725,5.831927819,5.247525304,2.293576883
1,1,2,8406.62,3.52342259,4.516541625,6.318866222,2.739662692,1.429276206
1,4,1,14062.29,6.07817956,5.238572169,7,3.037288076,2.915033194
2,3,2,10448.3,5.893669876,5.75418485,5.566195489,2.250691535,1
1,1,2,9654.24,4.612688162,5.493263435,5.548882031,2.55524138,1
1,3,2,12870.36,4.876861787,5.320619489,6.220496344,3.311589243,1.493355208
1,0,2,6014.43,5.480829974,4.618115013,6.130246608,2.6191208,1.617013747
1,1,1,12737.52,6.675874985,5.068701915,6.592869073,3.274367916,3.043860241
1,3,0,7429.52,5.515677557,3.664051877,5.636374722,1.701461158,1.524414838
0,1,2,7808.13,5.470187463,4.109906379,5.353071919,3.842839139,1
3,1,1,10994.54,6.975820031,4.697998511,6.186454623,2.639940562,2.412548913
1,0,1,14019.34,4.947778699,5.119049963,6.491868592,3.48557719,3.231087221
2,3,1,10784.07,7,4.57938548,5.95513633,2.114704343,1.734974653
2,2,1,11489.49,6.684226,5.661459902,7,3.171913922,2.554721364
1,4,2,12765.95,5.750041854,4.938418525,6.094454285,2.621854283,1.478715672
1,1,0,7593.25,6.167672929,3.587325947,6.810704175,2.257886785,1.485637884
1,1,1,13272.34,5.39734553,4.698741698,6.379855319,3.78566219,2.004977175
0,1,0,9179.6,7,5.205726413,6.238313352,3.493152815,1.784002085
3,1,0,6756.56,7,4.327123263,5.909570326,2.797193451,2.755064663
2,4,0,8501.18,7,5.775705885,5.261409061,1.850184321,2.728513717
0,2,1,7461.31,5.020622843,5.977687544,6.609534683,3.692118607,2.550484531
0,0,1,7287.14,5.233722215,3.753217598,6.160693838,4.109432725,2.37375469
1,2,1,7825.63,3.810668729,5.216971091,7,2.798853785,2.07417153
3,4,0,6809.31,7,4.716347767,5.76166316,2.103400378,3.27459719
1,3,1,11677.02,6.348498733,4.652581792,5.878939092,2.624798625,2.682167594
2,0,1,10799.92,6.564740389,6.317012617,5.881423727,1.928905109,2.522115899
3,0,0,11484.42,7,5.055005633,5.615110734,2.861666893,3.033903131
1,3,1,8437.25,3.482590922,5.306865923,6.589820187,2.350788484,2.443657855
2,1,2,12697.33,6.999554373,5.458282611,5.524848797,2.512600275,1
0,4,2,6296.09,5.011597058,4.773091181,5.736963663,3.600878135,1
2,3,2,10711.37,6.67026624,4.977287043,5.435387085,2.723314214,1
2,2,2,7754.53,5.700439629,4.820193947,6.183026799,1.501918689,1
2,2,0,10276.1,7,6.020125415,5.638891263,2.118202833,2.223879623
3,3,1,8236.37,5.125180884,6.108465678,6.110709225,2.40046326,1.789597
0,4,2,12905.12,6.562281062,4.932072551,5.825741267,3.938471881,1.757189054
3,0,2,13912.72,6.313434069,4.989137502,6.092875684,2.637739159,1.704638928
0,0,1,12425.81,6.020678913,5.246669643,7,4.133490473,2.352572747
1,1,0,6755.84,6.003369273,3.483824625,5.944004043,2.69444853,1.992276454
1,4,2,7748.67,4.627017725,4.147541756,6.386652937,2.658355801,2.103556979
2,2,1,14193.58,5.847443007,5.938504363,6.313949157,3.400340678,2.084183633
2,2,1,9372.2,4.996792849,6.715191107,6.131138201,2.107877362,2.260406806
3,1,2,14411.8,7,4.990145356,5.676926587,2.716534596,1
0,2,2,8924.52,5.663023087,6.016974647,6.152290731,3.454022267,1
0,1,1,14517.75,6.336145585,3.762769171,6.887550378,4.444772531,1.577199737
0,1,1,14257.39,6.228952583,4.329740257,5.691834131,3.446911824,2.326002153
2,3,2,11605.27,6.342864452,5.104685057,6.52047353,2.799394736,1
2,0,2,5088.27,4.757633811,4.779695904,6.117626869,2.746564571,1.397539833
0,4,2,9003.35,4.537732585,5.758658066,6.43525758,3.39821491,1.261613783
2,4,2,14112.35,5.889212316,5.380179277,5.585241585,3.198878696,1.865149178
0,0,0,13851.1,7,4.562509472,6.011189067,4.406399939,3.14412409
3,4,1,6873.88,4.20486334,3.496983918,7,2.621045681,3.704843788
1,2,2,8991.82,3.224973807,6.648807758,6.188166641,1.774545634,1
0,2,1,13355.1,6.970455442,5.70823465,6.142921225,4.426765517,1.995168461
2,4,2,10778.78,6.787316143,5.215290916,7,2.661751085,1.72978745
3,3,0,13472.99,7,5.781179417,5.747338609,2.544803644,1.894254211
2,4,1,13265.67,6.720053471,4.769086714,5.861784258,2.551113773,3.002857326
2,1,0,14074.82,7,5.321181591,4.722183573,2.584710466,2.465605834
2,1,1,6172.21,4.78789352,4.101322659,7,1.172698092,1.935377392
0,0,0,6452.15,7,3.509128983,5.932564896,2.899875334,3.188896626
3,2,2,5828.09,4.664456401,4.984649713,6.448365281,2.578052594,1
0,3,2,14352.69,7,5.036839905,7,4.296835286,1.158818638
1,4,0,9751.62,5.98559959,5.420174974,5.786545656,2.969717083,3.475511189
0,1,2,5643.25,4.893179877,4.07811395,5.527906657,3.965024288,1
1,2,0,8215.3,5.383686151,7,6.198780652,2.183857414,2.599353212
3,2,0,8514.13,6.738979676,6.853482107,5.411871626,2.189037425,1.956288843
3,3,1,13095.6,6.22797778,4.631634056,6.556574608,2.733834606,1.765461332
0,3,0,12354.77,7,5.216680345,5.955967606,4.582498597,1.952329979
0,3,1,11893.87,6.102949007,4.19715011,7,2.387150763,1.245683761
2,3,0,5218.64,7,3.991366627,6.229588174,1.977921141,2.38471282
1,1,1,14106.96,5.411778184,5.274608215,6.884970937,3.252013624,2.107486371
2,3,1,7155.55,5.14674982,3.455725423,6.337831678,2.60132538,1.974173801
2,2,2,11290.61,6.449141289,5.258527073,6.267045811,1.616180838,1
3,2,1,5618.19,4.605827937,5.348375901,6.970980757,2.629670482,2.351902561
0,4,1,5815.26,5.861731941,3.847289574,6.384372789,3.382589853,2.347382902
3,2,0,5095.77,6.827375867,4.42446798,5.582139422,1.456265469,2.604257764
0,2,1,10659.28,6.555546597,7,7,4.104601274,1.930159861
3,1,2,11293.8,6.745015788,4.551794964,5.733815822,2.307005104,1
3,2,0,5504.62,6.746752259,5.596475352,5.754906857,1.931875642,1.807774121
3,0,1,7904.85,5.374020403,4.18048691,6.687356463,2.308814841,3.328514368
1,2,0,13514.54,7,5.962612146,5.958776647,3.622418825,2.26143701
3,4,0,6013.08,6.298542239,3.5534127,5.568948408,2.092157835,3.084917221
1,4,0,7165.47,6.942611963,3.958513547,6.329758464,2.866906695,3.643408731
3,3,0,9243.91,7,4.62652708,5.274654723,1.985688592,2.084242286
0,1,0,13422.74,7,4.187444869,5.392317611,5.70329009,1.890351837
1,4,1,7548.49,4.90006652,3.882633774,7,2.22840622,2.90365639
0,0,0,14971.37,7,4.798779584,5.402924596,3.79739895,2.494700215
0,0,0,8552.62,7,4.051997056,6.152605902,4.133149132,2.645977373
0,3,2,8864.49,4.672683977,5.983662561,6.7359895,3.713787973,1
1,1,2,6221.06,4.291931372,3.495743124,5.338522529,2.526089316,1
2,1,0,11801.98,7,5.293381691,6.230086735,2.629814794,1.750597272
1,2,1,7434.65,2.929817585,5.273176123,6.471552052,1.84937365,1.026620082
2,0,2,11288.68,7,4.451402484,4.589203694,3.14732088,1.415531171
1,0,2,7231.58,3.937978737,4.154698999,6.217844233,2.406614012,1
3,0,0,8878.72,6.207866657,4.635513091,5.74494839,2.119984992,3.014281708
2,0,1,13566.72,6.36021616,4.659651975,6.497355988,3.356913563,2.495606468
3,4,1,12389.06,5.816029443,5.090095614,6.589673716,3.418042249,2.407393231
2,1,2,6545.91,4.397104369,3.683333065,5.759891573,2.124187775,1
1,2,2,11077.08,5.252392906,6.707750134,6.241526217,1.53869854,1
1,4,2,11286.41,5.795201179,5.542388511,5.735640499,1.830497057,1.358660765
2,1,2,5905.68,5.081522737,4.592674774,5.818262232,2.374543647,1
3,3,2,9658.06,5.007628502,4.80284101,6.33946858,1.573906621,1
0,0,0,7606.68,7,3.43214871,6.972333561,2.961355662,2.647653892
2,2,0,9671.3,7,6.926016615,5.678739795,2.465567718,2.893935358
2,1,0,12770.71,7,4.137582754,4.537822035,2.574370343,1.641954465
3,3,2,6582.6,5.190285757,4.503875716,6.454305219,2.739689154,1
0,0,0,6233.04,7,3.633104867,6.300447344,3.521333998,3.342469241
2,3,2,7693.16,6.188127902,3.983582375,4.948328939,1.484397236,1
0,3,1,14522.75,7,5.242249429,6.915152085,4.39072435,2.359684619
0,4,1,12478.24,5.721477234,5.493129069,6.994696963,3.479633298,3.067719337
1,3,0,5194.56,5.348790901,4.255089872,6.059962861,1.795406539,2.206752429
3,4,1,9010.05,5.404515595,4.713251208,7,2.160737003,3.33715178
2,4,1,7573.98,4.952027747,4.586576059,5.843196896,1.85767569,2.506001045
2,3,1,11381.45,6.563329516,4.923859443,6.443280035,1.717936566,1.641254817
0,1,0,9592.92,7,5.185794275,6.311794852,3.372349483,2.147418906
2,3,1,14644.99,6.262561048,4.074865152,6.81771874,3.091089369,1.633980034
0,3,0,7189.78,7,3.766922399,6.749234922,3.835779485,1.426080779
2,1,2,10878.56,5.858319739,5.12527004,5.567181753,2.558985255,1
3,0,2,12002.1,6.176330005,5.254823835,6.297048969,3.628737243,1.767227221
2,2,0,13255.64,7,6.328225867,5.357098038,2.527496585,1.105558577
0,0,0,9069.71,7,4.7205472,5.936905272,3.609904575,2.955842465
0,3,1,11869.22,5.239214114,4.917130858,7,3.394082197,2.817557894
2,0,2,8032.01,5.015708106,4.824429784,5.572209144,2.318785075,1.40766676
2,2,1,9354.76,4.708965569,5.518063307,6.58062572,2.34742228,2.832217778
0,0,2,13956.27,6.483323459,4.243074989,6.161205928,4.237960512,1.18456992
1,2,1,14499.08,5.809212206,6.448811059,6.201543519,2.766077383,2.547212433
1,0,1,12188.17,5.010133036,4.913819642,6.913589115,2.423054583,2.850791956
2,4,2,8743.52,4.93437738,4.838260002,4.734721707,2.29984411,1.090716296
3,3,1,13200.58,7,5.207836715,6.411481757,2.802263091,2.062563214
2,2,2,5258.67,4.801462659,4.442417267,5.646180761,2.563084291,1
3,3,0,6027.46,7,3.585819212,6.392378166,1.729108508,2.178579387
2,4,1,11613.74,6.145650318,5.209154862,5.546073033,2.571364836,2.506660222
0,0,2,7912.49,5.241421616,4.186370735,6.192706461,3.523800672,1
2,3,2,14513.86,7,4.935027913,5.433776549,3.692419488,1
3,0,1,9360.61,4.976258418,5.084879532,6.68412528,2.436626942,2.609346727
3,0,2,9293.65,4.965903349,5.065633996,6.683508441,3.128099553,1.484749792
2,3,1,11780.8,7,4.637458914,7,2.177640882,1.983583896
2,2,1,12675.69,6.766021849,6.62626606,6.214278755,1.995900095,2.327931412
1,2,0,9755.59,5.54495298,6.587103045,6.376155684,2.396289751,2.452153466
2,3,0,7140.01,6.754844266,4.687381568,5.581466832,2.207338322,2.570635721
2,2,0,12733.09,7,5.147617571,4.876168031,3.717539327,2.124980117
0,1,1,8203.51,5.085070994,5.455371177,6.947779363,3.362406061,1.780690106
3,0,1,6751.11,4.412287137,3.466525323,6.887355366,2.222149334,3.144034961
1,3,2,11316.4,5.45711469,4.468007339,6.12280428,2.392803081,1
0,4,0,5904.54,7,4.982846148,5.404076115,3.021402439,2.049059328
2,3,0,14713.53,7,4.032009798,5.612085383,2.971908846,1.713069731
3,3,2,11323.97,6.735945749,5.148297272,6.802548614,2.606524885,1
2,0,0,14858.96,7,5.464818592,5.968838018,3.661818639,1.756126271
2,4,0,8388.93,7,5.329270533,6.10078131,2.600948923,2.930282878
2,0,0,14712.05,7,4.941460595,5.694411861,3.391420015,2.106880502
2,2,2,6455.62,5.147724966,4.463606965,5.632939453,1.726300942,1
3,3,0,5406.95,7,3.30892403,5.681658758,2.289814271,1
0,0,1,5329.84,5.392699741,3.64963858,6.289915292,3.962195023,2.232064178
2,1,0,9648.7,7,5.011776839,5.52864484,2.271803972,2.064304518
2,3,1,5830.04,3.86144849,3.562881181,5.843371112,2.85375709,2.079311017
1,2,0,10121.68,7,7,4.987765252,3.007242221,2.00589721
1,0,1,8275.01,3.622414579,4.732863766,6.550919559,3.050038821,3.019595635
3,0,0,8356.29,7,4.628918576,6.055585905,2.75464695,3.463082478
2,1,1,11356.09,5.830123205,5.404286007,6.227068723,2.482686885,1.735997511
2,2,1,6630.98,5.762906373,5.330089538,6.005998014,2.055537795,2.429704908
2,1,0,12665.53,7,5.040285234,5.306591489,3.477563262,1.736916376
3,3,2,10820.31,6.21176755,6.263041476,6.18935098,2.258890181,1
3,4,0,14149.45,7,5.623931999,6.414289419,2.675534854,2.734977928
2,0,2,8648.41,4.342281449,5.131593917,3.516144278,1.529463815,1.446150147
2,1,2,14827.15,5.187712251,6.142093476,5.056667594,3.24189633,1.133891964
3,0,2,10758.28,6.634280306,4.997441622,5.716113651,1.640963865,1.162192926
2,0,2,14734.02,6.551515649,4.987027792,5.022537247,3.531721145,1
0,1,2,5270.61,5.297454979,4.425352442,6.119009822,4.331944018,1
0,0,2,12279.76,7,3.666580117,6.468969686,4.492838773,1.667427541
3,2,0,13166.22,7,5.959441686,6.379438772,3.890691572,1.061087696
0,2,1,5531.73,5.594971465,5.135591988,6.470215231,2.894720677,2.189915572
1,4,1,10789.7,6.291275942,4.805535934,7,2.294753825,2.078262499
2,2,0,13019.42,7,5.867655713,4.993261843,2.784834279,1.840824431
1,1,0,10610.39,7,5.011789156,5.29757844,2.903289308,2.192554713
1,2,0,5638.14,6.140457588,5.636762737,5.989197551,2.031798254,2.173286534
1,4,2,11934.47,5.811464313,5.190713456,6.405509733,2.350226155,1
0,3,2,5605.97,4.685412595,4.686303652,6.016366126,2.936248621,1
2,3,1,13174.69,5.830522771,5.411926853,6.454881176,3.922366616,2.288072139
2,1,0,5430.34,7,4.994922505,5.015604033,1.549888469,2.276444949
3,4,1,6373.97,4.877968895,4.148769469,7,2.680779366,3.658260911
1,2,1,7751.08,3.545960056,5.648686351,6.413749302,3.134467128,2.224061126
0,4,2,11333.65,6.753438289,4.708997452,5.734312597,3.70264262,2.274132115
1,0,2,14763.59,6.291192014,5.179240052,5.789348912,3.286454571,2.027231842
1,4,1,6178.23,4.1058996,3.806359506,7,2.180159194,2.722445173
2,2,2,6427.08,4.971929105,5.533301548,5.388733559,2.281393072,1
3,1,2,8688.7,4.809092983,5.774777199,6.921455482,2.148596381,1
0,0,2,13362.19,6.268004138,5.222910789,5.956999535,3.560597401,1.32209268
2,4,1,9672.31,5.203529771,5.492319154,7,2.075955431,2.588285035
1,3,1,8216.11,3.87472987,4.527222033,6.449876572,1.952857525,2.163450869
2,2,1,10612.04,6.083573373,6.612348894,6.874564326,1.737078665,1.347521609
1,1,0,7605.23,5.732020715,3.799336394,6.633031271,2.274832182,2.209854683
0,2,1,9011.6,5.208934078,5.759706258,6.674651406,3.493600665,2.188793461
2,4,2,8326.05,4.282872135,4.702706874,5.505754855,2.080190466,1
2,1,1,13041.41,6.138759893,4.303765696,6.990472496,2.840180225,1.967245839
2,3,0,14242.56,7,5.115355504,5.847533914,2.541896113,1.553133788
2,0,2,12595.72,6.252202962,4.299956008,5.690112815,3.379499567,1
2,4,1,9390.84,5.44049152,5.44086297,4.879578732,1.748137183,2.596716637
0,1,1,10043.35,6.784195008,5.218992711,6.33753849,4.31229249,1.649964874
3,0,2,6250.74,4.582376469,3.419570799,5.910713832,2.752083957,1
0,1,1,12468.65,6.604210764,5.101679918,6.784271518,4.36105434,2.453046312
2,4,0,10964.76,7,5.523387131,4.949968706,2.078892857,2.350580099
1,1,2,14024.4,5.773948116,5.610916603,5.845168614,3.140771504,1
1,3,1,7006.11,4.010775606,3.163420114,6.830315688,1.338315234,2.847239392
2,1,2,12597.26,6.474677417,4.955083017,6.454168409,3.033030672,1
3,4,1,11846.72,6.284596037,5.972587212,6.35237407,2.079725346,3.673353975
2,1,1,7658.46,4.614495273,3.952290274,6.975227011,2.013119361,1.60072333
0,0,2,11673.79,5.57849516,4.448537785,5.558294596,3.318436096,1.57864279
3,0,1,14243.73,6.477685389,4.38422607,7,2.448986659,3.801827406
3,2,1,14184.36,6.575637157,6.722683644,7,3.752874441,1.97831695
0,2,2,12196.27,6.366715494,6.352357376,5.86235515,4.426786224,1.274902947
3,3,1,5480.73,4.154750526,3.961988898,7,2.104850428,2.50686395
2,0,1,13722.64,6.93531203,4.281080961,6.448404224,3.109838565,4.491189252
2,2,2,11577.79,5.187002746,5.38972286,5.385641996,2.121187053,1
1,1,0,8104.34,5.590139119,5.342136987,5.579895513,2.029453358,2.498504301
0,3,0,6872.5,7,3.761212159,5.267189348,3.939639905,1.530077369
3,4,0,6162.04,7,4.209690905,5.903365058,2.519241137,1.923986466
3,2,0,5502.37,7,5.095406661,6.083479762,2.011774599,1.914618256
3,2,0,12541.03,7,6.064989065,5.791180011,3.341594163,2.155207968
2,0,0,7358.43,7,2.991905593,5.269747177,1.587590009,3.515687762
0,3,2,5242.53,4.353890603,4.164888929,5.346555469,3.250318679,1
2,0,2,8972.71,4.996559602,6.014023925,4.787270458,1.73118649,1.698490465
3,0,2,9826.07,4.923583625,4.36368971,5.764478216,1.543183904,1.154917175
2,3,1,6692.3,4.514085847,4.155463791,6.621566962,1,2.053530295
3,1,0,5440.48,5.848406776,4.0031539,6.795761775,2.125819588,2.127954714
3,2,0,6891.25,7,5.5867238,6.417218728,2.517582486,1.623144373
2,0,2,11791.03,6.822212606,5.744963177,5.742472069,2.395073996,1
3,2,1,5822.44,4.468449923,4.840616793,6.250657429,2.217827022,1.535715594
2,3,1,10550.37,6.933132609,4.800630653,5.742163917,1.838640197,2.03420984
1,1,2,6464.12,3.858924007,4.020884496,5.876716022,3.158995039,1
2,4,0,6956.89,6.569959723,3.027145843,5.320014538,1.731458525,2.035756397
1,1,1,8930.78,4.319221073,4.994821503,7,2.263040153,1.890715501
1,3,0,6008.25,5.362720881,3.687002765,5.102824473,2.819466439,1.341579457
2,1,1,6732.04,5.110361345,3.876654358,6.494331506,2.317229533,1.338617334
0,4,0,8489.52,6.83365591,5.633387259,5.588422955,4.078738564,3.230813497
0,0,1,8296.69,5.069648662,4.630363616,6.936237148,3.244849983,3.452308283
2,1,0,12492.71,7,5.153998039,5.514378946,3.164264346,2.358887513
2,3,0,5747.82,6.55587138,3.55543575,5.607684189,2.782318957,1.87539847
3,1,0,13604.51,7,4.850023935,5.644204208,3.227127497,1.726922023
3,4,2,13162.32,6.23315084,5.13000033,6.465935936,3.151169345,1.454150318
2,3,0,12659.92,7,5.348227192,5.330754663,3.551352328,1.880240639
0,1,0,8093.72,7,5.270068473,6.001335045,3.137920216,1.986222845
3,3,1,13228.82,6.262955406,5.131655999,7,2.01469859,2.168828169
3,4,1,6828.02,6.462640188,3.841624463,7,2.670984822,2.078854902
0,0,2,6244.09,5.248851979,3.579687217,5.901242588,2.770352891,1.621139668
2,4,1,5449.56,4.829483467,4.672645706,5.620205385,2.754348187,3.110675341
0,0,0,14393.1,7,4.227202105,5.855042819,4.318327283,2.367212845
1,2,2,8080.11,3.525493184,6.695226873,5.609257394,2.589954697,1.109428583
3,4,2,14176.18,6.097871705,4.375238349,6.435999264,2.850589819,1.180600885
3,0,2,7726.14,5.714319973,3.866076792,6.138826396,1.494258614,1.361824171
3,2,0,14075.66,7,5.946518023,5.71706954,3.650694958,1.668433788
0,2,0,14039.29,7,6.967262617,5.82158473,3.889775243,2.550024971
0,2,1,14236.76,6.507974328,6.243873387,6.949441889,4.869806706,1.483021947
2,3,1,9961.53,5.572211367,4.253141,5.892314998,1.85168472,1.929477815
3,4,1,13659.46,6.124887907,5.635499288,7,2.992689829,2.460910008
1,4,2,14507.66,6.200679326,5.049179242,5.874608206,2.93196739,1.289054062
2,4,0,8246.17,7,5.565176665,5.037028066,1.973857272,2.598794439
0,4,1,9188.74,5.159931969,5.499030758,6.113480584,2.976813359,2.728201308
1,3,0,12192.4,7,4.529513839,5.806967772,2.639263991,2.378758274
2,4,2,8003.6,4.945229763,4.635648957,4.911831093,2.101976491,1.268022275
0,0,0,12538.09,7,5.509087221,5.408461658,4.692285346,3.256293504
1,2,0,5738.92,5.73448382,5.57896851,5.603929501,2.502824256,3.212615012
2,3,2,10234.98,6.615274419,4.829108431,4.843099564,2.341057435,1
1,3,1,6223.13,3.645318921,4.270474902,6.668341119,2.100768327,2.24464402
0,4,0,7933.23,6.053406799,3.904325126,6.493528591,3.407597837,2.90350634
2,2,0,7586.25,6.933639625,6.156309279,5.692422246,1.661971338,1.567022947
0,0,2,13389.32,6.546974721,5.628929819,6.3305565,4.696187071,1
3,2,0,6935.17,7,4.83110743,5.939993332,2.725046851,1.715687648
3,1,0,13084.48,7,4.815955469,6.060529681,3.341457072,1.555453687
1,2,0,12939.6,7,6.307610662,6.272911586,3.101447609,1.926731896
3,0,2,9988.83,4.63023672,5.44356714,6.606770285,2.007775571,1.162800419
0,0,0,7338.43,7,4.083642726,6.29094972,3.63550814,3.089858713
1,0,2,7268.96,3.796396181,3.001009299,6.096663309,2.644962253,1.542913837
2,3,1,9649.25,4.626996416,4.71059965,7,2.475885504,1
0,3,0,5088.09,6.712881417,3.891478287,5.380815329,3.435078037,1.753540019
2,1,2,10313.51,6.597925322,4.857602165,5.149979512,2.130584531,1
2,2,2,14527.8,6.532039957,6.092408282,5.675622076,2.999207037,1
2,4,0,6547.07,7,3.687823925,5.328722667,1.543209318,3.310974412
2,1,2,10733.46,6.562331811,5.142427381,5.906903104,2.711191667,1
0,4,1,14617.79,6.506060612,4.957074807,6.709697341,3.797742057,3.612513956
3,4,1,13605.22,7,5.221710025,7,3.237217591,2.748449755
0,1,1,13503.8,6.289259511,5.192861819,6.110935035,4.633341656,1.185763071
3,2,1,13218.5,7,6.448350628,7,3.090040271,2.327978363
2,4,2,8090.24,5.348495608,4.557211217,4.966315124,1.833110693,1.383634581
3,3,2,13906.17,6.496370679,5.01702738,6.247075837,2.62858484,1
2,3,1,14413.4,6.715263935,5.790346768,6.515465175,2.965274363,3.073740897
1,1,1,9957.92,3.958019081,5.144752705,7,2.765527386,2.042757954
2,4,1,8545.71,6.383516186,4.713351608,7,1.568815736,2.407728008
3,1,1,9142.29,4.221883055,4.537388847,5.981990836,2.354093939,1.553555837
1,3,1,8342.06,4.757393549,5.251335983,6.833319901,2.432877352,2.323019684
1,1,2,7124.18,4.59635893,3.751379459,5.659199575,2.507390144,1.284472478
2,4,1,11184.48,5.819040114,5.199597806,6.945485375,2.607820537,3.066012301
0,4,1,10625.97,6.770181359,5.901687658,7,2.724440745,2.857719265
3,3,0,9625.85,7,5.512932454,6.04163702,2.308012777,2.021341958
1,0,2,5958.45,4.119928934,3.953300438,5.790433551,2.226143413,1.552564927
0,0,1,12968.93,6.810334208,6.368222383,6.135391324,4.493589785,3.637887533
2,2,2,6749.34,4.613254934,5.542335589,5.317559317,2.041795756,1
2,3,0,6145.62,6.95465214,3.935900929,5.876648773,1.577927641,2.425009062
2,2,0,11230.71,7,6.354473,6.643907211,2.916712437,1.749554427
2,3,1,8986.44,4.405249987,4.656088446,6.009496483,1.385897006,2.247136447
3,4,1,5598.08,4.34306942,4.116509841,7,2.999738667,2.77429379
1,3,1,8555.68,3.641860093,5.668205763,7,2.641319191,1.654048448
3,1,1,12717.8,5.841509496,5.5581171,6.769184227,3.619891298,1.66739106
1,2,0,11152.49,7,6.903748316,5.878985067,2.454300528,1.419403798
0,3,2,8627.86,4.431997549,5.158646934,5.729921166,3.620354179,1
0,2,1,6918.05,5.326247308,5.464849993,7,3.613508001,2.153648776
1,3,2,11317.96,5.498962764,5.524867178,6.920201883,2.67483241,1
2,0,1,13875.55,6.391325182,5.12148505,6.102503523,2.692060879,2.801900557
0,2,1,11462.73,7,6.157623975,7,3.013936186,2.069482099
3,4,0,13129.04,7,5.386080891,5.458501746,2.39211356,3.209712382
1,4,1,10215.28,5.22336791,5.317226079,7,1.971951111,2.638899927
0,3,1,12179.71,5.486909323,5.400551135,7,3.576573742,2.621980184
1,4,1,13962.27,6.167725941,5.391991887,6.497241288,2.878295327,3.176196688
2,4,0,12731.79,7,4.87474354,5.73020261,2.819450269,2.843718809
1,2,2,14098.54,5.398575808,6.747411476,5.285744664,3.324948403,1
0,3,0,9311.4,5.865408772,5.43551224,6.49789306,3.297390783,2.242384914
1,2,1,14042.2,5.633807529,7,7,3.052882212,2.547473174
0,3,1,11215.67,7,6.036005642,6.501217528,3.714889161,1.689417999
0,4,1,13700.49,7,5.023653235,7,4.117322093,3.149551507
0,3,2,5393.77,4.097076556,4.520085208,6.651317178,3.203711712,1
3,3,2,11578.52,7,5.678009246,6.395511632,2.207434483,1
2,1,1,13479.75,7,4.839622637,6.378726136,2.997362502,2.163973529
2,3,1,6742.02,4.946327767,4.004845835,7,2.562374008,2.191333994
1,1,2,11617.87,5.910888603,4.44059043,6.508803242,2.451431683,1
1,2,0,13249.55,7,6.466580462,6.043097639,3.543082331,1.624244842
0,1,0,7879.49,6.437466172,3.618985968,5.795165467,3.567085905,1.834273774
2,2,2,9052.46,4.406427367,5.523472034,4.860806181,2.15582547,1
1,3,2,10695.18,5.308094769,5.663755347,5.415164262,2.449800547,1
1,2,1,10191.68,4.832534771,6.385645941,7,2.694515603,2.555481882
2,4,2,5391.89,4.911360762,4.137484063,5.307323663,2.946469981,1
0,3,2,5986.72,5.250405794,3.46738917,6.054995468,2.696782072,1
1,1,1,6004.67,4.987058409,3.720673399,6.678830167,2.733351524,2.022302543
0,0,2,7622.68,5.61106053,4.196788087,6.437762875,2.511141255,1.445977643
2,3,1,7458.64,4.446085629,3.802529899,6.51603673,2.185179687,1.607904045
2,4,0,12422.22,7,5.503609999,4.81405079,3.381233393,2.98509172
1,2,0,10727.44,7,6.977773154,6.077447693,2.657098703,2.107018972
1,1,0,12639.76,7,4.537332164,7,1.462208606,1.637214759
2,1,1,5698.96,4.755623468,4.454206395,5.594513432,2.212204882,2.393444007
0,4,0,9852.14,6.391063716,4.931520267,5.915970668,3.201008868,2.91837262
0,4,0,8237.76,6.787234965,5.483813194,6.264687564,3.407827298,2.932943057
3,3,1,13499.39,6.305465562,5.668383505,7,2.930017965,2.219282038
2,0,1,12077.89,7,4.657268184,6.742277503,3.207117754,2.791933121
1,0,0,13692.58,7,5.429585886,6.145392496,3.721900357,3.483984761
2,2,0,5464.27,7,4.838994406,6.527153558,1.990353539,2.415276186
1,1,0,12208.23,6.614127338,5.785330772,4.983054022,2.843231818,1.468921939
0,3,2,10400.08,7,4.628913903,6.264399182,3.633480121,1
1,1,1,13250,6.014485955,4.992009021,7,3.306747468,1.619984546
3,3,1,10071.61,6.39943381,4.885178499,7,2.672598732,1.663397575
0,4,1,10402.09,6.973582868,5.203296956,7,3.758914527,3.314509782
3,2,1,5517.67,4.533594097,5.295042912,7,2.857860481,2.557088917
2,4,0,11685.23,7,6.039123664,6.382542334,1.867241966,2.750488251
1,1,1,7731.4,4.342574296,3.639279701,7,2.405862303,2.644345735
0,2,2,5196.94,5.214859188,4.184732628,6.431323521,4.11481454,1
1,3,2,5664.37,4.073939304,4.075542641,5.707340089,3.534750197,1
3,3,0,14572.86,7,5.461673721,5.771069758,2.531804716,1.946762841
0,2,0,8460.77,7,6.353391268,6.907926412,3.206177148,1.718308706
3,4,1,13680.76,6.94084073,4.165844323,6.518440426,2.934695896,2.892876185
0,2,0,14596.77,7,5.287917918,6.707343009,4.880971332,1.167744296
2,4,0,14432.67,7,4.932455979,5.779731898,3.140299663,2.171371444
2,2,0,13817.25,7,5.924013806,4.201814234,3.099601296,1.218405327
1,4,2,13948.44,6.072386531,4.854492223,6.039462301,3.259840887,1.45246797
3,0,1,7890.08,4.704485156,4.564790266,6.745722689,1.737904742,3.077390535
3,2,0,6514.7,6.959745066,5.18852341,6.06287528,2.327989142,2.728742764
0,4,1,11392.63,6.099476459,3.959593011,6.800293994,3.915923177,2.117904284
2,1,1,9881.06,5.182265469,4.296684063,6.721879981,2.305394406,1.560069548
1,1,1,5987.47,3.19823448,5.090539289,7,1.760467572,1.448692912
2,2,2,11775.41,6.539541625,6.00719628,5.336958254,2.441866685,1.458871538
3,2,1,10628.6,7,6.039872116,7,1.376477343,2.067949943
1,3,1,13630.67,5.381675548,5.481727338,7,3.154439211,2.230122708
2,4,0,11091.84,7,5.483822423,5.730068502,2.218876723,2.949371234
2,2,0,10739.46,7,6.669346501,5.32888004,1.853141274,1.772175897
0,1,2,9407.52,4.797936,5.06162613,6.59871017,3.26473373,1
0,1,1,9627.87,4.907886389,5.009556528,6.951480958,4.100795537,2.12367307
3,1,2,14543.81,5.209215472,4.900440982,6.784551689,3.571041501,1
2,4,1,6384.46,5.589668829,4.412011423,6.879974664,1.74124853,2.870070428
0,0,2,9462.19,5.073777097,5.027023372,5.711466358,3.573160202,1
2,2,1,11558.27,6.726583056,5.863106494,5.211979643,2.308257006,2.774057374
1,0,0,9330.11,5.049565947,4.878478142,5.188944597,2.428527113,3.335520616
2,4,2,7832.16,4.595379708,3.788193555,5.425658761,2.919704286,1
2,2,0,7873.57,6.773062142,5.985354871,5.136322649,2.102749233,2.09006505
3,3,1,7336.56,6.163585916,3.441313337,7,1.706103565,1.496225314
1,2,2,8439.03,3.743279754,6.432421484,5.725129314,2.366457458,1
1,2,0,13716.75,7,5.551149204,5.36358048,2.743232347,2.305541664
0,2,0,10052.25,7,5.812813464,5.43421527,4.016905218,2.681621629
1,2,0,7402.39,6.253862192,5.377771253,4.931100573,2.596819732,2.794207395
3,2,1,8845.27,5.536106517,6.709028337,5.97233814,1.947843895,1.927580255
0,4,2,6058.3,4.644177572,3.420062483,6.209557936,3.998370751,1
2,2,0,14040.36,7,6.311626525,6.311516647,3.397415407,2.064946904
1,4,1,9081.98,4.068865546,5.001065136,7,2.606027219,2.716007511
2,2,1,14803.91,6.784639509,6.433043649,6.088590825,2.589925946,2.590977049
0,2,1,8475.39,4.868801656,6.040725755,7,3.241111812,2.114320069
1,4,2,13363.56,5.309878618,3.710359801,6.193175157,3.130911467,1.576912968
0,2,1,7563.85,3.962225753,4.524662014,7,3.536950934,1.053248566
0,1,1,5761.53,5.042295033,3.215101432,6.513352823,3.626789803,2.127511562
1,2,2,5317.33,4.503427232,5.432636048,6.264137762,2.109264743,1
1,3,2,11061.68,5.524461116,5.510046279,6.4130325,2.199446824,1
0,4,1,8115.74,4.548809257,5.575253288,7,3.719664221,2.082156791
3,2,1,9435.2,5.336699562,7,6.240752552,2.722923483,1.905995754
1,2,0,13186.47,7,5.621114096,5.7831664,2.216039072,2.169768541
0,4,2,7481.08,5.276551125,4.171983934,5.742139621,3.280293095,1.2363985
2,0,2,8086.52,5.442657294,4.273681095,5.329720611,1.563836763,1.195383463
2,1,0,13453.36,7,6.050230454,5.166144063,3.513535124,1.144828367
1,1,1,9927.62,4.019896726,5.018812772,7,2.026896526,1.607548198
1,2,1,13276.65,4.459948275,6.365523844,6.478970419,3.512717466,2.255886606
2,4,1,8744.76,5.592748205,4.56323347,6.402260544,2.394977612,2.651943007
0,3,1,8983.7,5.615183585,5.390668312,7,3.847327232,2.934442661
0,2,0,6671.38,7,4.954225946,5.265227408,4.343293105,2.346911534
0,1,2,14163.46,6.760637369,4.775676017,6.198575685,4.708527835,1
3,2,2,13967.84,6.193088288,6.971174477,6.062414172,3.339591477,1
1,4,1,14842.17,6.565864611,5.207231676,6.77386525,3.956856296,3.453996654
3,3,0,9024.47,7,5.121540516,5.019975009,2.256265163,1.298781788
3,0,1,13186.15,5.165159817,4.702022661,6.109272699,2.822450659,3.05403018
3,3,1,9149.54,5.254577148,4.945355808,6.155604502,2.239426169,1.467129072
3,2,0,9542.99,7,6.126185791,5.430409618,1.774491028,2.00347178
0,1,0,13299.99,7,4.903235905,6.496896944,3.719173679,2.501799196
1,4,2,6773.67,3.953023167,4.431277195,5.687212278,2.689058866,1
1,2,2,7203.11,4.823672902,5.160008423,5.784594778,1.713141207,1
3,0,1,8147.28,4.92568454,4.331473713,6.431830882,1.322906027,2.335156558
1,4,1,12881.79,5.438524186,5.176800866,6.638108335,3.235783064,2.420685047
2,4,2,8726.52,5.221880157,4.961393436,5.396995687,2.298219407,1.100371922
0,4,0,8581.68,6.232810188,4.477413597,5.294082754,3.386071605,3.24135427
1,2,1,14988.16,6.241818854,5.96941164,6.719610689,3.941301692,1.798636922
0,0,1,8838.06,4.68664846,4.934798885,6.587753318,3.160722877,2.19612052
2,2,0,7477.71,7,5.475356592,6.308225688,2.777348748,2.007800453
0,4,1,11232.14,5.664938079,4.545441591,6.625669747,3.018055297,1.990189411
2,4,0,13018.8,7,4.902964758,6.294959811,2.663440155,3.227681561
3,1,2,5696.08,4.511617353,3.887796432,5.982811866,3.100074466,1
1,3,2,11188.92,5.09430703,5.123456699,6.209010493,1.711459449,1
3,2,2,5357.35,5.006426535,5.935790389,6.104223934,2.229099014,1
1,0,2,10263.32,5.80381236,4.872583032,5.716695036,1.809943052,1.251561528
3,4,2,7569.92,5.349251158,3.743465848,6.017221194,2.02153536,1.485205145
2,2,1,8066.42,5.041637315,5.806407734,6.715923587,1.571950705,2.567615899
1,3,2,9670.96,4.164581083,5.293940152,5.174683392,2.274488919,1.266861121
3,2,1,14271.07,6.427338358,6.265157475,6.22792157,2.280462622,2.115192293
0,3,1,12106.67,6.1609589,4.723112206,6.831595413,4.543183657,2.262857945
0,2,0,14368.46,7,6.643562939,6.521957543,4.134196321,2.834154658
3,1,1,11599.71,5.9563766,4.233493444,7,1.949965915,1
2,2,1,5071.08,4.837051996,5.814333374,6.146264085,1.412389131,1.855196445
3,1,2,7655.85,4.907155524,3.831960518,5.640444282,1.964152321,1
0,3,2,14057.73,6.210060533,5.080706851,6.078922537,3.891864417,1
1,4,0,11434.46,7,4.173851775,6.996933392,2.013646002,2.704685738
1,4,0,14816.47,7,4.915098403,5.79121697,2.33133859,2.950953076
3,2,1,6559.64,4.726581355,6.240668038,6.697343806,1.166532142,2.475085769
1,0,0,7967.48,5.49998664,4.05313078,6.70244004,2.145598076,2.797640247
0,2,2,8623.68,5.467328016,6.912786954,5.931338535,4.511304111,1
1,1,2,8265.58,3.548673855,4.761221599,6.528250793,2.415232744,1
3,1,2,7519.92,4.437024409,3.253225391,6.258097725,2.105297172,1.00718351
3,3,1,9434.66,4.283227556,5.213592488,6.778775827,1.993224567,1.729508482
3,2,1,11422.98,6.55146805,6.184241887,6.35418034,2.557803201,2.602531357
0,3,0,8112.57,6.87804818,5.290835771,5.920298816,4.705126593,2.006941334
2,0,2,5797,5.350714182,4.583632098,5.179576217,2.652997879,1.831185186
1,4,1,12085.33,5.714932399,5.381602642,6.475938089,4.073646402,1.700784857
3,4,1,9590.17,4.579395731,4.331144487,7,2.234519009,2.427665497
2,2,0,10564.82,7,5.43755323,5.813705813,2.664009845,2.151772719
3,3,2,9554.01,4.642031884,5.763052161,6.390931651,1.427675967,1
3,3,2,13903.58,5.921582084,5.735953591,5.775796907,2.310375958,1
0,0,0,10587.45,7,5.432238619,5.739335416,3.412991022,3.39747781
0,3,0,14232.77,7,4.224630061,6.076799167,4.022566205,1.756213651
2,1,0,10105.75,7,4.322509749,5.902510397,1.158954127,1.63743388
3,1,0,7925.88,7,3.3443991,7,1.941364763,1.601156471
1,1,2,8554.43,3.653214377,5.291824921,6.453695552,2.080891784,1
1,2,2,10221.29,5.697242929,5.479357388,5.940451873,1.984722367,1
1,1,0,10299.89,7,5.507415439,6.021936605,1.014161213,1.771535954
2,1,1,11873.38,6.053209693,5.889871511,6.130426682,1.493077884,1.977092879
0,4,1,7244.95,5.317747831,4.049463168,6.398673389,3.270670997,3.282773662
2,2,2,11588.43,6.550575633,7,5.549031708,1.535995034,1
0,1,2,12785.88,6.218344438,4.223806946,6.065261229,3.990947765,1
1,0,0,11765.92,7,4.935348808,6.512268136,2.204197268,3.107724512
1,1,1,9818.28,4.059891178,5.133713515,6.734214829,3.025181014,2.315955877
0,2,2,14916.81,6.557832478,6.654282253,6.064280798,4.758344821,1
1,3,1,9048.13,5.06580355,5.08615379,6.229388095,2.674523577,2.646813148
2,4,0,6065.91,6.487556521,3.76409869,6.007472257,2.582279049,2.679951141
0,4,2,13215.04,6.375411385,4.374773259,5.506090708,3.36355275,1.225817335
1,2,2,7122.01,4.338804301,5.06676822,6.558281187,1.977049082,1
3,1,1,12132.86,7,5.183611562,7,2.831684681,2.795237519
1,0,1,6789.76,3.461656851,3.856371718,7,2.065409067,3.01377191
3,1,2,5168.77,5.623855382,4.188347214,5.910822664,2.913150673,1
1,1,1,6597.99,3.996006006,3.960067049,6.616169085,2.721544749,2.440317175
3,0,1,8769.89,5.632658854,5.215116481,6.527855512,2.46537717,2.618844846
1,4,0,6066.18,6.081039425,4.704902486,6.590626872,2.752662404,2.888675185
3,1,1,6976.79,5.447968697,3.679627511,6.069112641,2.435944214,1.812309272
0,3,2,12646.26,7,5.816180772,5.655516344,4.547338421,1
0,3,0,12698.84,7,5.156928623,5.503497768,4.282551054,1.535843806
3,2,2,13174.88,6.92595293,6.29311888,6.746377677,2.234565034,1
1,2,0,13411.55,7,6.445249746,6.135476093,3.2125788,1.675426273
2,0,0,9204.36,6.048521083,4.620035097,6.204097803,1.989805436,2.988597368
2,0,1,13675.5,6.53047005,5.091832047,5.632351353,3.409011571,2.850321853
2,2,1,10259.37,7,6.013527177,6.788561154,2.106049043,2.959608198
2,1,2,9705.97,5.365357154,4.357357444,6.203528949,2.687623127,1
3,4,1,12185.36,5.693415146,5.598989585,7,3.559562229,3.334825698
0,3,0,7138.18,7,4.529532374,5.869017223,2.592676305,2.379543583
0,0,1,12894.97,6.69629479,4.29820135,5.703580857,4.240685824,2.822297342
2,2,2,9294.66,4.879998799,6.489782147,5.127428175,2.643628107,1
0,3,0,6272.95,5.669701946,3.965668893,6.100062408,3.87404095,2.27449226
3,0,2,6193.12,4.124535395,4.047831531,5.870266981,2.837428608,1
2,0,1,6649.07,4.998713999,4.435663447,6.680205251,2.222803613,3.489881691
3,1,0,13905.73,7,5.366081446,6.449106588,2.315916035,2.651443085
3,0,2,14909.38,5.675720058,5.186867387,5.765592589,3.506174899,1.564894854
1,4,1,8569.74,4.895450441,5.568374019,6.865924159,2.90250473,2.848404232
3,0,1,7921.44,4.455390751,3.771294245,6.74261417,1,3.591832259
1,4,2,7187.71,3.951496185,4.482020218,6.080260093,1.529351873,1.439711675
2,1,0,13238.16,7,4.657150476,5.304850636,3.013256784,1
3,4,2,7092.07,5.180027675,4.301999994,6.250459721,2.159276541,2.382070674
0,3,1,14240.9,6.755493328,4.79107164,6.180565859,3.51753651,2.199936794
2,0,2,11673.5,6.860928496,5.062134369,5.471717183,2.130446964,1.646316038
3,2,1,13971.28,6.112006314,6.190219916,6.84629471,3.288391981,1.590855678
3,2,0,10540.1,7,6.224896411,6.103504665,2.297356285,1
0,4,2,11906.8,6.666282678,6.284209017,6.459103063,2.521943193,1.197301218
1,1,0,11194.58,7,4.839552283,5.380544319,1.853483489,2.466913609
3,4,2,13311.95,6.873573575,4.944173262,6.474047737,2.671585493,1.22858502
3,4,1,13358.61,6.317658442,4.224294462,6.672084443,3.818940325,3.664279847
0,4,0,10897.93,7,4.8906358,6.88446219,3.376682073,2.640760027
2,3,1,11325.08,6.978552877,4.144448815,6.24451946,2.267171386,2.257660155
3,3,2,14218.76,6.203859452,4.914974643,6.046772711,2.872769662,1
1,4,1,14298.66,5.916385544,5.290496311,7,2.178246858,3.114895363
1,1,2,11642.5,5.079692109,5.995745331,5.995406639,2.201953095,1.259503293
0,0,0,5077.54,7,3.881393369,5.411676043,2.618184852,2.376276619
1,2,1,6044.11,4.1605033,5.126165973,6.331545781,2.10390873,2.858489578
3,3,1,13579.43,7,5.876349733,6.455095029,3.403480528,2.351624223
1,0,2,5847.14,4.734180327,4.005785296,5.608620366,1.84912142,1.393348003
3,3,2,7135.19,5.038681507,4.136346949,5.302052702,2.946944803,1
0,3,2,7305.47,5.645350638,3.838550263,6.922778009,2.627069831,1.087745376
1,3,0,11002.35,6.984596694,4.448800568,6.828060809,2.676456733,1.261078087
3,4,1,10766.33,6.600954647,5.702395147,7,2.315457568,3.475438286
2,4,2,7894.18,5.184330184,3.170191325,5.548025219,2.542112544,1.511273876
3,3,2,7076.11,4.797643726,4.228918169,6.091812076,1.304080635,1
3,3,1,12645.32,6.655077161,5.372873529,6.411054222,3.368527711,2.250224483
0,2,0,14354.56,7,6.413413561,6.202336376,4.638276944,2.462074941
3,0,1,5528.06,4.479038472,3.63354741,7,2.741444565,3.219274721
0,0,2,6331.8,5.39723375,4.569046809,6.066843002,3.310467901,1.680530688
3,1,1,11421.64,6.486808014,5.774609963,7,2.745473653,1.361573809
3,1,2,13044.41,5.952465074,4.342445888,6.093270534,3.461504741,1
3,1,2,12911.89,6.176838452,5.05189516,5.608043034,3.132929222,1
0,4,1,12196.83,6.171471901,5.057645088,7,3.440450139,2.984064433
3,4,1,13874.28,5.450513136,4.872660715,7,3.511156237,2.637629976
0,2,0,7173.49,6.732305109,5.085039895,5.448783955,3.581325143,1.498708617
2,4,2,6072.91,5.278252312,3.641636408,5.34016928,2.549687635,1.717730523
0,1,2,11153.63,6.794988287,5.131809752,5.456677732,3.484261838,1
2,3,2,13222.76,6.289634063,5.037035783,5.069071109,2.982640039,1
0,1,2,10820.44,6.271304135,4.441784634,5.428535936,4.171150125,1
0,2,2,14629.97,7,7,6.614824292,3.559078919,1.205510184
3,3,1,12955.64,6.436766777,4.861172616,6.589762907,2.824713559,2.199703216
1,4,2,12007.92,6.649890411,4.180332101,6.971703287,3.754547069,1.31114592
1,3,1,5602.57,3.751170563,3.326460468,6.345944017,1.996406319,1.94841414
3,2,0,6077.42,6.985220161,5.580569039,6.325680025,2.419337591,1.978187734
2,4,2,12848.38,7,5.419769045,5.722483161,2.797124062,1.952823793
3,0,0,6982.38,7,3.877021474,5.041254433,2.347502883,2.553843692
1,1,1,5288.35,4.35862173,4.107954537,5.963634318,2.447383474,2.857555558
0,1,1,14107.61,6.42360433,4.995808276,6.628476291,4.23603952,2.770065335
3,2,0,13908.05,7,5.912092935,5.96361506,2.996110415,2.205831483
2,2,2,7184.84,5.2150428,5.152072856,4.877572222,2.242672304,1
3,1,1,12802.06,6.051276601,5.394193902,6.809607425,2.483626267,2.989989933
1,3,1,5479.8,4.20824871,4.39597054,7,2.081936196,2.271828427
0,0,1,7850.58,4.035079783,4.4811802,6.765964666,3.763362738,2.864903434
1,0,1,11236.67,6.408851287,5.612085021,5.494547571,2.5763837,2.758998625
1,2,1,12631.79,5.796135933,6.489194035,6.428507446,2.942102351,1.490303341
1,2,1,5103.99,4.743025403,5.363642673,7,2.451970734,1.470094329
1,3,0,8262.09,6.316409083,5.892579868,5.221950212,2.340147114,2.379805446
0,2,2,7143.46,4.625742639,5.566150031,6.022493922,3.143710516,1
1,0,2,14987.8,5.450328529,4.963340037,6.657110293,3.169417568,1.135022637
2,1,2,11709.82,5.714328713,5.43727331,5.558718285,2.102987629,1
2,0,2,9056.71,5.621722534,5.695645893,5.186637715,1.15084691,1.293289523
1,3,0,5756.53,6.113049063,4.036217282,5.212828146,3.066526841,1.069783077
2,1,0,10986.7,7,4.489027715,4.962606081,1.20869165,2.030318744
1,1,2,11417.01,6.207265397,4.917651024,5.49618509,3.004796721,1
0,0,1,13164.06,6.077735311,5.161170818,7,3.748055128,2.960849204
0,1,2,7885.77,4.805759313,3.403749085,6.0831181,3.716186187,1
2,1,1,14814.28,6.091889954,6.050391453,6.055198972,3.279201142,2.403669318
2,2,1,9394.66,3.754540263,6.614683631,6.304472071,2.168449808,1.938501062
1,1,0,7959.44,6.291439865,2.858717486,6.015972376,2.515516805,3.080532145
3,3,1,8484.49,4.324891636,5.22169859,6.557998768,2.542250535,2.433319268
1,1,0,10195.86,7,5.977565323,6.660785047,2.694107983,1.821613949
1,2,2,14367.02,5.222736244,6.419803767,5.802931938,2.738143463,1.457607817
0,4,0,12351.59,7,5.411775643,6.938296733,4.241559508,2.583757563
3,4,1,10771.1,5.964909751,5.677229942,6.613568017,1,1.569145462
3,3,1,6628.1,4.262253894,3.812139497,6.686736103,2.563002335,1.431533835
1,3,1,6493.53,4.109196278,4.442053847,6.72801459,2.067629436,1.56667705
0,1,2,10021.97,7,4.315022169,6.78846516,3.488712315,1
2,1,0,12287.09,7,5.254075281,5.707856893,3.352015902,2.080985566
0,4,2,12510.12,6.729384959,5.680365077,6.101263998,4.609830764,1
2,4,0,7259.14,7,5.261424115,4.606620192,3.300199242,3.260524565
0,0,2,6001,4.151409611,4.020224005,6.201086944,3.955652807,1.182339651
3,4,2,8844.61,5.348117967,5.692631301,6.443237781,2.896597112,1.177225124
0,4,1,14181.73,6.842663752,6.149888934,6.260042472,4.411016607,2.342484557
1,3,2,10453.67,6.127354479,4.011577215,5.716034557,3.453472063,1
2,0,2,8201,4.969487201,5.623232257,5.430685896,1.283831563,1
0,0,0,8236.38,7,5.735730441,4.996411989,3.025254055,2.563842867
0,1,2,6320.87,4.809638245,3.535548219,6.052955987,3.213497565,1
2,1,1,9732.24,4.43361164,5.391879031,5.606413354,2.490870841,2.501652271
0,0,2,12913.63,7,5.25024419,6.113101921,3.354825538,2.136366232
2,0,0,14685.59,7,5.154675585,5.697711881,3.057124684,2.903951172
3,1,0,10015.95,7,5.363495962,5.249857101,1.539171429,1.576436082
2,3,2,6672.15,5.624355859,4.222633724,5.182679478,1.899700661,1
2,3,2,11829.5,6.700135583,5.680446839,6.526399342,2.237053662,1.601054867
3,3,0,12567.91,7,5.151167342,6.48938533,3.561931326,2.787700821
0,3,1,5717,4.357132018,4.061106082,7,2.965986978,1.063987537
0,1,2,13501.39,5.756902539,4.939160209,7,3.445758697,1
3,2,1,13293.22,6.248345839,5.703328644,6.212796443,1.980681728,1.735900881
1,4,1,9725.41,4.980087143,5.277391261,7,1.997586724,2.478731317
2,4,2,10604.23,6.760710844,5.041946882,5.472215889,3.138642583,1
0,4,1,12134.08,6.028302181,5.425797148,7,3.677967352,2.939516689
0,4,0,11767.48,7,5.14900814,5.765859953,3.377052864,2.330034188
2,1,1,5165.36,5.597384127,4.13117616,6.796818354,2.247568079,2.594864795
2,2,0,6224.35,6.066025419,5.202909494,6.097550163,1.309487812,2.064624647
2,1,2,6625.91,5.288570625,3.807779582,5.997271,2.802334242,1
1,2,1,12556.76,5.30659475,5.619272223,6.958827444,3.101245995,2.001167124
3,1,0,9400.84,7,4.571402498,5.28556768,2.522100373,1.90093529
1,0,0,10455.03,6.984450888,4.637487026,6.459271904,2.730723345,3.231472986
1,2,2,12726.87,5.479364691,5.858981436,6.661141971,2.838301718,1
2,4,1,8409.82,4.574728596,4.880872713,4.966755879,1.9856242,2.138205882
3,2,0,12488.9,7,5.902121201,5.849177335,4.065178549,1.489306244
0,3,0,9422.99,7,5.109694317,5.525092298,4.05174017,2.823164413
2,2,2,8771.8,5.599739339,5.723079294,5.148584611,1.286572541,1
3,3,1,8330.37,4.944924731,5.389724007,7,1.67059458,2.069228519
0,3,1,14649.45,6.387046788,4.924308716,7,4.247857104,2.274875573
1,0,0,12719.73,7,5.109039286,5.616458561,3.935845624,2.882996237
3,2,1,5201.96,5.265563724,5.326904569,5.744200541,1.778920147,2.056987053
1,0,1,14574.15,5.075221576,5.201514623,6.344917492,3.008451845,2.046258061
1,4,1,12754.4,5.917954887,5.225494167,7,2.954663151,2.551443931
3,2,1,6491.75,5.788977813,6.033245884,6.764283506,2.014324012,1.135773481
0,1,1,5763.38,5.112579847,3.66575576,6.560187858,3.982006176,1.518823835
3,1,1,8081.94,5.959421211,4.491473603,5.776524422,1.970963967,2.178393572
0,1,1,11241.82,6.568308218,5.091501154,6.66146866,3.249441908,1.380226439
2,3,0,11165.47,7,5.528380307,5.507078248,1.919602379,2.072979596
2,1,0,7758.5,7,3.89798813,4.8816973,2.409907657,2.294801701
2,4,1,9456.75,5.433610348,5.348612946,6.38304527,1.883119827,2.408363924
1,2,1,7118.9,3.830937739,5.50762773,6.474723895,2.054685851,1.557304107
2,2,2,5505.79,5.780397439,5.088950224,5.835818723,3.090147754,1
1,3,0,10169.7,7,4.953427115,6.702838232,1.903841023,2.107141065
0,3,2,8469.91,5.31719599,4.657727817,5.896177748,3.429652648,1.04690516
3,3,0,10428.82,7,5.78845109,6.719062837,1,2.066343427
3,4,2,14465.07,6.531979499,5.400351585,5.279576523,3.362638283,1
1,2,2,6433.7,4.513720492,4.375814188,6.612440958,2.887397967,1
1,0,2,5019.62,4.219182569,3.998401241,5.260662431,2.581369209,1.993628245
1,3,0,5768.78,5.838765138,4.31933032,5.56148302,2.759062418,2.005084804
0,1,0,9627.08,6.992540547,5.234589234,6.764587669,3.763258334,1.458872535
0,0,1,12069.32,6.140926122,4.964024159,7,3.619163992,3.074656899
2,0,0,10807.64,7,4.749880954,6.485479584,1.928686774,3.000750226
2,3,0,9948.95,5.955722874,4.841615885,5.425579566,2.086074834,1.631453983
3,1,0,8539.63,6.741357452,5.31682093,5.040851987,1.369830104,1.754238961
2,3,0,8099.74,6.938966445,4.608684458,5.53162799,2.610104277,2.489402919
0,3,1,8762.86,5.661623248,4.337807424,6.41433471,3.061412615,2.50550491
0,1,1,11116.35,6.183660773,5.153527368,6.092514692,3.178176285,1.551564796
0,0,0,6677.54,7,3.376656753,6.89232032,3.607776197,2.535887668
0,0,2,12713.62,6.670651525,4.593158229,5.468830281,4.549139414,2.084463409
3,1,2,10752.53,6.69049437,4.38556541,5.591924102,3.064518825,1
3,0,0,7691.56,6.43624495,3.643292711,6.093714378,2.22804716,3.944504734
0,4,1,10011.53,6.134202631,5.299666843,6.948660312,2.67013739,1.703394368
1,3,2,14627.79,5.307648746,5.20920707,6.79491376,2.608685401,1
2,4,1,5204.92,4.854892794,4.863691647,6.280000567,2.080069606,2.985211456
3,4,1,6995.23,5.096418735,4.698185021,6.802538553,2.515153526,2.072971847
1,4,2,9483.8,3.422316197,4.811781594,6.051877116,1.919165259,1.541766608
2,2,0,11384.4,7,7,5.396649462,2.515412554,1.890871471
1,2,1,7122.28,3.953492163,5.473175464,6.868994402,2.039150616,2.167513504
0,4,2,14314.04,6.420758472,5.291312045,6.57381106,4.696016258,1
2,3,1,11425.72,4.985639941,6.128810319,6.562309258,2.488662371,1.644124559
1,4,2,13774.32,4.474981668,3.998512956,5.831355757,3.076514896,2.24261206
3,4,0,8293.18,7,5.334870313,5.733688948,2.071100506,2.163341882
3,2,0,13289.54,7,5.580936181,5.818300554,2.168067322,1.594363634
3,4,0,8782.19,6.980418951,3.798494239,6.741102104,3.190754724,3.416477858
2,3,1,7527.52,5.195940126,4.16302197,6.565725238,2.343059673,2.090998914
0,3,0,14116.55,7,5.058079657,6.249325533,4.369149564,2.574039003
0,4,0,5922.18,7,3.737321222,5.432917179,4.127918213,3.232629513
2,3,0,14428.89,7,4.88831792,5.348020343,3.135412174,2.718326488
2,4,0,9585.15,6.552206757,5.146320498,5.627990788,1.306524892,4.152418043
0,2,2,14926.25,6.60471916,6.778268432,5.191070011,5.163595006,1
3,4,2,10395.95,5.348331309,4.288856216,5.385677955,1.91330328,1
0,0,1,12574.88,6.905225684,5.089507986,7,4.415020918,2.777468647
0,2,2,5070.71,4.220298205,4.444349564,5.265592397,2.95401708,1.34670941
1,3,2,9966.67,3.252082806,5.739083976,5.47291138,1.622418502,1
3,3,2,12374.53,7,4.187855931,5.95517417,3.593555225,1
2,2,2,12828.27,5.727549979,6.097539678,4.695473124,3.187064326,1
0,0,2,6580.49,5.282539023,3.522485731,5.650486596,3.994247985,1.915488499
3,2,0,9189.71,7,6.910540297,5.17564764,2.91205695,1.982768463
2,1,1,9190.72,5.363743436,4.830950723,5.842510635,2.157643982,2.032287176
1,0,2,6036.41,4.145057121,4.486815815,5.481136996,1.737622496,1
1,2,2,9430.46,3.888944194,5.762696206,5.834448823,2.312322461,1
3,1,1,13070.93,6.222248133,5.18134466,6.834401783,2.81295285,1.982195089
0,4,2,8001.81,4.864038373,4.501826377,5.417459647,4.843656207,1.714327782
2,0,2,9325.75,5.540653996,5.301876327,6.196495154,2.586646528,1
3,4,1,14609.59,6.080862324,5.118131968,6.904493142,3.065708057,2.342125745
1,1,0,5317.08,5.719334712,4.123779777,6.018150108,2.6877333,1.462590314
2,3,0,10915.22,7,4.713554739,5.321960994,2.272109108,1.134278174
2,3,1,12434.36,6.563564512,5.62885098,5.691964841,3.928880928,1.676232807
0,3,0,12608.82,7,4.338399771,7,3.669897714,2.103551207
1,4,0,12159.38,7,4.975050365,6.05604853,2.836904929,2.560103734
1,0,0,12264.51,7,4.965514119,6.161919452,3.242233924,3.30549823
1,4,0,5590.13,6.280821931,4.066111999,5.8717485,1.533543302,2.977663556
2,4,2,10341.37,7,4.616481237,5.16592741,2.952726288,2.216244948
1,3,1,12829.69,5.082562197,6.275747107,7,3.461727971,1.823930335
3,4,0,5940.65,7,4.212913764,5.550232617,3.126748956,2.88040649
1,1,0,5120.5,5.749950918,3.420592989,6.281176457,2.427943741,1.512176593
2,2,1,13145.62,6.570044773,6.443951369,6.102510429,3.186770051,2.002366243
1,2,2,12122.94,5.390192111,5.720002695,6.0995253,1.962981453,1.21905107
1,2,0,9122.06,6.593633122,5.687745582,5.280545025,2.884613149,1.916938863
2,3,0,14403.96,7,5.011942223,4.842977886,3.392729398,2.224438271
1,3,2,12665.98,5.509386361,3.865551098,6.251804969,3.189101696,1
0,2,1,14678.61,6.982626058,6.764477258,6.967843066,3.443959014,1.367335732
2,0,0,14293.15,7,4.875706845,5.92076924,3.164723502,2.817122148
1,2,0,9812.94,6.31448934,5.812303557,6.313462079,2.413869704,2.261605499
0,4,1,12547.09,6.923124113,4.976210753,5.804465849,3.870444928,3.290824297
3,2,2,11691.91,6.217569323,5.867777986,6.031122184,2.846692276,1
2,2,1,13114.45,7,6.40075512,6.481430927,2.883150049,1.22430569
1,0,0,12876.88,7,5.020757855,6.331781831,3.152433802,3.034620912
2,3,2,6532.32,5.567781875,3.869435912,5.919301496,2.944248131,1
0,3,2,7337.36,4.795945881,3.615949768,5.32125242,4.421922066,2.092547241
2,4,2,7657.32,5.105239562,3.834684718,6.368941759,2.600512291,1.022911556
3,2,1,13184.99,6.060889209,6.609437698,6.991566405,3.561162092,2.351883525
1,1,1,13107.42,4.889689284,4.613186036,6.36108169,3.108509651,1.938370485
3,4,1,9953.35,4.772165098,4.844510935,7,2.209546024,2.559480264
0,3,0,10808.32,7,4.548546488,6.53409122,3.165903328,2.906872913
2,0,1,13269.22,6.814783316,4.591752059,5.993684881,1.945621613,2.680116852
1,3,2,8125.94,4.974263021,5.816606208,6.804201261,2.604629604,1
1,3,0,5501.79,6.048903225,4.27235775,5.991858121,1.906957864,1.964024017
0,0,0,9825.96,6.323622198,5.297374855,5.54557325,3.78483729,2.359913576
0,2,0,14137.17,7,6.337497666,5.917998541,4.519900044,2.223847066
2,2,2,12904.68,6.289111844,5.90502138,5.169416392,2.597550774,1.548557321
1,3,1,8666.17,3.68468667,5.54605272,6.88186781,2.122314119,2.097076637
0,4,2,5647.71,5.127312851,3.121088649,5.961148073,3.503196233,1.235462118
1,1,1,11369.2,4.438550865,4.83396304,7,2.575270005,1.473688422
2,4,0,13344.91,7,4.446424278,5.634449373,3.138644752,2.716470711
3,4,0,11649.49,7,5.376836837,5.612337694,2.154962166,2.471639998
0,3,2,9250.75,4.713266115,5.325062988,5.993256341,4.014715747,1
2,3,1,6233.54,5.138000361,4.415591521,6.350700214,1.618533398,1.475001834
3,1,0,14107.74,7,4.733519699,5.610233993,2.830590481,1.873378303
2,1,2,7759.58,5.593101785,3.127416026,5.787915184,3.030359599,1
0,1,2,7242.87,6.161894542,3.771348084,6.446089734,3.456999722,1
2,3,1,13159.77,5.389969249,4.767617543,6.832542798,2.142168327,3.048821161
1,3,1,14812.2,5.704902523,4.447271043,6.914318635,3.343385459,1.755558956
0,4,1,11601.6,6.188022619,5.987084907,6.630057982,3.428185969,3.561689739
1,3,0,11248.1,7,5.382263967,5.764102438,1.951137292,2.190439592
2,2,2,8194.31,4.509505313,6.403567985,5.041147831,2.498793812,1.117518763
0,2,1,5204.13,4.003273884,4.994416642,5.820142229,3.353338222,2.168122352
1,1,2,6917.98,3.829994957,2.929534321,6.449409511,1.570133753,1
1,3,0,10844.3,7,4.56483126,6.005421628,2.833121141,2.977792748
1,2,0,6513.16,5.794912216,4.549006779,6.172910658,1.630399905,2.371873122
3,4,1,13838.36,6.721780914,5.677384395,7,3.069787962,2.915588371
1,0,0,6881.45,5.556368124,3.546388434,5.979365643,1.761403984,2.766093129
1,4,2,10221.04,5.26473386,5.296278202,5.988786468,2.797497561,1.249113861
2,0,2,10120.13,5.915338785,5.274531311,5.437986717,2.164964711,1.188946366
2,4,0,11039.46,7,4.864812315,5.758407476,2.669967643,2.714795861
2,2,0,8274.34,7,5.914835472,5.509008382,1.488837038,1.947764366
2,3,0,13735.34,7,4.97519225,5.98848558,3.839711065,2.554023787
3,0,2,9443.02,4.948648935,5.098397743,6.761565004,1.799435667,1.792447353
2,3,0,12001.54,7,5.571556979,5.433072586,2.560177395,1.6711336
2,3,1,11359.11,6.250516539,5.476471951,6.969724384,2.099039351,1.563773197
2,2,1,6171.56,6.014895291,5.609506297,5.912335216,2.479750004,1.793870964
1,1,2,11226.39,4.857413857,4.844975813,5.31466594,2.059728946,1
3,1,0,10507.03,7,5.455477002,6.202163863,1.980375774,2.161344991
2,0,0,13986.04,7,4.58503444,4.842959441,2.457727045,3.088258989
1,2,0,13808.77,7,6.62390796,6.642462239,1.900330862,1.583330751
0,3,1,6509.55,4.441089223,4.279309196,6.700328962,2.00023692,2.379845014
3,4,1,5816.85,5.584040491,5.004716884,6.88252346,2.60951226,2.329359697
2,4,1,7945.92,4.179164326,4.621752842,6.573538018,2.924339935,2.772129669
1,0,1,14866.13,6.685034488,5.156542807,6.423198774,2.841024696,2.098065298
0,0,1,5215.74,4.528830047,3.806449005,7,3.467088135,3.442183844
0,0,2,11728.92,6.450070282,4.486954556,6.272751459,3.077599671,1.201478529
1,2,2,11085.14,6.515797438,6.502256199,5.58984567,2.666053543,1
1,4,0,11465.78,6.622965512,5.546247376,6.147417151,2.201376494,2.067285827
3,2,0,7182.86,6.842336208,5.296113302,5.417212535,2.321129688,2.775159876
1,2,1,7267.17,4.113308719,5.492169139,6.580084153,1.774453917,1.719230908
2,3,0,9306.42,7,4.951364118,5.39887897,2.047200004,1.36427341
0,2,2,5958.58,5.683685529,5.09596485,5.734231453,3.539860955,1
2,2,2,5746.13,5.156444018,4.857710061,5.561797915,2.273715494,1.427735109
2,3,0,5883.59,7,4.393737105,5.455852409,2.701532619,2.385604969
2,1,1,10729.79,6.264899037,4.175178738,5.348489358,2.240491291,1.747517776
0,3,2,8977.42,4.727937334,4.597670344,5.575955958,3.827420126,1
0,0,0,7936.17,7,3.861979952,6.720371347,3.633159674,2.033453074
0,1,1,8158.19,4.064223381,4.428791191,6.93231985,2.643563976,2.055184502
1,4,0,7072.83,6.351206563,3.736029639,5.555985455,1.224519029,3.655048099
2,2,1,9115.05,5.913385,6.809912383,6.161685665,2.273169576,2.342801774
3,1,1,7030.58,5.073318629,2.442025546,7,2.909470744,2.535892368
1,4,2,11980.46,5.726139804,5.47903386,5.293570202,2.253219182,1.065675563
1,3,2,6239.33,4.725697588,4.09198386,5.920485388,1.791049369,1
3,3,0,14482.42,7,5.372575595,6.298978593,3.12505218,2.39557464
2,0,0,5898.19,6.597240202,3.078165989,5.841654753,2.271874098,3.316423855
3,0,1,14434.61,6.713044104,4.963235591,6.902793111,3.704544485,2.754940309
0,1,2,13332.95,6.868380945,5.154542997,5.162666891,3.542974636,1
2,2,1,11807.12,6.2511521,5.724958413,6.835369921,1.552296875,1.900679684
1,3,1,14123.02,5.062998367,5.741390543,7,2.844388148,2.424309831
0,1,1,6392.19,5.634875147,4.449362622,7,2.613582607,2.588152661
0,1,1,6763.15,5.179637461,3.885477981,6.760949162,3.628925912,1.872997505
1,1,1,7521.53,3.822543681,3.511156722,7,2.219213441,1.603547238
3,0,1,7448.12,5.048886338,4.02141406,7,2.285059347,3.208411542
0,3,0,8108.48,6.863453291,4.899429594,6.138780423,3.693573328,2.605808489
0,0,2,10756.31,7,4.97819908,5.294928145,3.842010315,1.663907538
2,0,2,5281.73,5.108511964,4.386600108,5.315709706,1.502487812,1
2,1,1,8822.73,3.551537681,5.221918023,6.266987278,2.730351178,2.376780077
1,4,1,7463.85,3.755096263,3.587742716,6.406125357,3.257542687,2.824332228
1,4,1,11066.3,5.363270935,5.145723908,6.006751473,2.101396226,2.471676485
1,4,2,14851.69,4.966831448,4.86892796,6.023620124,2.372530479,1.217203438
3,1,2,10176.55,6.539989626,5.225795773,5.863578996,2.465015777,1
0,2,1,9256.85,5.640737026,6.472009003,6.464415095,3.252336791,2.196141528
1,3,2,8682.44,3.737483721,4.034971635,6.147861147,2.108346963,1
2,1,1,12849.49,6.520420039,5.322946982,7,3.64103987,1.824650126
0,1,1,5719.81,5.211583491,4.058805133,6.93419977,2.716207416,2.527207005
1,0,1,14597.71,4.347360457,4.991435555,5.9216747,2.648260916,3.00482369
0,4,0,9179.18,7,5.510995642,5.903484241,3.995258245,2.868691469
0,1,2,8137.01,4.643905098,5.186652544,5.541250379,3.433404085,1
0,2,2,14740.68,5.724979148,6.364784174,6.071998449,4.775255785,1
1,3,2,14358.79,5.143352279,5.563999495,6.264785047,3.362186269,1.225873461
0,2,1,11419.34,6.117779629,5.767898728,7,3.816881776,1.937396193
0,1,0,5185.07,6.923149435,3.51451574,6.789233209,4.513228066,2.558551896
0,1,1,12485.35,6.826456131,5.294940516,6.965504117,3.318695893,1.762102515
2,0,1,8355.57,5.409892968,4.57651395,6.377713316,2.878477945,3.486494389
1,2,1,8882.8,4.468586136,6.341844188,7,2.179302312,2.851542377
3,0,0,6587.42,6.204614502,4.033972048,5.764420825,2.641205272,2.730253773
2,2,1,10234.58,7,6.657860972,5.800702611,1,1.431025508
0,4,1,12445.53,6.780736118,4.868363527,6.513140745,3.838305399,3.314913183
0,4,0,7730.11,6.834441521,3.782434655,6.497249201,4.281006188,2.343064939
3,2,1,14387.33,7,6.144763248,7,3.327789716,2.010015399
3,0,1,6947.37,5.031179596,4.334135609,6.25175655,1.728600429,3.940456932
2,4,2,5662.62,5.583848156,4.496223325,5.421923802,1.480567639,1.134890373
0,1,0,11443.64,7,5.575410024,6.214164703,3.728143541,1.914292509
3,3,2,13493.19,6.824866973,4.545457747,6.062118591,2.885303939,1.222701288
2,0,1,14531.33,5.072162269,4.924154573,6.424613359,2.073229461,3.270255351
3,2,0,12671.71,7,5.72302355,6.509253026,2.62809191,2.404276539
0,3,0,6996.5,7,3.795011548,5.495325116,3.143259279,2.439894558
0,3,1,14776.61,7,5.347450178,6.785410408,4.546441901,2.158188009
0,1,2,14194.36,6.199030531,4.542010113,5.843203431,3.882684037,1
0,0,1,6631.67,5.803100672,4.139936516,7,3.500261389,2.816114237
1,3,0,10587.86,6.742485234,5.319895179,5.67195401,1.869684924,1.49341995
1,0,0,10555.17,7,4.711039785,6.823355523,2.859506995,2.632927925
1,1,1,9425.35,2.812931898,5.059190158,6.644975921,2.744962525,2.006730482
2,2,1,14842.81,7,6.446637642,5.661659301,2.626528955,1.772774229
2,3,1,5596.22,4.915773196,3.865176343,6.659214915,2.551402814,1.789430393
3,3,1,11272.09,6.831376308,4.414433911,7,2.734481549,2.137748861
3,3,2,7053.04,5.262844892,4.328566393,6.523859447,2.670909895,1.103750377
2,0,2,10273.31,5.713530329,5.066219652,5.477026813,2.376125064,1.850466732
3,3,2,12797.41,6.564497081,5.044280972,6.233517396,2.246698541,1.278013718
2,0,2,7467.27,4.947623685,4.738507666,5.072692895,1.843822039,1.286218681
1,4,0,8933.6,6.017906332,4.746131363,5.597742032,2.485251768,3.624899572
2,4,0,14507.68,7,4.853318365,4.960318757,2.868567551,3.755746213
2,0,2,12614.81,7,5.192844587,5.266482669,3.455988064,2.531316404
3,4,1,10727.23,6.428636053,4.0148731,6.286920932,2.331256069,2.822158333
3,1,0,7219.97,7,3.70420616,5.912781042,1.976271809,2.38949283
2,1,1,9253.05,4.569757423,4.882585103,5.538270163,2.035683669,2.831383723
0,4,2,12740.61,7,5.336959236,6.220592339,3.885374672,1.499515952
3,2,0,13205.43,7,6.208695629,6.403288784,2.528279914,3.281022274
2,0,0,7446.06,7,3.594010919,5.553782417,2.000589553,3.218089657
3,4,0,11620.6,7,4.059148057,5.539528062,2.963244342,2.790568106
0,0,0,5950.03,6.885999141,4.334584945,6.469977178,3.455456649,1.817001716
3,4,2,5232.12,4.598465929,2.928015347,5.300208667,2.338542412,1.423111947
2,1,0,10486.74,7,4.983624559,5.060935952,2.901458654,2.875571367
2,2,2,7243.8,5.458287124,5.16637083,5.34598582,1.704214467,1
0,0,0,5789.12,6.775824715,3.337861146,5.83253552,3.359196393,3.537195201
2,2,2,12298.28,5.690481574,6.286207694,4.819507436,2.022008112,1
0,1,2,9979.75,5.009434587,5.63611148,5.865376333,3.230753513,1
2,3,1,12962.77,6.241244363,3.239095788,5.890357272,3.400779867,1
2,3,2,11639.44,6.292438264,4.855647293,5.858194569,2.358342646,1
3,0,1,12298.05,6.127024828,4.120850956,6.534990952,2.928662136,3.478971236
3,1,0,8073.61,6.286153532,6.044399526,6.086255989,1.919410457,1.593461367
0,0,1,7632.76,4.920157758,3.966163947,6.806614362,3.818787211,2.569405751
3,0,2,11008.75,6.553169603,4.832507062,6.823359361,1.396042287,2.472579592
1,0,1,7000.82,3.558199188,3.457247641,6.651914919,2.408038113,2.718367294
0,2,0,13154.12,7,5.975264832,5.678171618,3.737714673,2.63023454
1,4,1,10229.2,5.69219105,4.421532485,6.573836184,1.638075588,4.262878368
0,1,2,7269.9,5.091552595,3.005127454,5.320032256,2.874789691,1
1,2,2,11251.68,4.651084499,5.517205728,5.874347044,2.258542923,1
3,4,0,14450.36,7,4.282450269,6.223070648,1.999213027,2.817738183
3,0,0,5820.95,7,3.816972846,5.300483238,2.241668335,2.745898683
2,3,1,6093.45,5.092233459,4.084148515,6.781111468,2.048982828,1.582111393
1,2,0,13438.39,7,5.871661733,6.143276126,2.307991907,1.527371411
2,1,2,6095.94,5.025153688,4.602422604,5.057768513,2.474612447,1
0,1,1,5393.75,5.251793795,4.029726822,6.813524653,4.776276452,3.464891758
1,4,1,8479.31,3.868491947,4.541261898,6.921021947,2.601998325,3.560349725
2,2,1,9667.06,3.877506959,5.994678723,6.045995614,1.896497103,1.251568274
0,0,1,10694.44,6.387727049,5.352273178,6.177719511,3.54388566,3.10991269
1,4,0,10073,7,5.317588979,5.95732266,2.455721937,3.281370578
2,1,1,14131.85,6.560413857,5.393371537,6.133779017,3.600219938,1.745183672
1,2,1,12686.68,5.157118751,5.965929857,6.314784618,3.377236259,1.213754638
1,3,1,14838.1,5.283287638,5.16220633,6.80605188,2.979030396,1.928699342
2,0,2,9764.55,5.082228911,4.498673993,5.260292293,2.171248481,1.627915718
3,1,2,5843.3,5.47149062,3.933963447,6.367153895,2.344844965,1
3,2,0,14555.31,7,5.476219006,6.22109798,2.657171379,2.519303085
2,3,2,5041.13,4.671061291,3.844756674,4.717605052,2.483652503,1
0,1,2,12760.96,6.231400187,5.013698468,5.165010661,3.853395025,1
2,3,0,5312.82,7,4.09169703,5.698023324,2.330977969,3.704867019
2,1,0,12612.14,7,3.98346225,5.611149956,3.54514655,1.27457555
1,4,1,14379.39,5.55246918,4.73097346,6.372681004,3.667984995,2.568449818
3,4,1,8892.6,4.673042292,4.549364041,6.255869181,2.026761993,2.60202184
3,4,0,7409.65,6.406068319,3.986313074,4.735101143,2.350784492,3.388154663
3,2,1,7262.79,4.7346256,5.377045565,6.67373458,3.475964171,2.486614193
3,4,1,9917.18,4.566783509,5.645767269,7,2.191735337,3.143404856
2,2,1,6708.87,5.506449784,4.640282997,5.38290708,2.379784109,1.58887486
1,0,0,11729.24,7,5.512421439,6.282500159,2.579068501,2.83568762
3,4,2,8683.52,4.677799347,4.645610049,6.871868285,3.428065552,1.93941083
3,2,2,8231.09,4.859577039,5.643580157,7,2.526571249,1
1,1,0,9612.86,5.701165204,5.344076697,5.896108605,1.772268069,1.830708663
2,2,0,10425.88,7,6.966658201,4.71260845,1.680595516,1.786708699
2,2,1,6419.3,4.532009137,5.201254905,6.054100966,2.362336569,2.083737955
2,1,0,12077.63,7,4.895591215,5.100650367,3.569088477,1.660171053
3,2,0,13829.47,7,5.74612836,5.98506678,2.923927393,2.740904404
3,1,0,7779.87,6.984841364,4.672682165,6.769136135,2.12313707,1.912494655
3,3,0,6803.91,6.713104981,3.386144803,7,2.01574079,1.54914556
2,4,1,12605.05,5.969590569,4.687309774,6.148194102,3.621324402,3.806365546
3,0,1,6835.42,3.959276174,4.793810498,7,1.990040364,2.444523364
0,2,0,5412.55,7,4.880927028,6.748965872,3.745428616,1.622811002
1,1,0,11192.43,7,5.035142225,5.039836706,1.806478184,1.6711132
0,4,2,7397.51,5.189744197,4.283189257,6.603272986,3.147659621,1
0,2,2,6718.1,4.576488242,4.846970506,5.599104973,3.489201539,1
3,4,0,14816.03,7,5.250547942,6.485026194,2.994727752,2.331281201
1,3,2,7918.65,3.860465119,4.510208552,6.315131596,1.766341369,1.088724925
0,2,2,14034.43,6.334697338,5.663638014,5.984046277,3.437525487,1
2,1,1,6782.19,5.572322259,3.499360428,6.215829916,2.735807205,1.334571635
2,3,1,13189.77,5.889307646,4.881488406,6.160545271,3.024402004,1.947462114
2,2,1,10020.19,5.83510082,5.39249332,5.640940571,2.55144739,2.475537093
2,4,2,5785.95,4.9555062,4.355267013,5.195910649,2.116433364,1.862082992
1,3,0,12336.05,7,5.088271118,5.926293129,2.420898698,2.042752893
2,1,1,13920.73,6.654969341,6.10406027,6.260529031,2.81516827,2.140932525
1,2,2,6630.17,4.724164069,5.376039777,5.910486017,1.907477966,1
1,4,0,12255.9,7,4.856102138,7,3.042002394,3.144036537
1,4,1,9450.53,3.722918521,4.588803088,7,2.897819401,2.40311648
1,3,2,12538.7,5.132517023,4.670556002,6.338319515,3.180871321,1
3,2,1,12139.28,6.110051987,7,7,2.002309425,2.428359709
0,4,2,5266,4.855664441,3.699247957,6.383112047,3.675498367,1.444498544
3,3,1,6787.21,4.550331496,4.507355023,6.181795468,2.687063876,2.044856793
0,0,2,9710.27,4.982139636,4.724419795,6.082342068,2.812190363,2.017321406
3,4,0,14335.94,7,4.655112304,5.901602786,2.813187931,3.521701171
2,3,1,8420.73,4.133318318,4.962897379,7,2.334139701,2.094224422
1,0,1,11288.73,5.48591037,4.675463232,7,2.204157178,2.970388865
2,3,2,5120.84,5.27451818,4.22097947,5.548435254,2.749280418,1.005841081
2,4,0,12111.27,7,5.527651077,6.177879747,2.396823619,4.278862977
2,0,0,11030.68,7,4.87845056,5.584292984,1.562156065,3.017027442
3,3,1,12153.95,6.103447488,5.036321138,6.872413618,2.703685879,1.098164323
2,2,2,14046.61,6.63685511,6.199474861,5.596173483,2.789246301,1
1,0,1,6464.99,3.892452425,4.06957542,7,1.8949115,3.295575763
1,3,2,7615.9,4.326923298,4.260305065,6.915127594,1.420302526,1.475303139
0,2,0,14957.81,7,6.320775338,6.022026422,3.53089926,2.26450466
3,0,1,6562.84,5.43188076,4.211103282,6.06157583,1.679916772,2.551357785
1,3,2,12206.27,6.136379846,5.048060089,4.999665005,4.032162096,1.25012164
1,4,0,12250.76,6.956629964,4.795360079,5.856839213,3.261578469,2.999439006
3,0,2,11829.94,6.159350731,5.655550821,6.871988971,2.275274641,1.113144798
2,0,1,7274.41,5.797560209,2.902771542,5.852821327,2.789682805,3.595771825
1,2,2,7151.34,3.840236538,6.340148819,4.777710549,2.847366217,1
2,3,1,11663.41,6.256674369,5.438887381,6.104895867,1.756482705,2.057724243
1,4,0,6862.5,5.972904606,3.609720731,5.713424805,2.093478748,2.086875906
0,2,2,11615.63,5.654657597,6.666544716,5.288115368,3.49109815,1
2,0,0,9925.28,7,4.865164464,6.058857566,3.35720597,2.25558793
1,2,0,8866.29,5.659620303,6.636007168,5.683549834,2.445184524,2.051288658
3,2,1,8002.32,3.828552893,6.671834609,6.731427421,1.702986693,2.773420846
3,2,1,14475.77,6.148559223,5.82108705,5.899575581,3.297520186,2.021241898
3,0,0,10080.94,7,5.122813395,6.413768551,2.531067122,3.562355224
1,1,1,10612.52,5.19783792,5.883860529,6.801821882,2.700247653,2.638812877
2,2,0,14492.56,7,5.659416254,5.130284828,3.094930609,1.814570369
0,1,1,11538.77,6.099107721,4.237577915,6.862936665,3.897741646,2.176127664
0,4,1,14578.53,5.685059078,4.196941857,6.830603502,4.080575545,2.741079898
1,4,2,6063.67,3.861204632,3.750915207,6.074412502,2.850612372,1
1,4,2,13466.4,5.726424743,5.041345815,5.108449886,2.672176685,1.40505253
1,3,1,8354.15,5.082196832,4.637409559,6.49487342,2.506578595,1.943362087
2,0,0,13104.88,7,4.132491812,4.569318745,3.425012849,2.384771734
3,1,0,13556.37,7,4.735933283,6.3857379,2.419125037,2.094951013
2,3,0,7714.88,7,3.825089947,4.957203357,2.113850165,1.891887215
2,1,1,9088.31,4.507157579,5.826477964,6.309376363,2.940118946,2.537191173
1,0,1,12260.14,6.350601814,4.370463581,7,2.748085361,2.828966793
0,2,0,5990.56,6.459546799,6.362534291,5.632411936,3.826397892,1.35717877
2,3,2,12555.34,6.372770768,5.530297087,5.673671254,2.529172635,1
0,0,2,6104.73,5.08139749,3.991355501,5.343496468,3.309479115,1.327033543
1,3,0,14144.56,7,5.506528494,6.335570801,3.169768362,2.181327643
2,4,1,7763.39,5.238525298,4.478387972,7,1.813686458,2.67589183
3,3,1,10755.99,7,4.502474321,6.152225366,1.979169074,2.036762539
3,2,0,6171.54,6.760803386,5.384768758,5.857884616,2.127415735,1.165464903
2,2,2,7694.93,5.299389816,5.505961112,5.406499913,2.374498161,1
3,1,0,9039.55,7,5.111374621,5.332284701,3.253983463,2.64447932
2,3,0,9870.49,7,5.077428223,5.6446469,1.91466526,2.557439634
3,4,0,5000.67,7,3.956760664,6.336193645,2.821673368,3.013505266
1,2,2,13886.56,4.984583637,6.542892866,6.028183982,2.452627802,1.017436133
3,1,0,5076.75,7,3.885242631,7,2.027434326,1.528560221
3,4,2,12736.85,6.578236617,4.922444924,5.720671123,3.704385704,1
1,4,1,9705.79,4.154879242,5.043662427,6.79448693,2.877686143,3.927039603
1,4,2,10238.8,5.500149533,5.444090312,6.020376668,2.339424228,1.62568036
3,0,2,7082.65,5.084260103,3.544324558,6.665605117,2.524733223,1.37664482
0,2,0,11073.68,7,6.34599476,5.878422466,3.591084681,1.905558121
0,0,1,10372.32,6.084466302,5.805193499,6.328102805,3.109619633,3.239083012
2,0,0,6642.36,7,4.330363423,5.751569983,1.923482073,3.234981814
3,2,2,7381.19,4.678497963,5.726887899,5.500984529,1.903506673,1
2,3,2,5669.04,5.155121109,3.973983559,5.557368698,2.241031849,1
1,1,0,5662.84,5.758990233,3.244485656,5.302452647,1.899278853,1.838961962
3,2,1,5137.76,5.732291155,4.690363827,6.2537697,1.389796053,2.250619433
1,1,2,7204.74,3.89327022,3.352938089,5.985703554,2.008338834,1.147596304
3,3,2,11796.61,6.164748262,5.849061067,6.086113566,2.102557917,1
3,2,2,8162.15,5.146616353,6.065911447,5.537182933,2.615462125,1
1,4,1,8427.34,4.51358875,4.919863394,7,2.457737475,2.753651301
3,2,0,6319.05,6.719493576,5.660335804,5.158557216,2.994373856,2.062998705
3,3,1,10754.71,6.201492203,4.642571385,6.578373971,2.65295347,2.155793135
2,0,1,8421.44,4.770513504,4.729566847,6.45701886,3.671824729,4.266722067
1,2,2,11763.17,6.025596863,5.812765832,6.377035468,1.927934047,1
0,4,1,12414.59,7,4.877959319,6.658586629,3.947128381,2.491446734
0,2,2,10846.93,6.36907107,6.570214509,6.338436991,3.646911901,1.088190763
3,0,1,7760.7,4.137732159,4.026287078,6.44550252,3.292181941,2.771963056
2,2,1,10086.08,6.870816289,6.698639463,6.113328173,2.764817502,2.521165693
3,4,0,7519.31,7,3.738920151,5.284672326,3.369207626,2.754620163
2,3,1,14029.13,7,4.767665048,7,2.750851677,2.050289023
3,4,0,12663.86,7,4.200839406,6.603093769,2.987360988,3.253829024
0,3,2,9930.06,4.82599869,5.818017432,5.594041444,3.518583633,1
1,4,2,14654.57,5.089792961,5.063696309,5.487428887,2.799043737,2.712275052
2,1,0,10467.55,7,5.333085935,5.68461841,1.517113831,1.906572096
3,2,2,8285.35,5.461148194,5.978881071,6.180281501,1.798300881,1
3,2,2,5954.67,6.140614046,6.264561951,5.957231692,1.910933532,1
2,0,1,10437.46,6.700810661,5.967349518,5.950595103,2.399576415,2.974365526
2,1,0,13604.17,7,5.140332942,4.801950515,3.376285748,2.085498874
0,0,2,13667.19,6.066428297,5.530034728,5.843574342,4.366724778,1.472242998
2,2,0,11045.67,7,5.794174137,5.779782301,1.68989404,2.464215653
3,0,1,8934.38,4.573048648,4.417576475,7,2.34697384,1.947903178
0,3,2,11502.96,6.493606171,5.305647612,6.319307761,3.113110121,1
0,1,2,12621.4,6.581584018,5.519261177,5.342415431,3.570950539,1.185400741
1,4,0,9116.25,6.608822046,4.528825958,5.806253004,3.353956049,3.340089478
1,3,2,9762.54,3.975323807,5.571266665,5.758758198,2.378879446,1
1,4,0,11806.16,7,5.351060676,6.111567012,2.552047837,3.468374436
2,0,2,13766.53,6.733132859,5.112775239,5.713357728,3.606117433,1
0,2,1,12910.1,6.707895865,5.256509301,6.65856189,5.142514806,1.60480789
2,3,1,5223.91,4.18427022,3.527140513,6.6562669,2.234262412,1.496832896
0,1,0,6243.72,7,4.21363256,5.421695875,3.389174258,3.066322766
3,4,2,13527.78,6.345192575,4.152979527,6.235044514,3.191312062,2.066327598
2,3,2,13338.23,6.304088507,5.220842602,5.623272052,2.996832388,1
0,2,0,8888.07,7,6.475159435,6.459015924,2.360237348,1.252246445
1,1,1,10842.78,5.606678643,5.057931261,6.291634454,2.132559982,1.586753964
1,1,1,14058.45,5.793845933,4.554200312,6.907348625,3.512543654,1.564526165
3,4,1,14115.59,5.829732526,4.619352049,6.364989341,3.020164524,2.049324073
2,3,0,12830.93,7,4.371861517,4.825416655,3.030686839,1.93851171
0,3,1,7095.89,5.685641853,3.863098583,6.65748957,3.823824314,2.473738032
1,1,0,12302.83,6.527615102,5.032733766,7,2.688321652,2.075101435
0,0,1,6010.98,5.509857407,4.243127537,6.274583413,3.466296277,2.280050849
2,1,1,13939.38,5.965579844,5.554428449,6.728098085,3.892957525,2.461884256
1,2,0,6491.49,5.929003433,4.692915882,6.698622241,2.612942341,2.399900756
3,3,2,11623.49,6.786641931,5.593155774,5.238128159,1.693057522,1
3,4,2,11102.43,6.682050038,4.771357672,6.564116597,2.291675652,2.559362414
2,3,2,12769,7,5.069577286,4.820893587,3.344515588,1
2,1,1,10515.78,6.012749592,4.802998748,6.093525619,2.576314425,2.163693095
0,2,1,5595.67,4.495392747,5.052144527,6.120099191,3.700928919,1.069912423
3,0,2,12058.46,6.382631091,4.676995446,6.272738642,2.595522286,1
2,3,1,8831.55,5.198213211,5.224797238,5.77681147,2.594381684,3.228361289
2,1,1,8202.85,4.764237385,4.385764367,6.327722498,1.609125232,1.870631549
3,1,2,14916.74,6.247477413,5.34613603,5.121839866,2.210568482,1
0,1,0,10904,7,3.926442958,6.760409842,3.937829389,1.664221487
0,2,2,12107.19,6.547782866,5.214565839,6.352107351,3.776866489,1
3,1,2,10263.26,6.445057124,5.604122494,6.233665411,2.120228186,1
3,1,0,12699.73,7,4.957243482,5.879081088,3.003000384,1.864780734
3,1,1,12520.73,5.71735612,4.971225702,6.789124518,3.066540724,1.498309612
3,3,2,11571.46,6.100050154,5.819605466,5.629699177,2.554607232,1
3,1,2,14977.43,5.554453371,4.948050144,6.306397591,2.833135818,1
2,2,1,9597.94,3.883363973,6.776800905,6.292872495,2.603576406,2.115829918
1,3,1,12061.92,4.924805708,4.872092148,5.951499165,3.472898173,2.159642867
3,1,0,12977.78,7,5.645335898,5.821827073,2.629294037,1.947068638
1,0,1,8760.35,4.633809369,4.21688116,6.810340255,2.702482449,3.053988823
0,2,2,9571.75,5.536569658,5.432480803,6.543642209,3.187893162,1
2,0,1,14691.67,6.336596031,4.580538548,6.217958215,2.240040897,2.838404767
1,2,1,5322.91,3.712546877,6.193960716,6.886898804,2.414125144,1.88594236
0,0,0,8352.96,7,5.242646234,6.756556077,4.027148073,2.707400481
0,1,0,9862.13,7,5.407059571,6.47236408,3.700703181,1.328243345
0,0,2,5014.65,4.985396956,4.055554281,6.035497219,4.073693042,1.078372939
3,0,2,13991.27,6.568049936,4.965209792,6.341761265,3.905073508,1.711268594
2,2,1,7862.44,5.278116607,4.69008443,5.528200642,2.427853104,1.906744245
0,1,2,7577.05,5.2301674,3.693539793,6.701460155,2.901911418,1
3,2,2,13203.26,6.304325153,6.748848935,5.884441172,2.710993802,1
1,1,1,7779.83,3.605513856,3.988864258,6.735127191,3.744613327,1.768756484
2,4,1,11576.23,6.455311727,5.109077299,6.436577522,2.821582258,3.860627372
1,3,1,13215.03,5.099473296,5.219323207,6.717794075,3.165171895,2.5551868
1,3,0,12924.77,7,5.437321395,6.15765637,3.513169025,1.57930183
3,2,0,12819.51,7,6.284222943,6.581888153,2.852190733,1.904794063
1,1,1,5886.38,3.008800791,5.194156257,6.685032283,1,2.083556036
2,0,0,5798.47,7,3.885006474,5.044905594,2.748911372,3.29157557
1,3,0,8067.7,6.263026627,4.617884141,5.695622877,2.124774515,1.792764227
3,2,0,5359.48,7,5.002581239,5.525023238,2.511598913,3.188308329
0,2,2,10004.3,6.106583644,5.845220274,5.938813508,3.87815947,1
3,2,1,8947.82,4.940906198,5.981955324,7,2.871970895,2.867613778
0,1,1,10570.26,6.851437435,4.953270693,6.999372122,4.403325962,2.256931335
1,2,2,7987.89,3.140840365,5.901170327,6.748434149,2.918641193,1
0,4,0,9857.54,7,5.512690994,6.007978494,3.69049228,3.179980834
3,0,1,8347.45,4.586801968,5.235004026,6.307183143,2.248652965,2.611742168
3,2,0,6952.08,7,5.534410487,6.283689549,2.440957728,2.217962184
2,1,2,11493.67,7,5.662164806,5.019205676,2.032934967,1
2,0,0,11734.36,7,4.586512333,5.793345108,2.269469983,3.008762541
0,0,2,13292.32,5.645334141,4.213580103,5.729402809,4.503976166,1.639013468
0,3,2,13747.52,7,4.649625117,6.342839183,4.96511299,1
2,2,0,12044.62,7,6.75392043,5.663147855,3.227074314,3.247789614
1,2,0,11874.98,7,6.515605612,6.046893213,2.178368674,2.182290256
2,1,1,5566.76,4.781435721,4.072752828,6.149151857,1.26081852,1.75413098
1,4,2,6097.79,4.477772775,4.259875839,5.882868371,2.349289694,1
0,4,0,13125.63,7,5.003341392,5.892119301,3.823215654,2.866653621
0,3,0,7329.51,6.44366356,4.787105002,6.447797654,2.41418972,2.419292687
3,4,1,8555.65,4.813573614,4.72665832,7,2.228466765,2.706431972
3,1,1,6452.97,4.335681632,4.45778837,7,2.38065541,1.417067497
1,3,1,6951.52,4.151294773,4.320534461,6.786726139,2.740785238,2.084773479
1,2,2,12754.17,5.652047164,6.940232483,5.754081802,2.215963963,1
2,4,1,7618.6,4.718123073,3.289059201,6.610935036,2.300416946,1.989412154
1,1,2,9490.35,4.773089898,4.636048731,5.692058708,2.770787812,1
0,1,1,6516.71,5.545937333,2.910000687,6.656983435,3.566934696,2.650770517
0,2,2,11779.3,6.077668835,6.029685366,6.070397765,3.880697329,1
0,1,1,12282.7,6.905824578,4.704955626,6.9876749,4.103496248,2.137477854
3,3,2,8616.92,5.106046636,5.638505632,5.882179584,2.148816794,1.03419227
1,3,1,12847.47,6.200147667,4.801864651,7,2.573060166,2.349085037
1,0,1,7399.07,4.46005234,3.862397417,7,2.168646809,2.91201726
3,2,0,11919.04,7,5.719956973,5.320555959,2.439892958,1.62903337
3,1,2,12299.65,5.889639914,5.384498633,6.758419048,3.428632515,1
3,4,0,14686.57,7,4.845263398,5.573588746,3.042563145,2.866234443
0,3,2,7323.22,4.883659724,4.494055596,6.649933863,3.338367185,1
1,2,0,5937.1,5.876233366,5.457465315,6.165718229,1.945207586,1.935621578
2,2,1,7630.35,4.251531358,4.414275192,5.709598459,2.174289744,2.305604449
2,3,0,6228.62,6.608762037,3.936945558,5.609358209,3.067991614,2.027919889
1,0,1,6696.94,4.05021447,3.697342,7,2.682287043,2.34444093
1,2,2,8341.15,4.749022284,6.558395013,6.116980285,2.630156607,1.067915725
3,1,1,9139.91,4.623490837,4.80518545,6.780787546,1.679996986,2.364690868
3,4,0,14037.24,7,4.807161609,5.678517689,2.9829725,2.977882037
0,4,2,6956.16,5.498025305,4.512073235,5.43316381,3.730275134,2.014951318
3,3,0,14717.59,7,4.915025974,5.801617005,3.269108906,2.143670079
1,2,1,13101.53,5.989823432,6.144401323,7,3.29875468,2.588169836
0,4,1,13814.71,6.202078713,5.783824875,6.522257516,3.945682115,2.703170963
2,2,0,14294.44,7,7,5.760910362,3.247939914,1.054242739
1,3,2,12532.41,6.142744822,4.480769199,5.981823064,2.647904328,1
2,0,0,12887.8,7,4.519288899,5.140528615,3.069790739,3.684999687
1,4,1,9378.18,3.787693291,4.641886485,6.881952805,2.303742968,2.387505569
1,1,2,10104.5,5.29733479,4.016020943,5.984793098,1.677030339,1.734475929
0,3,0,14324.85,7,5.126886343,6.263476656,3.954320132,1.928909834
0,0,1,8782.56,5.252696367,4.512057228,7,4.553560729,2.160050796
3,1,2,5419.47,5.266388305,3.590778217,6.345473026,2.469451965,1.439802897
1,1,0,12627.54,7,4.275952945,6.382120545,3.373537871,2.594458574
1,4,2,10731.58,5.736207266,5.298260741,5.483699845,2.510979676,1.291711139
0,2,1,13148.76,6.841815889,6.152742192,7,4.50806532,2.317494298
2,3,0,5755.51,6.628101122,5.20938368,5.626939699,2.615872404,2.029500749
3,1,0,11212.32,7,5.391436362,6.134177912,2.74440773,1.667554393
1,4,1,7477.06,3.833848916,4.13392706,6.824128036,2.156918576,3.034423148
0,0,1,14032.69,7,5.228920925,7,4.116075412,2.927265273
1,1,1,6099.1,4.12156092,3.777760895,6.925792538,3.083909641,2.872177059
0,0,0,13430.69,7,5.152844027,5.640431069,5.423489854,2.643064766
3,3,1,5885.54,5.76219917,4.18299089,6.283517944,1.559085521,2.695225604
2,4,0,5250.97,6.712873615,3.370019086,5.365610582,2.297458613,3.085489394
1,0,0,7350.59,6.159595312,3.633756042,6.000800145,3.158757464,2.373727718
1,2,2,8330.45,4.235473436,5.673018835,5.794180064,2.866206547,1
3,0,1,11265.29,7,4.353336777,5.795290454,2.309701414,2.685498226
2,0,1,6317.25,4.690741981,4.320752616,5.837190503,2.58490088,3.313627717
1,4,2,9373.3,3.3138992,5.513228249,6.386614778,3.076241428,1.402690789
3,4,0,7042.64,6.582608731,4.627025664,6.024316081,3.211424225,3.254669791
1,1,0,13553.03,7,4.559263351,5.94781425,3.4686482,1.245928221
1,0,0,5449.67,5.797475913,3.192770775,5.479492643,1.994360951,2.764634145
3,0,1,8559.38,5.176678025,5.350882624,7,3.10160307,3.492631718
3,4,0,11313.74,7,5.1169025,5.718859399,2.425322341,2.819659134
0,2,2,14130.88,5.928850903,6.925979289,6.85403727,3.820960625,1
0,4,0,13679.93,7,4.960380604,5.734175109,3.886418323,2.995082815
1,2,1,13951.92,4.592320228,5.938543247,7,2.229448597,1.80985378
3,4,1,5628.53,5.144054088,3.910198121,6.418054704,2.784009495,2.974689026
2,3,0,13409.23,7,5.428634771,5.236329662,2.562554527,2.293899749
2,0,0,12799.13,7,5.878924423,6.258044363,3.273446584,2.608908061
1,2,1,14024.32,4.966094684,4.913616799,7,2.515281441,2.177050096
0,3,0,8115.76,7,4.163744481,5.69778315,2.933474815,2.396542425
3,2,2,14117.65,6.918586994,6.07797134,5.578621295,3.093980438,1.0535725
3,1,1,9026.41,4.259225703,6.056334769,6.678104201,2.240584607,2.801327883
0,1,0,11341,7,4.9474399,5.543274018,3.211453349,1.646928982
3,0,0,9241.79,6.117157708,3.959872103,5.884200828,1.609471269,3.226329382
1,3,0,9276.48,5.889623502,4.20215574,6.762379153,2.086798297,2.257549692
3,3,2,10466.37,7,4.983083029,6.006991862,3.019059773,1
3,1,1,8559.27,5.536591177,4.962965097,6.885156275,2.378172153,1.815094262
0,0,2,12927.37,6.232603624,4.673699976,5.352191019,3.976703485,1.267322848
0,1,0,11336.39,7,4.953855481,6.538697931,4.016206486,2.672619322
2,3,2,11897.56,6.398829533,4.744495383,4.816261322,2.954212567,1
1,2,0,7310.35,5.549449121,5.312869117,5.845571855,3.023652802,1.616227973
0,3,0,14695.75,7,4.073632694,6.616081762,3.36210187,3.243857031
0,0,1,11601.76,6.441301868,4.856306973,6.784179847,2.962983016,3.228945846
0,3,1,6971.96,4.795722447,3.843678397,7,2.640118891,1.902120797
3,4,0,12504.9,7,5.069030118,5.721898897,2.840484184,3.82461043
1,3,0,6737.14,6.249725579,3.61046766,6.326087147,2.322823871,2.370970891
1,4,0,5633.85,5.898003929,3.59609993,5.165738577,2.876176379,3.242058275
3,1,1,10275.53,6.678352379,5.324438303,7,1.458452697,2.041668327
3,4,1,10535.24,5.594618339,4.802987256,6.964956715,2.124022967,3.781197785
0,3,0,6889.66,6.854464895,3.614886901,6.015994751,2.982042561,1.561767962
2,3,1,8483.79,5.468237478,5.495135927,6.378540797,2.605150128,3.044196557
2,3,0,14457.69,7,4.566558609,5.767876809,3.41761975,2.466847604
1,0,2,7850.03,4.572091969,4.49746086,6.260019136,2.617947869,1.605375897
2,1,1,6555.68,4.205326982,3.140754032,5.773366788,2.709899074,1.781169323
0,4,0,14925.62,7,5.781646874,6.541841977,3.113520426,3.265093748
3,2,2,8023.06,5.028073563,5.872088231,5.836248777,2.143221214,1
1,4,0,11802.54,7,6.088291857,6.507970545,1.286881613,3.045666629
1,3,2,7315.6,4.145613013,3.502554792,5.394558798,2.748839191,1
3,2,1,10501.21,6.261357572,6.501271236,7,2.428984474,2.145680826
2,2,1,8862.82,4.98921883,6.003889356,6.709558778,2.203705438,2.249960821
1,4,0,14615.79,7,5.372377736,5.363161185,2.333900458,3.526637835
3,4,1,9328.06,4.943910916,5.130418034,6.404072852,2.608028766,3.843937422
3,4,1,10841.74,6.575803955,5.323934124,7,3.140066499,2.560365454
2,4,2,14447.66,6.706821704,5.637567218,6.277043737,2.788162485,1.064919632
2,1,1,14892.34,6.42251023,4.83962221,6.1606714,3.205979673,1.729588908
0,0,2,6016.58,5.779578401,3.797674603,5.69941453,2.915077125,2.028625915
2,0,2,13343.21,5.853294657,5.228683788,5.847284962,1.541778908,1
2,4,2,8821.16,4.811077026,5.947265372,5.311203168,2.048268222,1.025079933
3,0,1,10948.29,6.117267842,4.682428161,6.463939732,1.942568843,2.541996899
1,4,0,8750.48,5.809415091,5.475405046,5.439428134,1.976512775,2.640155715
3,4,0,9011.16,6.999974843,4.618583863,7,2.591607699,3.387204744
0,4,1,6588.58,5.119292876,4.702176457,6.228426109,3.22126459,2.491713679
3,1,2,10727.66,6.414308394,5.791854886,7,2.777316607,1
0,3,1,10467.16,7,5.741569892,7,3.43318257,1.946486506
2,0,0,6893.56,6.670870847,3.87739245,5.100354206,2.267792876,2.888428725
1,0,2,10417.3,5.068211696,6.342696707,6.148047132,2.946224091,2.000307974
1,1,1,14731.02,6.47149509,4.546492009,6.527364036,2.092974541,1.191194842
3,1,2,12144.09,5.995127661,4.924086864,5.952920574,4.587515265,1
1,4,2,9809.83,4.485127558,5.071035233,5.343613577,2.448356651,1
0,4,0,14160.84,7,5.323994706,5.706380463,4.296448285,2.59898844
0,3,2,10753.14,5.947263258,5.243926406,6.522282091,4.021026209,1
2,0,1,6350.48,3.912098678,4.044159825,6.934673984,1.64261284,3.790457982
3,1,2,10475.1,5.470528581,5.198503478,6.414880561,3.034107836,1
2,3,2,6809.73,4.837371023,4.08404339,5.158813922,1.305158385,1
1,0,1,12675.05,5.745570011,5.512865832,6.557102869,3.738583955,2.816014579
2,3,0,14671.74,7,5.372962694,5.526700324,2.954691387,2.778562986
1,3,0,8608.19,5.150493178,5.021206776,5.082778784,1.401238722,1.973449845
0,4,1,9349.18,4.737053567,6.039473012,6.673309417,4.06757373,2.925818861
3,3,2,9214.96,4.399211613,4.118684155,5.318124431,2.46396201,1.298560487
3,4,1,7853,4.543162831,4.418924387,6.709139278,1.767575082,3.077305466
2,0,1,12941.8,7,4.962267512,6.71477275,3.154324656,3.055183974
1,0,1,11177.28,5.098448418,5.245407501,6.069121417,2.480671836,3.586265426
0,4,0,5640.52,7,3.478865223,6.220866948,3.14735723,2.970259023
1,2,2,13388.06,6.461080418,6.63887572,5.673772848,2.645590369,1
2,3,1,6870.88,5.042496387,4.066449118,5.555397271,3.299551427,3.048943014
1,0,0,14791.51,7,4.564929294,5.686513061,2.5290368,2.383920825
0,3,0,8766.63,6.682971822,5.211157593,6.064231167,4.262107766,1.238386679
2,2,2,11164.5,6.059574409,5.199942087,5.572343587,3.100320574,1
0,3,1,5778.24,5.682713286,4.346882934,7,3.792950275,2.901609077
2,2,2,8446.63,4.899897868,6.543399956,6.422741046,1.788347154,1
3,1,1,13023.54,6.78738867,4.570646432,6.349643627,4.014984945,1.593977807
1,2,0,9772.08,5.816787855,6.307960148,6.21435315,2.027382902,1.896047945
0,0,0,14046.03,7,4.723123899,6.347667454,4.653226367,3.409082715
0,4,2,10751.38,6.497573113,4.901639083,5.346124216,3.32205405,1.486717339
1,4,1,14285.72,6.044051497,4.033415703,6.631581169,1.867088525,2.098144574
0,3,2,14826.1,7,4.349132291,6.054036811,4.713088836,1
0,1,1,9538.95,4.387945784,5.059577084,7,3.996378733,1.875812451
0,3,2,10651.57,6.221496385,5.578201755,5.269281923,3.968487918,1
3,2,0,13349.21,7,5.316746857,6.817554041,2.899433025,1.552882387
0,4,2,7215.33,4.978148164,3.713865887,5.730828823,3.251870559,1.404150698
3,2,1,13616.3,6.878709275,5.435538576,7,2.527504055,2.128093102
1,4,2,10919.2,5.470926286,4.596542069,6.567658211,1.902918391,2.109402001
3,4,1,12255,6.834011834,4.625237953,6.200778767,3.532597257,2.32945432
0,4,2,5798.54,4.933435788,4.348402457,6.23178585,3.398579309,1.035174315
0,0,1,12661.88,6.861048675,4.059523474,6.929775131,3.551660589,2.461383545
0,2,1,8107.87,5.184163631,5.825183622,7,3.853218853,1.6512455
3,3,1,13052.32,6.387367851,4.44819048,7,3.784065347,1.402437753
2,1,2,10091.53,6.59420438,5.161723908,4.874981105,1.795798963,1
2,3,2,7746.14,5.280425441,3.820156844,5.137186195,3.332159406,1
1,2,0,14527.6,7,5.122966968,5.739626474,2.150728278,1.589990518
1,1,1,12650.62,5.229554369,4.645129036,6.925034004,3.438857086,1.943425007
1,3,0,14856.86,7,5.780493005,5.651004895,3.451936633,3.262794159
0,1,0,8644.7,7,5.814662298,6.364056984,4.075580025,1.758077406
2,2,1,11492.2,6.459316075,6.101198324,5.968328682,2.373289838,1.7376616
2,4,0,11115.89,7,4.309627066,5.233279969,2.957816927,2.997477426
1,2,2,11875.57,6.167352566,5.897210014,5.87585034,2.407465006,1
2,0,0,5383.17,6.302862014,4.283427479,5.007205299,2.294788702,1.834759128
1,1,2,7917.19,3.675704109,3.936878365,6.280656817,1.682284683,1
0,2,1,14093.38,7,7,7,4.839822073,1.802547512
2,4,1,9238.2,5.326657772,5.301533364,5.829200202,2.398253272,2.752329172
0,4,1,14606.44,6.683918344,4.732457016,6.072567141,4.208627911,3.3153064
0,2,0,7135.03,7,4.311898709,6.091217592,3.84428456,2.068516288
2,3,1,14974.24,6.932328231,4.294721842,5.727498526,3.29467612,1.825862281
3,2,1,11975.81,7,6.353400384,6.35230143,1.827110073,1.06161947
1,4,2,12763.93,5.843738765,4.941633766,6.458165829,3.128872171,1.457254819
2,2,0,8968.61,7,6.151042523,5.333817969,2.299943814,2.420874229
0,0,0,14070.08,7,5.462359838,6.031680675,4.00796243,2.991623943
1,3,1,10454.63,6.08819738,5.584484097,6.996041321,2.612991521,2.021616938
0,2,0,11809.38,7,6.422453585,5.775595398,2.986742926,1.788832104
1,4,1,5948.08,3.1789599,3.380739814,7,2.862981472,2.779926367
2,2,2,11316.81,6.761069991,5.724738577,5.830795381,2.430610128,1
0,2,0,13790.79,7,6.003657282,6.425001741,4.15931309,1.210929777
1,1,0,6782.83,5.775551002,3.608816975,5.261018482,1.919405136,1
1,2,2,12377.26,5.034609328,6.298051917,6.226865016,3.25172536,1
2,0,0,5254.01,7,3.487733122,4.811669035,2.321294064,3.173303154
1,4,1,14262.03,5.082332741,5.132322257,7,2.331876713,2.902956106
1,1,0,14829.17,7,4.901111188,6.206432528,3.455056887,1.849151101
0,2,0,8541.8,6.469416106,6.149571981,5.452655448,3.224795598,2.220974071
2,3,2,6070.74,5.090566998,4.498912586,5.616005052,1.910157507,1
2,0,2,11585.76,6.813898782,5.120108887,5.403948137,2.469408087,1.04787043
0,0,1,5298.35,3.777249091,4.521386715,7,3.45651633,2.450674097
3,0,0,9824.86,6.893239677,4.135165272,6.057252502,1.332058812,2.953307164
0,1,0,7717.79,6.647307991,3.926200921,5.430405577,4.254089213,2.180249387
0,2,2,9733.39,4.655745896,6.110261652,6.80304154,3.025113921,1
3,0,1,5182.76,4.422444581,3.65936128,7,2.020065813,2.691485691
1,2,0,5516.12,6.100826209,5.184420708,6.484739153,2.710644832,2.163640927
2,3,1,5159.76,4.885102655,4.479909249,5.906394395,1.874377334,1.796028126
2,2,0,11191.32,7,5.781540299,5.199810233,2.386986472,1.971675474
3,2,2,10600.93,6.310279254,6.433518752,5.763444157,2.828015017,1
2,2,2,7331.58,5.508244744,4.804683966,5.425885871,1.351307034,1.168552422
3,4,2,11466.43,7,4.85593608,6.186364349,2.356618928,1
1,1,2,13842.07,6.123733025,4.862703877,4.975843776,2.642061591,1
3,2,2,7773.22,5.061108969,5.258111145,6.593081999,3.214902904,1.45572338
2,0,2,13319.94,5.987321919,5.309632266,5.898424061,2.738256829,1.543562198
2,4,1,11625.09,6.699659905,4.757452193,6.940972983,2.417560068,2.814166443
3,2,2,5338.2,4.388219069,5.77566433,6.037486068,2.339144577,1
2,4,1,8751.5,5.446897874,4.432621262,5.195964766,1.945623359,3.073510391
3,1,2,10077.57,6.669198174,5.070245715,5.913954414,2.379309002,1.930148696
2,4,0,12316.99,7,4.788798041,5.447650561,2.896301974,2.93465951
0,0,0,7871.31,6.544256287,4.399468457,6.148430507,3.105443903,3.409884266
1,2,0,14827.3,6.548667031,7,6.942600979,3.862571138,1.751735436
2,0,1,11845.4,6.620335277,4.689088383,6.515339093,2.309182656,2.669873015
2,3,2,8728.14,4.764545013,5.041243042,6.968097245,2.952767002,1
2,4,1,5970.25,4.909406608,4.31149796,5.993525749,2.185970271,1.92422563
3,4,2,6813.68,5.045426793,4.058137565,5.728101552,2.525694899,1.462234191
2,4,0,9876.08,6.73410295,5.411523731,5.410157541,1.77625379,2.019357117
3,1,1,9946.95,5.71770435,5.062957696,6.841758021,2.27810113,2.609016488
2,0,2,12677.19,6.571302748,5.774015557,5.572902944,1.66264668,2.033440656
0,3,1,12261.77,6.657635714,4.746549329,6.671640416,4.046127978,1.379235766
0,1,1,7012.73,5.43861083,3.777068622,6.365932838,5.649428786,1.423478887
1,1,0,10949.57,7,3.849747999,6.627149926,2.15877686,2.408459955
3,2,0,5206.22,6.528364513,4.392162849,5.627006216,2.97273935,2.288595067
1,3,0,8985.47,5.191775215,3.79021678,5.839390502,2.846185931,1.620741476
2,4,0,12641.05,7,5.063485129,6.376384231,2.660643519,2.869977999
2,4,0,8995.09,6.672403236,5.492675355,5.795408729,1.450781987,3.246087264
0,2,2,13355.96,5.755496255,5.744385091,6.372845487,3.572768751,1
1,4,2,14761.55,5.879692939,5.207602912,6.178362225,3.395898141,2.053511132
2,0,0,11072.13,7,5.166622809,5.982259291,2.683926728,2.820336129
2,4,0,6450.04,6.891448946,4.412165645,5.607012513,2.847065441,2.954934936
3,0,0,8796.77,6.813222262,4.118266198,5.884781746,1.684522895,1.985227817
2,2,1,5094.83,4.567227468,5.551556161,6.179074641,2.38908839,2.336799571
1,2,0,11027.26,7,5.85599376,5.776945685,2.686214892,1.986893662
0,0,2,13215.69,5.227888185,4.823425843,6.265837315,4.291438508,1
0,4,2,11299.4,6.126955422,4.025680141,6.274684203,3.810899875,1.333303419
2,2,1,12860.86,6.324840889,5.659264781,6.466186748,2.178908323,2.388413083
2,2,2,12999.04,6.789588625,6.784092151,5.525174025,2.740003903,1
2,0,0,13510.13,7,4.421155187,5.465384267,3.13268187,3.140650048
3,2,1,7666.64,4.823851067,5.515508493,6.31990372,3.309021333,1.687810278
2,4,1,13712.69,6.703885743,4.723731093,6.348993353,2.460378894,3.437786651
2,2,2,11540.94,6.091307052,6.24079684,5.46806074,1.949168279,1
3,0,0,7897.26,7,4.072190542,5.129848569,1.343355659,2.738973304
1,4,0,14872.95,7,4.89251978,6.721968382,2.165216336,3.006146163
3,3,0,14501.82,7,5.312232566,6.446926031,3.058452937,2.123064211
0,0,1,10744.41,6.335078483,4.245183717,6.964395647,3.298678821,2.528001733
3,3,2,13432.08,6.686247213,5.230731509,5.647143511,3.125004379,1
3,2,2,7614.94,5.094944831,5.826783848,6.221265085,2.48347851,1
1,4,2,9160.37,3.627825527,5.240777234,5.206170443,2.121804397,1.018373506
1,2,0,6839.72,5.928897007,5.092176812,6.065289496,2.53257193,2.483303461
2,4,1,10201.03,7,4.881440298,6.004544923,1.906117175,2.738801586
3,1,1,9960.01,4.506084228,5.23482604,7,1.537689377,2.004742639
1,2,2,7128.13,4.777976787,4.459195978,6.738616656,1.870097721,1
0,2,2,11728.02,6.808782149,6.453789077,5.947296555,3.118282116,1
2,2,1,6177.9,4.96167841,5.093850696,5.903864404,2.172230857,2.12544614
3,0,2,5616.91,5.534934204,4.097531403,5.912192447,1.888279011,1.027766505
0,4,1,8849.05,5.108222673,5.135374488,6.688875304,3.952538366,2.929418479
1,4,1,9098.25,3.756805702,4.672479037,6.438927662,2.5400135,2.589328647
2,4,2,8197.41,5.053783854,4.575755036,5.416486804,2.272730384,2.582070734
0,0,1,7579.47,4.346449049,4.4043323,6.415717311,4.174870356,2.550986236
3,4,1,8387.76,5.518118474,5.110871141,6.134314088,2.399363468,3.157794497
0,2,2,6633.76,5.293822888,5.081532282,7,4.473043196,1
2,3,2,9034.52,4.341934202,4.499856484,5.365516739,2.251993425,1
3,1,2,14046.03,6.228133274,4.0055742,4.919350094,3.006879313,1.296195146
3,4,1,7244.27,4.224453606,3.893313159,6.790754575,2.486375347,2.644812337
0,0,2,11844.51,5.949912994,5.322888628,5.022941698,3.690894695,1
2,0,2,6417.85,5.121923554,4.580254898,5.156829907,2.11591142,1.189703012
3,4,1,8539.07,6.139237119,4.936011143,6.713071541,2.256755733,3.576446063
2,3,1,8211.75,4.681017791,5.396665518,5.92049916,1.885810419,2.185410953
1,4,2,14370.29,6.107113867,4.808335675,5.804814013,3.31761589,1.394675124
0,0,2,9279.82,5.340000508,4.187317583,5.480329755,3.469186664,1.625911079
2,1,1,11904.66,6.435069229,5.039922107,6.603277367,1.676657195,2.303186139
1,3,1,11024.63,6.025308045,4.828579219,6.369432878,2.744389279,2.859762057
1,4,0,6410.3,6.073892272,3.558546306,5.9970772,1.883126216,3.258049993
2,1,1,14395.4,6.474693903,4.536018677,6.399713222,2.672312285,1.342470248
2,4,1,8458.69,5.379638678,5.149315591,6.065424911,2.936036571,2.526631412
0,3,0,5447.58,6.782658907,4.187524251,6.438132527,3.695484921,1.718021506
0,0,2,8004.44,4.881324283,4.677347799,5.833836464,3.371691332,1.608142662
3,3,0,8356.34,6.654992884,5.477407709,5.987511739,1.87304623,2.19430219
0,2,1,5927.45,4.939933796,4.969959645,7,3.343674608,1.772960238
2,4,0,11199.77,7,5.251934406,5.877212224,2.018459677,3.009959303
3,1,0,8467.64,6.306807919,4.039776504,5.704541784,2.32358485,3.200101142
1,1,0,11291.35,7,4.453250078,6.437799122,1.627228064,2.766518032
1,3,0,5067.41,5.747340522,3.712717024,6.510106497,2.020441258,2.874133826
2,3,0,14820.48,7,5.443740026,5.557982997,3.339399076,1.496142221
3,3,0,6705.16,6.083276329,3.530631298,5.798055612,2.200036945,1.757970471
3,1,2,11593.31,5.431713171,4.680637717,6.019776867,2.178324183,1
0,0,0,12157.84,7,5.02821006,5.476393685,4.07736021,2.696219756
1,1,0,6716.08,5.37557111,3.909252849,5.006932373,1.960534728,2.168432026
1,0,0,6117.12,6.205952701,4.006593337,6.11239577,2.609929293,2.952318337
0,3,0,6525.77,7,2.939228832,6.412398408,2.412686841,1.686665722
1,2,1,7468.18,4.365229488,5.510058642,6.315033579,2.275998796,1.702361788
0,1,0,6682.32,7,3.961331382,5.675908933,3.690880572,2.289542589
1,3,0,11739.99,7,5.326672716,6.78080539,1.259755442,2.603022336
1,1,0,9208.33,6.716030791,5.22456703,5.843743301,1.520664465,2.021231444
1,3,2,10377.92,5.298723795,4.304464556,5.671657451,2.280062345,1
0,1,0,5473.37,6.487666591,2.809953357,5.872167817,3.041009217,1.781826122
1,4,1,13612.49,4.476580262,4.839616011,6.986177103,2.778298236,2.951660715
1,1,2,6705.72,3.852911557,3.014434562,6.040513454,1.907727264,1
3,4,1,8601.52,5.339102319,5.13469287,6.493879438,2.222435935,2.980213517
1,0,2,5719.02,3.150654683,3.429754473,5.453621754,2.548837181,2.182736448
2,1,2,6367.93,5.295599245,4.058847295,4.986384707,2.67031104,1
1,0,0,11657.99,6.994279053,5.36128757,6.66492503,2.66934764,4.089240252
1,2,0,11925.87,7,5.96556549,5.559659955,1.856624331,2.698603345
3,4,2,11769.65,5.946032259,4.726301667,6.630382974,2.493113189,1
3,1,0,10521.37,7,4.150639398,5.899491932,2.338373919,2.070485023
0,0,0,14525.22,7,5.371613045,5.41468372,4.254358261,2.867318039
0,3,2,10071.77,7,4.77932202,6.065169761,3.633541648,1
2,0,2,9494.12,4.237804168,4.886780887,5.833403357,1.643519009,1.350111483
3,1,1,7475.46,4.665319034,3.031976847,6.916569534,2.504605375,2.335215088
0,2,2,5988.5,5.391614053,5.150414234,6.200226315,3.593942387,1
0,4,1,10481.55,5.750097664,4.629781716,6.826190022,3.633873179,3.22606359
0,3,1,8148.9,5.337334139,5.09301068,7,4.266514617,2.205434748
3,0,0,10240.25,7,5.229085475,6.40782808,3.074732481,2.352576825
3,1,0,7061.19,6.180276644,4.103659788,5.277356511,2.175406168,2.905480075
2,1,2,13381.73,6.501727981,5.007208855,5.299724894,3.75252372,1
3,4,2,14996.97,6.265998819,5.739976776,6.09259008,2.792508671,1
3,3,1,8224.04,5.068707674,4.774308276,6.642634884,2.114532124,1.084699039
3,0,1,13423.28,7,4.65309521,7,2.890550092,1.531312253
2,0,0,13729.86,7,5.059724693,5.227460413,3.725454164,3.795990269
1,0,2,14960.74,5.643553725,5.211642469,5.423725842,2.421864632,1.072777162
1,4,2,8427.2,5.000073529,4.725715424,6.658534468,1.938722944,1
0,4,2,12560.41,6.249816708,4.73704453,5.637243079,4.980769511,1.372907533
1,3,2,7288.09,3.900517217,4.012689186,6.457457001,2.312541224,1
1,0,0,11247.96,7,4.465473534,5.581136316,2.354225218,2.546113287
2,0,0,12048.43,7,4.448592637,5.068584416,3.555193638,2.71655
2,3,1,12411.21,6.270617355,4.58647439,5.857308185,2.481250391,1.354445981
1,3,0,7071.72,5.648106333,3.942173321,6.320319827,2.25777895,1.496232435
1,3,1,13487.26,5.229335064,4.699110817,6.469423214,2.810627092,2.444798457
1,1,0,9209.72,6.336888329,5.798351546,5.553433187,1.741608619,1.815412976
0,3,0,7163.7,7,2.947632477,6.056965252,3.330744228,2.311765574
2,2,2,10425.31,6.710119617,6.509559525,5.745070265,3.70110433,1.392148832
1,4,1,13633.57,5.91269822,4.757386888,6.612126773,3.574567828,3.493933514
3,3,1,14670.88,6.07459992,4.000458617,5.884022352,3.586328473,2.680175582
1,1,1,12482.08,5.508653172,5.16192599,7,4.007048079,2.339833065
3,2,0,5056.23,6.989150833,4.983824073,5.859253854,1.91270638,2.32586147
0,1,2,6347.01,4.934312841,3.590188971,6.564604696,3.77646374,1
3,1,0,5762.74,6.919659053,4.228571926,5.825829907,3.684557248,3.141298026
2,1,2,6012.14,4.591363238,3.870147247,5.050660619,1.362170686,1.353407376
0,1,0,8830.35,6.925119457,4.452887866,5.133532643,3.611422329,2.179154043
0,0,1,8384.93,5.205751982,5.535121057,7,2.856314771,2.355738301
1,4,0,6136.85,6.487331049,3.691109885,5.26679191,1.61317667,3.368464745
0,0,1,13822.35,6.959691445,5.064095758,6.328617919,4.168520301,2.82015657
0,2,2,11154.28,6.279779488,6.541953056,5.759994433,3.770105761,1
3,0,1,12964.63,5.779267399,5.996671252,7,2.203667915,2.181556833
1,2,1,8715.49,4.792080016,6.28987983,7,2.493948683,2.543679941
2,3,1,9102.36,5.565913748,4.561217459,6.551595212,1.5975146,1.456040261
1,2,1,8176.21,3.84831053,5.34974746,6.411175714,1.213800818,1.989979246
2,0,2,9384.27,5.82130029,5.016014965,5.517438874,2.120319365,1.888409681
3,0,0,11103.77,7,4.45033654,6.084829097,3.076229345,2.18629881
0,2,0,9929.84,6.529505215,6.147783754,5.824750348,3.709988823,1.508513565
0,0,0,13379.17,7,5.026221407,6.043361453,5.501687549,3.291644419
1,2,0,14001.39,6.729717576,5.692312453,5.319202181,3.806986448,1.465407869
1,1,1,9696.84,4.293681169,5.243557579,6.067142139,2.09056266,1.867791044
1,4,2,7397.48,3.209509422,4.892499451,6.08518167,3.09656697,2.504029962
0,2,2,14451.92,6.579804462,6.386795313,5.606104074,4.866793343,1
0,1,0,12350.39,7,4.616162709,6.036630916,4.510760173,2.101822873
3,1,0,11401.27,7,4.892168325,6.252411871,2.537060207,2.607417086
2,1,2,12454.14,6.9031309,5.077311583,5.707377355,2.424334476,1.138935262
1,1,2,5759.82,3.875224194,3.937645075,5.760796803,1.856655835,1
0,2,1,5676.26,4.461203302,5.08028188,7,3.488660659,2.331715237
2,0,2,6531.21,5.24060054,3.775764514,6.11908758,2.799622101,1.810615497
1,1,2,6474.51,4.207922927,3.830116846,5.82899758,2.285060596,1.188961723
1,3,1,9206.7,4.558861929,4.27868608,6.929829109,1.05640954,1.779329994
2,1,1,6574.04,4.661427307,4.278033061,5.755961276,1.535828614,1.750571151
2,0,1,13545.26,6.496085564,4.130558733,6.868904566,2.899338452,2.912644081
2,0,2,10780.97,7,4.633575577,6.240646108,2.302772872,1.795987761
0,4,2,8682.62,5.221981722,5.343499814,6.038010651,3.26593812,2.3693815
3,4,2,5696.23,4.989932272,3.451167093,6.734406237,2.14461433,1
1,1,1,10910.28,5.087885398,4.020961656,6.410875672,3.179054155,2.229478128
1,1,2,6165.33,3.997625658,3.711283929,5.930964577,2.857371849,1
2,4,2,12432.2,7,4.558672023,5.375250311,2.920103724,1.306974926
0,1,1,13027.58,6.164106339,5.437404258,7,4.677646125,2.044548069
2,3,0,10439.76,7,4.907221278,5.456767632,1.80978581,2.089078601
0,2,0,6496.03,7,5.115117037,6.249959888,3.17154038,2.442875743
3,4,2,12868.63,6.171110797,4.793393281,6.258710342,2.504636894,1.616256886
1,4,1,8078.28,4.525557175,5.081460251,7,1.654176539,3.124099364
1,0,1,7226.53,3.771916661,4.192657971,7,1,2.589643045
0,1,2,9705.57,3.85456142,4.38448376,5.762364027,3.929970223,1
3,4,2,14226.46,6.889445541,5.280090297,5.329468541,3.401025399,1.061109352
3,4,0,7973.73,7,3.540982646,5.909766968,2.26615161,3.072754122
1,3,1,14055.79,5.08032966,5.330787089,6.143436899,3.850263594,1.624190185
1,1,2,5536.53,3.021230907,3.963951079,5.794064285,1.840983774,1.172861876
2,2,1,5835.24,5.377443171,5.431032006,5.822303187,2.035000967,1.694476888
0,3,2,11985.61,5.586557451,5.13570594,6.172251452,3.561071691,1
1,2,0,6905.93,5.433601319,4.752771516,5.841788703,2.992203251,2.581277454
3,0,2,8166.21,5.258495395,6.007437623,6.254883192,2.617977433,2.139890983
3,4,0,6363.73,7,4.82430314,6.0142571,1.979836121,2.852304958
1,3,0,8322.48,6.1188612,4.547615373,5.643817679,2.08855241,1.45082491
3,2,2,7804.6,4.705947426,5.56745497,6.397014188,1.598706988,1
0,1,2,12363.38,6.465352806,5.525536214,5.865390614,3.580232242,1
3,0,0,12020.23,7,3.872494776,5.973343475,3.259600801,2.993524098
3,0,1,14549.27,5.857528008,4.323724787,6.909002351,3.849125158,3.547455216
1,4,1,12244.22,5.353180135,5.10577475,7,2.928060518,2.228070449
0,4,0,11948.18,7,5.09089772,5.900625003,2.647042155,2.186489213
0,2,0,11942.04,7,5.926780152,6.716102074,4.209443713,1.575058518
2,2,2,13829.67,7,7,5.646469569,2.534541234,1
0,0,2,7962.37,3.937384002,3.706092217,6.133221958,3.692753188,1.177625077
2,2,0,8000.92,7,5.690461215,6.203830388,3.023945454,2.355242763
1,4,0,12412.14,7,4.588206533,6.422904076,3.092289051,2.399043156
3,0,1,7287.05,5.529224026,3.776247959,6.368129915,2.773328271,2.505703446
0,0,1,14120.2,6.562858158,5.641560858,7,4.370816818,2.313682377
2,1,1,10347.82,6.251298055,6.20807279,6.773864489,2.184449257,1.370266797
0,1,0,8001.25,6.05000708,5.60758098,6.617527285,3.480917853,1.794502798
1,2,0,12761,7,5.460588374,6.999125887,3.368905113,1.373518548
2,2,1,8123.21,5.392987994,5.858283755,5.632109865,2.691271148,1.447703786
2,4,1,14632.78,5.831815849,5.242349314,6.248203556,3.505759682,2.749895821
2,4,2,14829.89,6.304968089,3.981655724,5.751161045,2.991094274,1.994136463
1,1,2,11667.96,5.879958149,5.166046786,5.63462996,2.092329331,1
2,0,0,6136.34,6.974190652,4.709092733,6.157305685,2.174804558,2.946652267
3,3,2,7632.09,4.602799396,3.948895593,6.47494227,2.028057553,1
1,3,0,10154.17,6.915717398,4.718300459,6.306798911,2.17964175,1.424244993
3,2,0,13514.47,7,6.174321713,6.560334202,2.93208474,1.50248174
3,3,0,6848.86,7,3.515234121,5.349294691,1.780006921,1.694617668
1,3,1,6044.03,3.054817751,3.136680018,7,2.214425556,1.91743566
0,1,2,5744.77,4.971826646,4.282077184,5.590488574,3.780192931,1
3,0,2,10069.68,6.02115531,5.304502643,6.028635668,1.776723316,1
1,4,2,13847.01,5.739883175,5.507237355,6.141310795,3.444686044,2.016335101
3,1,2,5423.59,4.887406989,4.082281465,6.334650651,1.726366579,1.017121647
2,4,1,7123.22,5.681667009,3.630922062,7,2.697273143,2.823690577
3,1,2,11932.57,5.461378533,4.954116952,6.210983562,2.45380942,1
3,1,2,13258.63,6.169304464,5.340090537,6.296320241,3.471102953,1
3,3,1,13074,6.484140192,5.255757838,6.847206409,2.234977575,2.76021957
2,4,2,12850.68,6.960870289,5.211531089,4.815921844,3.41884654,1.180657846
3,1,2,6298,5.415068372,4.273204374,5.830068856,2.825981811,1
1,3,1,8972.38,4.028105774,5.82934285,7,2.756734882,2.039663855
3,2,1,14847.45,6.489286363,5.58971541,6.722060715,3.336870326,1.453001113
1,4,1,14888.88,5.01851728,5.20963986,7,4.007541683,2.762907333
3,1,1,11024.27,6.376462382,5.415793524,7,2.17087489,1.985833964
3,2,0,12092.67,7,5.621969312,5.932432403,3.761322257,1.640714682
3,3,1,14512.84,5.782494016,4.4981458,7,3.214394234,2.635366963
0,1,2,9499.28,5.530782844,5.14879016,6.325276436,3.125307073,1
0,3,2,6368.67,4.945587065,4.425361917,6.209342976,3.263321531,1
2,3,2,11689.49,6.249859667,5.09231929,5.091972971,2.223567277,1.043836225
1,3,2,14601.02,6.087451563,5.23908666,6.681640135,2.367315896,1.148766925
2,4,0,11972.06,7,5.005018221,5.093561077,2.66944399,2.117044813
1,2,0,13033.21,6.617566978,5.872772749,5.637398939,2.714531584,1.662517773
2,2,0,9227.49,7,6.157633707,6.274546373,2.41543631,2.4411331
2,0,2,5964.63,5.289913268,3.550874596,5.239597802,2.797074895,1
3,1,2,6688.82,5.243331871,3.910874376,5.627555799,2.16685775,1.310175474
3,3,1,14826.55,5.638113013,4.390658286,5.830988544,2.780987842,1.687693497
3,1,1,9931.84,5.080277549,4.760261036,7,1.906134633,3.048721127
3,2,2,5120.21,5.307475417,5.457841865,6.313253933,1.777024254,1
3,2,1,14553.67,6.398252355,5.964005126,6.626444044,3.414640716,1.970643524
2,3,1,9977.8,5.149788739,4.1555557,5.425849658,1.828031604,2.819725526
1,4,2,13362.68,6.504287471,5.491505159,5.80282579,3.213253011,2.031091288
0,3,0,10484.58,7,4.424996686,6.102051613,3.338703022,2.293027635
0,3,2,6017.02,5.026139709,3.499838336,6.197411371,3.151723843,1
1,0,2,11155.7,5.506294801,5.843522763,6.160331297,2.255397136,1.762131869
0,4,1,14974,6.057922096,5.050475981,7,4.494401637,2.635215977
2,1,1,5347.38,5.181965866,4.340158052,5.84744049,1.997938036,1.838791506
1,4,2,13417.94,6.664765044,4.626006079,6.162564148,2.823468226,1
1,3,0,7354.81,6.348955036,3.294597132,6.721763511,1.780328292,1.667233028
0,3,2,8938.66,5.285926975,5.376259302,6.116652214,3.233599181,1
0,3,0,8727.1,6.955038604,4.574980158,7,3.566508598,1.355404906
2,3,0,13987.97,7,5.378981151,6.081237784,2.845327619,1.940689643
3,3,2,10044.86,6.7823904,4.532162043,6.173625959,2.442835456,1
1,4,2,9471.74,3.980576804,4.217717066,6.1138789,1.861985965,2.262947109
3,3,2,13180.25,7,4.427590452,5.572484288,1.846073299,1
0,2,0,5489.07,6.713450977,5.335312637,5.7304157,2.698934771,2.105316377
1,2,1,5864.56,4.644389355,5.185997941,6.286531113,2.225908825,2.256647332
3,0,0,5216.89,6.899085412,3.450718743,7,1.543726122,4.037302151
2,1,0,11879.83,7,5.448603619,5.6076091,1.861158487,2.664442516
2,2,0,10256.16,7,6.15220498,5.863834088,2.231335059,1
2,0,1,13760.22,5.644678523,4.988959762,6.141170085,2.955226197,2.729928964
1,4,0,9985.33,5.439179552,4.308692836,5.57710478,2.677147959,2.491440619
1,1,0,7218.2,6.521074123,3.481684164,6.592558961,2.042209534,1.845984314
1,3,0,13051.47,7,5.291059084,6.126038381,3.069585626,1.959555041
1,3,1,7943.24,3.715303064,4.548452028,6.842980468,2.587086571,2.100066547
1,4,0,14356.9,7,6.197690539,6.61507009,2.729946001,3.926284198
3,1,1,7504.24,5.463685915,3.453511799,7,2.508086011,2.082786893
3,2,1,6677.21,5.507371151,5.370421606,5.795072659,1.623290099,1.57221625
2,1,2,9933.24,5.997793208,5.325841838,5.77055696,2.353925263,1
3,0,2,5505.15,4.273185729,4.497894685,6.831701995,2.63876996,1.15459125
3,4,2,5364.12,4.795508351,4.346563765,5.941721553,2.221333689,1.130746747
2,2,1,9960.15,4.668329252,6.139835504,5.50814059,2.609654957,1.066410799
2,1,2,7151.07,5.5326756,3.736155801,5.440530335,2.579017965,1
0,1,2,5093.53,4.630789137,4.143217275,7,3.893901191,1
2,2,2,7960.57,4.823988229,4.961358466,4.984183406,2.599928518,1
3,0,1,9773.67,5.158880713,3.692583599,7,2.003997562,2.397370954
1,0,0,8942.89,5.331162361,4.540073171,5.786068639,2.744352293,2.678144544
2,1,2,6354.69,5.491363865,4.146075964,6.40966278,2.049538307,1
0,3,2,10796.75,7,5.315172406,5.914855973,3.25620231,1
3,2,2,12103.33,6.380222978,5.738783843,5.729126588,3.025834125,1
0,0,2,11755.39,6.003590352,5.193675943,5.367493351,3.477395101,1
0,0,1,8937.62,5.263162982,5.3285497,7,4.122596644,3.037075822
3,0,0,6375.96,6.11915802,4.001044966,6.228958945,2.360465681,3.731377431
0,4,0,9994.87,7,5.013101602,6.372889879,2.766802335,2.994592846
3,3,2,13904.32,5.868095612,4.910470744,5.660632543,2.674395846,1
0,0,0,9687.23,6.79993053,4.714073715,6.316653533,3.367796612,2.877208339
1,3,2,6956.81,4.145536955,4.143930883,5.465565247,2.167838536,1
2,1,2,5930.53,4.559552806,3.503084664,4.913418614,2.401012394,1
1,1,0,14439.27,7,4.109914251,6.035456266,3.060294006,2.131716784
1,4,0,12430.09,7,4.620146411,6.243876902,3.167236351,3.127640829
0,3,1,8129.67,4.844791182,5.381750474,6.435322779,3.265137554,1.907396668
2,2,2,7953.52,4.885291269,5.386805378,5.630145728,2.434419424,1.16087546
2,4,0,13952.18,7,5.528113593,4.967737971,2.935858372,2.866480439
2,0,1,6775.68,4.345861158,4.022513271,6.357899633,2.598672169,3.141062425
0,1,0,10350.37,7,5.597971195,5.768772497,3.197583921,2.245129243
1,1,0,12135.04,7,4.763935615,5.977825843,3.455567929,1.534683454
3,2,2,8963.9,3.600704497,6.468870375,6.457504217,1.502833624,1
3,4,1,5399.02,4.750979511,4.064314715,5.765772496,1.666341702,3.124364945
3,3,2,7277.59,4.933389972,4.752257931,6.294274733,1.818494423,1
2,1,0,14018.08,7,4.963861593,5.701403853,3.412690503,1.916589303
3,0,1,10231.19,5.442412705,5.277944146,7,3.031579789,2.349879724
1,2,2,13154.41,4.972969154,5.855460933,5.916043058,3.269199679,1
3,2,1,10556.86,6.974627866,6.649400177,7,2.144839206,1
2,2,0,14436.02,7,5.903556065,5.858807643,3.060840963,2.56436701
2,0,1,14091.34,6.474352945,5.034385873,6.389955566,3.208787423,2.28234588
3,2,0,9828.88,7,6.164661558,6.287541983,3.057927163,1.996076933
2,3,2,8182.74,4.501983022,4.486092497,5.275131029,2.466673503,1
3,3,0,11016.69,7,4.231687776,6.110851146,2.607836855,2.289076188
2,4,0,11748.88,7,4.814009164,5.906861744,1.89377176,2.306854492
0,4,1,9983.55,5.281949661,5.14958393,6.915246155,3.176850765,2.242666809
0,3,1,13222.83,6.974721338,6.668690956,5.989890104,4.710115901,1.914389191
1,0,2,6833.29,4.158577856,3.970135835,7,1.898978608,1.099276624
0,4,1,8344.12,5.038089296,5.283728422,7,3.745825787,3.012747927
3,2,2,11863.76,6.27912199,6.456223085,5.64322006,2.40103393,1
2,3,0,7466.84,6.50871953,4.779335542,5.010172091,2.103030193,1.207543165
1,1,0,9398.45,5.916018922,5.216787231,5.546647213,1.390483106,1.812487514
3,0,1,14637.34,6.421651724,4.882406654,7,3.167466336,3.028210455
3,0,0,11258.76,7,5.161791753,5.778407566,1.832213012,4.135692025
1,3,0,14490.57,7,5.010812933,6.022633822,2.621501375,2.089229316
1,1,2,12224.41,4.860515538,5.357956232,5.871910602,3.564121927,1
3,0,1,12246.67,6.696881413,4.60312024,6.835096436,3.377799098,2.958278822
2,4,2,10918.57,5.82120658,5.492723536,5.877943087,1.549667445,1.462924195
3,1,0,6422.09,7,3.700214686,5.337484342,1.762632087,1.945556995
2,2,0,10197.14,7,5.656350708,4.960122224,2.148285863,2.343819278
1,4,0,7526.66,6.87690102,4.043957817,5.662615873,1.901819469,3.586084201
3,1,1,14986.73,5.868568587,5.096920343,7,2.92084336,1.459465901
0,3,0,7669.62,7,4.05197882,6.235203235,3.789310417,2.258884464
3,0,0,7306.86,7,4.338492677,6.674531961,1.908285813,2.767169726
2,4,2,11238.83,6.896877119,4.963593361,4.86815581,2.466425089,1.154292722
3,3,1,10109.49,7,5.496645571,7,2.320842727,2.155261054
2,1,0,5213.53,6.82880801,3.58096017,5.044123133,3.36830126,2.198431753
0,2,2,6295.33,4.338654357,5.680743293,7,2.732173086,1
1,0,0,13110.43,6.938663796,5.577755257,4.930280739,3.039430821,3.121871907
0,0,2,9836.92,4.307692299,5.222031932,5.767586266,4.361572657,1
2,4,0,6460.15,7,3.95001456,6.146819098,2.958314027,2.774191012
1,3,1,9652.43,3.977657745,5.454371091,7,2.241346486,1.583304906
1,1,1,7531.49,4.182661888,3.444453841,7,2.855290653,1.58689597
3,1,2,7235.91,4.791376795,3.684689437,6.526943432,2.327353889,1
0,3,0,14577.25,7,4.759624918,5.898115046,3.642524534,2.419323612
2,0,1,8620.25,4.454021885,5.716470939,6.419492968,2.221642079,2.893450954
2,3,0,5464.31,7,3.326920738,4.863973315,2.779695263,1.539324334
1,1,1,14703.27,5.13039987,4.778461699,7,3.404773122,1.929409933
3,3,2,12948.4,6.700257916,5.188165278,5.498737373,2.532750413,1
2,0,1,7544.13,5.745299246,3.664955691,6.306794451,2.569454138,2.414365988
3,4,0,9088.92,6.576202023,4.53953915,4.551593247,2.267430488,4.068579979
1,0,0,13622.9,7,4.748937638,5.815093834,3.155804721,3.340722966
1,2,0,8574.14,5.582757931,6.431287324,5.957126448,2.449439502,2.225645771
1,2,2,10674.04,5.012598608,5.936961677,6.231180396,2.229907692,1
3,3,2,10348.57,6.388802945,5.50523896,5.018704081,2.461672316,1
2,0,0,9012.95,7,4.925320029,5.329748072,1.88689113,3.231847471
0,0,0,11395.02,7,4.859235473,6.332717089,3.610311191,2.942980417
3,1,1,9732.91,5.391438758,5.905673994,6.940947057,2.441717442,2.459305631
1,4,1,5212.3,3.523766513,3.908461447,6.60695748,2.450198321,3.008470071
0,0,1,13143.83,7,5.749593587,6.042593188,4.378633886,3.254094918
0,3,0,6131.56,7,3.742006854,6.689357726,3.665079582,1.478290577
0,1,1,9640.9,5.488011135,5.233870992,6.478169101,3.11826681,1.601934622
0,1,0,10799.01,7,5.294734079,6.47811437,3.602249037,1.659224299
0,3,2,12055.06,6.102831773,5.536574344,6.223114476,4.067153262,1
1,3,1,9107.97,4.499043823,5.281592227,6.753865539,2.276875284,1.704744611
2,0,0,12355.48,7,4.856072674,5.474931703,2.729218681,2.230135672
0,0,0,6313.5,7,4.286559951,5.867263911,3.339094677,2.205626969
2,1,2,11534.46,7,5.626974961,5.456005878,2.463391073,1
2,1,2,13263.39,6.542799337,4.655999221,5.157731929,2.855701473,1
3,4,2,13894.44,6.435866842,5.528323165,4.944015862,2.733365187,1.715880293
1,1,2,10795.66,5.597359162,4.610122736,7,3.648172687,1
0,3,1,8128.95,4.504279752,4.874441267,6.236339971,3.700323175,2.28778036
2,3,2,6633.57,5.492661456,4.199710905,5.614379754,1.79622583,1
3,4,0,8455.59,5.989613434,5.040441935,6.431633794,2.875837894,3.318803446
2,2,0,10399.74,7,7,5.025602738,1.802251039,2.383352306
0,2,0,6963.3,7,6.096324535,6.498553316,3.867300093,2.406413136
1,3,0,14525.15,7,4.599360086,6.137353431,2.152168988,1.845832635
1,2,0,13971.35,7,6.49163583,6.110065402,3.74323566,2.411142922
0,2,2,5329.57,4.680441896,5.536255665,5.136367626,3.866198063,1
2,4,0,10619.62,7,5.671487819,5.694768758,2.203449454,3.408195411
3,1,2,12893.09,7,4.500142774,5.643126031,3.405596913,1
1,1,2,7453.92,3.069436588,4.89134226,5.759113986,1.79753634,1
1,2,2,10238.96,5.95104083,6.767332248,6.028584378,3.567914385,1.911531015
2,0,2,9059.92,5.223984628,4.968960206,5.331585844,2.2236035,2.147548857
2,4,1,6965.46,5.167900791,4.435152026,6.646942045,2.603192851,3.44453299
2,2,1,11147.37,6.913781614,6.438337884,7,1.640352216,2.141522637
3,0,1,14936.92,6.236187869,5.459816921,5.982895442,3.116591143,3.14118818
2,0,1,8652.87,5.611479248,4.788608914,7,2.006812918,2.330892858
3,4,1,10523.79,6.802896049,4.936223938,7,1.505083305,2.917843349
0,1,0,8278.55,7,4.666695163,5.30380469,4.224078487,1.580288704
3,3,1,13769.49,7,4.537934387,6.640552134,3.37860709,2.176957593
2,0,0,13646.03,7,5.265292571,4.413844097,2.399844,3.772782121
3,3,0,6787.73,6.915151218,4.358964814,6.344471319,2.127953636,2.058654667
3,3,2,13999.49,5.913654205,5.064942812,5.75475706,4.045876718,1
3,4,2,6515.09,5.256670007,3.863228812,6.406712366,1.621717919,1.33399028
1,1,2,5954.4,4.296201006,4.117641537,6.247877119,1.885400201,1
2,4,1,11529.35,6.490570909,5.389942264,6.998438242,1.370829676,2.740228617
3,0,0,8859.04,6.670535537,4.613334229,6.133320906,2.316283425,2.339027809
2,1,1,10307.41,5.914525129,5.230931112,5.754223141,1.952611312,2.461706895
0,2,2,11525.71,6.586186113,6.97381442,5.946508998,4.616457249,1
3,1,2,5528.37,5.598901127,3.58004408,5.674917131,3.145875113,1
3,4,0,7929.53,6.891320735,3.669274272,6.562190369,1.695360217,3.553749273
0,4,0,9609.06,7,5.093228521,5.971230482,4.12539267,2.790382773
2,3,2,7665.87,4.644504919,4.260217914,5.457289012,3.280405346,1
0,2,1,5489.71,5.173423302,5.917070717,6.074569621,3.780532098,2.051034001
0,1,1,5866.77,4.898309675,3.859520846,7,2.569212237,2.236250568
0,2,0,13017.48,7,6.077698709,5.974846038,5.008235818,1.733221473
0,3,2,14113.87,6.527176565,4.385599149,6.252911203,3.534485916,1
2,2,1,6522.33,4.245537297,5.058090583,6.183080392,2.867357389,2.761079679
3,2,0,7492.62,7,5.775364219,7,2.527680637,2.23496945
0,1,0,11522.49,7,4.442827854,6.469914792,3.476418083,2.666594743
0,2,0,14542.72,7,6.117830237,5.397610709,4.874767621,1.763433991
1,3,1,7995.9,4.060538801,3.440542708,6.619698425,2.80815578,2.192582433
2,0,0,13552.14,7,4.060622745,5.844095444,2.792372011,2.987435176
0,0,1,10060.25,6.431565746,4.787311516,7,3.06581211,2.974805505
1,4,0,14565.59,7,5.673763596,6.026085595,2.404059673,3.237401167
0,0,1,6362.59,4.555952363,3.66495115,6.550065167,3.407614704,3.546401789
2,1,2,14736.72,6.825977961,4.449993232,6.256316451,3.530545312,1
1,4,1,9409.79,2.841294013,4.577959595,6.804519221,3.127713101,3.562734285
1,0,2,14529.38,5.017284498,4.15986697,5.908793142,3.07019117,1
2,0,0,9586.9,6.564546581,6.058071787,5.312988804,2.149586949,4.313152989
1,4,1,10300.82,5.330636143,4.494343338,6.445413436,2.445791264,2.662556496
1,1,0,13047.75,7,4.978521723,7,3.356322849,1.524472368
0,4,2,12226.29,6.412897615,5.401517132,6.541426477,3.397793508,1
1,1,0,11196.03,7,4.681129377,5.610895267,2.393539508,2.395380771
3,1,0,9169.8,6.880535109,4.028473046,5.735713159,1.719797365,2.280862429
2,3,0,12924.38,7,5.143959425,5.720506726,3.406500408,2.674023122
0,0,2,14482.28,6.209072371,4.97353112,6.474231969,3.729151187,1
1,0,2,5098.11,3.767468286,4.628196205,6.070252436,2.066872458,1.907867418
3,2,1,10878.45,6.776740259,5.811523382,6.705084761,1.787926538,2.071692867
0,4,1,13659.81,6.818168313,3.770986807,6.289912955,5.039297871,2.732228077
2,3,1,11531.13,7,4.362470183,6.034103078,2.408827781,1.840705286
1,0,1,13008.29,6.132725454,4.94082515,7,2.453990059,3.032198918
2,2,0,13950.61,7,5.699271501,5.733277884,3.681091994,1.70237054
2,3,2,12509.51,6.711388629,4.892452173,5.553580624,3.419930613,1.220892029
1,1,2,12170.17,6.120938658,4.625211193,5.327856756,1.994300776,1
1,0,0,14647.46,7,5.531159793,5.482668165,3.22310035,2.014872995
0,4,1,13636.85,6.752316694,5.195649757,6.250235051,4.296120938,3.934671973
2,3,2,13153.78,6.844009304,6.477580267,5.576607159,3.289070762,1
1,2,0,5864.03,6.12314646,4.71193849,6.452776667,1.897214371,2.833109203
2,4,0,7390.3,6.326921588,3.847591212,5.375550553,1.741001056,3.017314693
1,1,1,10567.56,5.233282328,5.702133444,6.393904922,2.510502325,1.957004675
2,4,1,12095.6,6.393334423,5.045739482,6.654118839,2.056341554,2.923813625
0,2,2,8032.15,4.587107887,5.825093854,6.121797243,4.050007536,1.275564451
2,1,2,5933.28,4.709089798,2.575651684,5.535102529,1.390932729,1
1,2,1,8110.99,3.550425825,6.371173441,6.373319476,1.717840296,1.43012782
3,0,2,12710.29,6.698502812,4.339085144,6.27297022,3.88862154,2.235521661
0,2,1,13774.01,5.701764526,5.526398182,7,3.665864877,2.309390618
0,4,0,14129.04,7,4.964227469,6.472056085,3.424001332,2.841543599
3,0,0,8788.67,6.934823183,5.303212903,5.665577131,1.58597789,1.637867369
1,0,0,8725.39,6.662605056,5.417428572,5.987807436,2.274425521,3.11260674
0,3,2,9067.07,5.482933822,3.991411375,5.110048318,2.537070879,1
3,4,1,8758.09,5.090967915,5.506267008,5.344581962,1.631121405,2.965331736
3,4,0,11661.97,7,4.900166337,5.437417741,1.950166941,2.831508144
2,1,0,8583.23,6.141621657,4.573390345,4.809567213,2.551002725,1.54281342
2,2,2,5203.44,4.346362527,4.941259429,5.876357173,2.288507318,1.051076553
1,2,2,9390.25,4.474431156,5.825055973,6.067319953,2.84886931,1
3,4,0,7241.52,7,3.549074189,5.887248363,2.170967567,3.213600334
2,2,2,5288.07,4.808260784,5.307744748,5.690572492,1.905466266,1
1,4,2,9708.43,4.231528366,5.91923797,5.371383619,2.562667259,2.007052665
0,0,2,7059.55,5.047793733,3.548425763,5.973785307,3.016387133,1.148595639
2,2,2,9527.42,5.192686985,6.169742734,5.598004637,1.715371729,1
1,2,1,7777.5,4.306513183,4.362567818,6.136836617,2.147207063,1.741271402
2,4,2,11037.09,6.884714052,3.802614003,5.458756694,2.985477967,1.563506179
0,4,2,14908.77,5.733157083,6.21378515,5.726570649,2.98290898,1.806024223
0,1,1,10472.32,6.095890854,5.935557913,7,4.565544665,1.473311567
2,2,2,11468.96,7,5.793382641,5.671781754,2.386201783,1.19362416
0,3,2,14192.76,6.904943031,4.767563025,6.544326089,4.154013078,1
1,4,0,8740,6.147828472,4.893437211,5.338194176,2.401681402,2.56249163
2,3,0,6665.48,6.384938838,4.415231514,5.184567775,1.397378229,2.001119098
2,0,0,7827.97,6.923992106,3.96912607,5.468549063,1.796996101,2.700343315
0,0,1,9027.95,5.519630643,5.427484884,6.623243811,3.792585668,2.946519556
1,3,2,11450.18,5.335130543,5.623327871,5.55257282,2.453264988,1
2,0,1,5045.88,5.180253875,3.669978641,6.109143686,2.154423009,1.790741714
2,3,1,13533.83,5.692951892,5.415059634,6.352296628,3.729180592,1.316042556
0,1,2,5760.94,5.425598592,4.230344848,6.582256297,3.446208833,1
0,1,2,14006.55,6.061253687,4.864700927,5.754322922,3.53725211,1
1,0,0,14494.35,7,5.589958409,5.594693927,2.9817951,2.83268973
1,3,2,14901.03,6.23729979,5.893147487,5.347560963,3.243241412,1
0,3,1,13095.1,6.399747808,4.368539254,7,4.808121796,1.726510113
1,3,0,6418.56,6.598195137,4.002016965,6.710968659,3.009970822,1.988221777
3,0,1,12061.67,6.70868068,4.648790698,5.988236943,3.125364637,2.166855239
3,3,2,7033.21,6.04653961,4.569244283,5.924213566,3.633648064,1
0,4,0,13971.28,7,4.797734486,5.968004702,4.044985205,3.128280928
2,3,2,8166.06,4.500614606,5.063958681,5.228734382,2.3313377,1
0,4,0,8267.96,6.567739654,6.062587124,5.539399953,3.761733614,2.631596332
0,1,0,14176.53,7,5.032052824,5.565547247,4.459000267,1.937629191
0,4,0,5132.31,7,3.347199177,6.138047935,3.685167441,2.401708924
2,1,2,6939.66,4.667988679,3.288273078,4.719978096,2.24070968,1
3,0,0,9219.32,6.934197411,4.955091885,5.350836863,1.249191841,3.071025921
1,1,0,12007.22,7,4.099547828,5.72798123,3.124670708,2.201288421
3,1,2,11475.66,6.599445601,4.652234302,6.297216075,2.289783385,1
1,3,1,11694.12,4.941445504,5.098146591,7,2.596834542,2.081611126
1,2,2,13800.22,5.816693496,7,6.143917674,3.07871207,1
0,1,2,6210.3,5.375157787,3.332057548,6.088561153,4.001934311,1.372821509
0,4,0,10221.62,7,4.77286393,6.08248436,3.178041851,3.684643707
1,0,2,12254.78,5.740434514,4.973709273,6.556787813,2.423290178,1
2,4,2,11361.18,6.710855731,5.536987559,5.428847952,1.96044241,1
2,0,2,9483.14,4.382762281,5.332586058,5.908979392,2.759046016,1.403634917
2,4,0,5171.15,6.421964185,3.642545541,5.799320932,1.781347725,2.849080988
2,1,2,5604.52,4.491258138,3.651588782,4.924048994,2.308140595,1
0,2,0,6189.41,6.619815711,5.62556151,6.524410609,3.835393116,2.707708601
3,1,2,8432.28,4.340198466,4.954319739,6.037744656,3.275929276,1
3,3,0,6176.53,7,4.846802073,6.06514885,2.065438805,1.808724302
1,4,0,9260.82,5.144284799,4.770416526,5.289320318,2.691109356,2.118920475
2,2,2,6786.42,5.196120225,5.768846251,5.864481943,2.058490745,1
0,4,1,12791.66,6.504838481,4.771344026,6.618289377,4.421451024,2.121676292
0,3,2,13714.88,6.247967405,5.187369404,5.743672082,3.554099764,1
0,3,1,8896.48,5.086056733,5.241435301,7,3.890391432,2.38454457
1,3,0,10113.32,6.539209601,5.3764975,5.741406276,1.579228088,2.278955081
0,1,1,14534.96,6.589460096,5.442385272,6.53278432,4.197147386,1.099590577
1,1,1,10355.08,6.48047804,4.330833672,6.394854444,1.784620904,2.103281398
1,2,0,14950.73,7,6.739107764,6.157401214,2.254927314,2.38993736
1,3,1,6421.31,4.45595684,3.635737398,6.227823309,2.499334876,2.329331143
1,1,2,13622.26,4.998269666,5.461779872,5.713156175,3.591597177,1
0,0,1,9972.03,4.633342261,4.895796394,6.304405634,3.484173445,2.726599572
0,0,0,5227.14,6.895162721,3.798010179,5.354708417,3.48851018,2.837222332
3,1,1,14722.23,5.99551896,5.624526407,6.957455124,3.359828669,1.595650959
0,2,0,14650.48,7,7,6.084328748,4.381819822,2.160297771
2,4,0,8832.71,7,4.468144736,4.985614623,1.787005546,3.175648242
2,3,2,14541.42,5.89334727,4.235611413,5.178745859,2.86386794,1
1,1,0,6410.1,5.756863783,4.242165674,6.583477974,2.324576585,2.58099478
1,2,1,11801.1,5.774955403,5.722498053,6.376634365,1.851376044,1.904540111
1,4,2,6919.29,3.860565262,4.297360501,5.921563509,2.423834233,1
3,2,2,7466.47,5.120811535,4.96080436,5.724355691,1.976756912,1.255635721
1,4,1,12793.37,4.910147213,5.338378075,6.776690345,2.319977783,2.751239042
3,0,1,8773.58,3.831722627,5.859794961,6.615971525,2.857748239,3.572872101
1,4,2,5071.28,3.715965414,4.014665043,6.092700036,3.250130783,1.304357275
2,0,0,9142.38,6.9731217,4.300473456,5.052980263,2.050152415,3.550671306
1,3,2,7280.69,4.946590909,4.250550428,6.175468943,2.64242804,1
0,1,2,11833.3,7,4.284481062,5.772602084,3.826657056,1
1,0,2,6944.49,5.234234672,4.333806612,6.49176629,1.920535957,1.88249126
0,2,0,13422.54,7,6.982273609,4.903920213,3.809706421,2.168180282
0,4,1,7670.93,5.183137067,3.977482065,6.036036533,3.59825394,3.054253525
0,2,1,8930.28,4.998499573,6.181577051,7,3.422977424,1.374949971
0,0,1,7980.37,5.70172415,4.673536821,6.780168633,3.937535343,2.13798907
3,2,0,11439.23,7,5.342900644,6.562317712,1.552010355,1.79432957
3,4,0,6011.64,7,4.411962364,6.263623989,2.871498202,3.301937726
1,1,1,9780.99,4.654256561,4.122464624,6.557693173,2.525686511,2.786863743
1,2,1,8344.55,3.747482754,7,6.976528079,1.944185261,1.422737076
3,3,1,13841.38,6.867845329,4.679933542,6.663895351,3.081025767,2.099758304
1,4,1,5734.12,4.956247478,4.196918963,6.497608538,1.926789001,3.733621987
1,4,0,13296.95,7,5.292379848,6.096099798,3.210297159,3.59914332
3,3,1,6676.8,5.141373244,4.408741739,6.952871641,2.073220643,2.247030325
3,0,2,5885.78,4.674556633,3.418192154,6.290774766,2.532007862,1.580672237
1,3,1,7023.23,3.988505737,3.96388102,6.258268068,1.368814588,2.443906406
3,0,0,6026.53,7,3.874546478,6.73590448,2.54997603,3.068959772
2,1,2,10209.84,7,4.372518572,5.476397345,1.873972268,1
0,0,2,14882.15,6.466363196,4.977769447,5.463302939,4.234005833,1
0,1,2,5343.27,5.598324051,4.382269372,6.171950232,3.2620543,1
2,1,0,9611.28,7,4.829815455,4.704999639,2.659557296,2.264843338
2,3,1,8860.7,5.160598471,4.620607206,6.779938932,2.874437104,2.140780665
1,1,0,8396.06,5.801885839,4.812365348,5.802303396,2.079491739,1.82301675
1,0,0,8318.64,6.161594901,5.448230486,6.725557179,1.843444341,2.525209304
0,2,2,13950.13,6.922098464,5.743524044,5.420761966,3.728652104,1
1,4,2,5189.76,4.817841049,3.936079164,6.13712676,1.700929694,1.937135266
0,4,0,12749.16,7,4.765593977,5.656406225,4.678982592,2.787084398
1,0,2,7529.33,3.668101188,3.816724376,6.119317898,2.665926245,1.561575576
1,2,0,8832.96,6.135754644,6.079773927,6.072797108,2.104294334,1.865099836
0,1,2,9201.5,5.710817279,5.021083911,5.816221034,3.162984604,1
2,0,1,8047.32,6.043310981,6.097848555,6.613850883,1.782377448,4.26730609
2,1,1,5935.59,4.29803419,4.196626367,5.443450288,1.213883271,2.116040402
1,3,1,6143.31,4.179514001,4.059496523,7,2.275996202,2.406141781
2,2,2,7981.31,4.608660626,5.847504976,6.190185245,2.172721604,1
1,4,2,13218.09,5.150601787,4.88975844,6.368654149,3.242419303,1
3,0,1,6346.28,4.431367379,3.706007933,6.909899478,1.841228622,2.193060649
3,4,0,12426.4,7,6.043086273,6.100990513,2.278694605,3.416514374
3,1,0,7888.7,7,4.106678941,6.311516989,2.95438495,2.302792729
2,1,1,13834.65,6.816286702,4.232861642,4.935410246,3.430731782,1.887852938
2,3,2,9283.28,4.772585143,5.486600178,5.022584258,2.281743144,1
0,1,0,6717.23,7,4.170638827,6.170871184,3.297682142,1.810764117
2,1,0,14858.44,7,4.749740517,5.08573787,3.643128041,1.662676996
1,4,0,6766.35,5.770691153,4.613285921,5.65508092,2.46057436,3.104557427
0,4,2,10676.2,6.454896861,4.805810813,5.436796765,3.813929488,1.951332815
2,0,0,10692.86,7,5.185448499,4.512073166,2.684720288,2.845799551
0,0,0,8728.13,6.703971959,5.328775218,6.113011935,4.004474517,3.070443555
2,1,1,14514.89,6.366552464,4.825547349,6.605649222,2.331031835,1.749212457
1,2,2,13438.75,4.402918567,6.410670144,6.322537906,2.61534423,1
3,0,1,13298.2,6.976599559,4.642902765,7,2.992926748,2.63550051
3,1,0,14741.52,7,5.015886432,6.747220173,2.632430003,1.337602088
1,4,2,9571.09,3.991909513,5.238159226,5.90617353,3.199197342,2.006421886
0,3,2,5971.86,4.737229352,4.032143191,5.097405348,4.025799439,1
3,4,1,12654.56,6.599479669,4.871301484,6.055324999,3.416778792,2.370686907
2,4,1,8808.13,4.740359664,5.426444578,5.814363322,3.045434939,2.406516665
2,3,2,6903.45,4.415193986,4.023259438,6.317056711,2.297039288,1
0,4,2,9832.47,4.32957168,4.816782586,5.848634914,2.869313758,1
0,0,1,14257.19,6.379189999,5.789869423,6.909272851,3.858508746,1.881415827
1,4,0,6713.57,5.813977559,3.780128874,6.192263499,2.173138094,3.215905608
3,3,2,13486.99,6.883752141,4.965080028,5.972096664,3.017123572,1
0,1,0,9182.05,7,5.848637267,6.029647584,3.108655916,1.996508662
3,1,1,6368.02,4.782527456,4.013701085,6.643997414,1.223573277,2.047714528
3,1,2,13483.82,7,4.331943482,6.548584718,3.200316613,1
2,3,1,14696.2,5.828340948,5.131339073,6.480451831,2.245851447,2.463179059
0,3,2,7912.71,4.752784486,4.246368416,6.351605764,3.947915514,1
1,0,2,8035.36,5.005729097,4.539608386,6.44724948,2.050385651,1.425994497
0,3,1,8905.46,4.937624001,5.233490831,7,3.193885477,1.561500648
3,1,1,13141.3,5.468667996,5.090133236,6.715467905,3.054372849,1.949233986
2,3,0,5104.17,7,3.746782487,5.674574581,2.284045066,1.519484696
0,2,1,7239.57,4.656785929,5.660076882,7,3.86943619,1.915591957
0,4,1,12059,5.378347076,4.168054458,6.668537727,3.441114053,3.472378048
0,0,0,9056.39,6.59544687,4.862659886,6.867599564,4.015325043,3.073162899
1,1,1,8302.96,4.11056037,4.621906299,7,2.406355183,1.932268583
1,1,0,13722.83,7,5.329473319,5.514346839,3.458357157,1.957220464
1,2,0,14173.34,7,5.542182214,5.35736337,2.272587993,3.196528904
1,0,1,14479.86,6.634157865,4.149116049,6.042842419,2.743850949,3.453564857
2,4,0,7725.51,7,5.08372535,5.347724021,1.951333022,2.927958977
2,0,0,14125.13,7,4.986362588,5.553442791,4.060014991,2.960105944
1,0,0,12369.66,6.968385197,4.854736583,6.362842456,3.300189554,3.172935119
3,1,1,6542.15,4.15050353,3.220272371,6.734323502,2.5230373,1.584472056
1,3,1,11102.7,6.24711458,5.27039512,6.540918347,3.690101107,1.767227784
1,4,0,5263.35,5.815299761,3.7919723,6.020887672,1.762620895,3.268586376
3,0,1,12083.78,6.937407978,5.333565739,6.573445668,2.775702785,3.206549196
0,2,2,12335.68,6.607815518,5.799079267,4.987946369,4.002621233,1
3,1,0,12893.39,7,4.242748288,6.418653297,3.925504809,1.824407117
3,3,2,6725.25,4.898257066,3.738393734,5.823418444,2.905764183,1
2,3,1,11282.5,6.621118714,4.862479757,6.395359547,2.156981219,2.410371832
0,1,2,6788.57,5.520460051,4.187024002,5.892272017,3.893381452,1
3,0,1,14466.5,6.714758283,4.742767246,6.907494905,2.52012598,3.491893422
1,1,1,11750.11,4.871587474,4.935693137,6.061487061,2.881276707,2.777090988
3,3,0,5953.26,6.404517445,4.162135387,5.852083598,2.556034498,2.788184385
2,3,2,6870.32,5.192707726,3.617213369,5.154773846,2.123050652,1
3,2,0,11634.6,7,6.622721219,6.629814614,2.087620722,2.577128203
1,2,2,9766.7,4.841631819,5.536755404,5.756367662,2.245927357,1
0,3,1,12362.98,7,4.134720672,6.465214895,4.772752696,1.573993504
2,2,1,7807.89,5.399106018,5.486780192,6.688637547,2.695020155,1.786684284
0,2,0,11579.18,7,6.027290501,6.11262863,2.434418861,2.241218454
2,2,2,6769.6,5.861244614,5.298669395,5.438830008,2.336777979,1
1,3,2,10437.1,6.071679781,4.966066104,5.916559495,1.613036034,1
2,0,1,14578,5.89905595,4.726336244,6.738759074,3.510440599,3.131625972
0,0,0,11282.22,7,4.174992609,6.814028605,3.07558154,3.050400181
0,4,1,5499.94,4.667253127,4.155000571,6.808934901,4.068752523,4.132485339
3,2,1,14887.62,6.94090852,6.140226145,7,2.151476166,1.709716782
0,0,0,6568.66,6.884564844,3.86133925,5.630524368,3.847989889,2.898917904
3,4,2,12180.69,6.431699302,5.704666304,5.776792599,3.513822457,1.262969749
0,1,2,10325.3,6.373785197,4.619722151,5.272344461,3.169293555,1
3,2,1,7943.61,5.127902746,5.042516593,7,1.937460677,1.871162901
1,0,2,6773.1,4.608901826,4.445010305,6.068158266,1.78262126,1.69339232
3,0,0,6777.02,6.855883544,3.740020363,6.665639582,3.033172396,2.456681032
0,0,2,13584,7,4.955163136,6.391370455,5.115635225,1.318554046
1,4,2,13729.13,5.630967506,5.361725765,6.790150254,3.009969992,1.804689717
2,1,1,9651.46,4.612866524,4.259226912,5.960761362,1.95937644,2.487561503
0,2,2,6036.21,4.963264287,4.894573096,5.55635036,3.29115283,1
3,0,0,13841.65,7,4.93633041,5.808897382,3.177106798,3.82045969
2,3,1,9870.16,4.674010059,5.158692968,6.292337001,2.066947403,2.025207542
3,2,0,9387.62,7,6.165479415,5.965416397,2.110614144,2.207698846
2,3,2,9073.57,4.50006053,5.060723171,5.72291216,1.875939289,1.298939443
1,4,2,8650.14,4.780620445,6.123840108,6.285679854,2.507794571,1.361028877
0,0,1,10260.05,6.534084605,5.463508641,6.808592762,3.424588105,3.179462683
1,2,0,11045.41,7,6.990163054,6.004205313,2.682377917,1.599193275
0,2,2,9664.32,4.978270456,6.003159947,5.824249508,2.931264377,1.028157731
2,0,2,13966.48,6.742245229,4.290614775,5.393753613,2.891237918,1.599451355
1,1,1,8176.61,3.927432585,5.543517976,7,3.403419773,1
0,4,2,10783.12,7,5.397442776,5.912435976,3.371682644,1.355866461
2,0,2,7999.54,5.123933048,3.729564033,4.69818219,2.040180931,1.267122936
1,2,2,12533.5,5.785071523,5.606021083,6.321309902,2.397671335,1
1,1,0,6021.21,6.276182696,3.934814988,6.023070771,2.648730202,1.708962584
1,2,0,6886.99,6.154409534,5.024624909,6.775078063,2.571614677,1.477892239
1,3,0,13012.01,7,5.500878441,5.39677788,2.236874929,1.386049635
3,2,2,6831.98,4.508950625,5.275641063,6.04112166,2.667405212,1
2,4,1,11257.46,6.369685325,5.05625559,6.862942389,1.353718544,2.771786138
3,0,1,14702.43,7,5.033890249,6.652558001,2.592681642,3.351256943
2,2,1,10228.91,6.259347014,5.955389981,6.981868234,1.776560772,2.815688762
2,3,0,6873.96,7,4.012272605,5.642701947,2.31039052,1.735969383
2,3,0,8206.91,7,4.75506729,5.714020439,3.456255315,2.330081221
0,0,0,13234.58,7,5.127782236,5.840079482,4.108085588,2.844138248
2,3,0,8516.61,7,5.453395826,6.554604082,2.624224801,1.45157825
1,0,2,12235.11,4.859525215,4.966431056,6.500213494,2.896022976,1.303772412
3,4,1,12773.5,6.949943859,4.986616261,7,2.247590542,3.138351423
1,0,1,10011.83,4.611887952,5.133321667,7,1.48592322,1.752380755
1,1,0,12832.13,7,5.224706443,5.450723087,3.122179209,1.729280718
3,3,1,8169.03,4.910426761,4.865831305,6.134639939,2.750547844,1.470466821
1,3,1,10161.6,5.546327154,5.326028575,6.384961818,2.162562972,1.745618568
0,2,0,11865.58,7,6.657449669,6.37993591,4.605208178,2.176053398
1,1,0,6680.73,5.832021361,3.280086171,5.650235621,2.379630316,2.465693194
1,2,0,7736.22,5.67305427,5.991835051,5.230205564,2.112266102,2.201896158
3,0,0,11520.37,7,5.238362642,6.064256318,2.624113986,2.77803764
1,4,2,11553.6,5.349704715,4.587510088,7,2.260753951,1.617763585
3,3,1,9933.03,4.894330921,5.795943284,6.794394985,2.463743879,1.563815603
2,4,2,12955.85,7,5.108497183,6.398431588,2.699627727,1.179003503
2,0,1,9820.55,4.736426833,4.858166164,6.635275854,1.275847305,2.875865797
0,0,2,13813.22,6.109664681,4.555974441,6.234124127,4.350008021,1.831535924
3,1,0,12359.03,7,5.089872167,5.720712463,2.536560277,2.299557158
3,2,2,8146.95,4.872083244,6.399608154,5.997743827,1.278200241,1
3,3,0,8952.54,6.687062174,5.432099138,5.070564057,3.249530384,1.702004368
0,3,0,11676.87,7,4.643711037,5.71166953,3.842648679,1.898990846
0,4,2,13944.53,6.433714882,5.424731167,6.094466316,4.424129388,1.087642578
1,1,1,6787.09,4.333275449,4.055802251,7,2.481884335,2.564777052
3,0,2,10146.64,6.752409822,4.420017943,5.702755182,2.413161617,1.59920734
0,1,0,6187.84,6.337555467,3.50380893,6.54678305,4.482902464,1.17286596
2,3,0,7794.55,7,4.023940695,6.005704004,2.548184878,2.414549669
2,2,1,11859.81,5.359583506,6.196432282,5.846912277,1.859711555,1.386976434
3,4,1,5777.35,5.11418949,4.166716723,7,2.098463437,3.59207056
2,0,1,11623.59,6.033975221,4.283712414,6.409398048,1.9577485,3.165899039
1,0,0,14008.11,7,4.710537609,5.669922454,2.634003627,2.899031298
1,0,2,14693.7,5.619585937,4.633083563,5.414676879,3.249340979,1.593952591
3,2,1,7166.32,5.357316377,4.678321684,6.38659945,2.711620525,2.448023591
0,3,0,12488.98,7,4.523693394,5.649248415,3.717254783,2.398961199
0,3,2,14263.7,6.856450274,5.04065243,5.661093009,3.759422963,1
0,1,1,5913.69,4.555695395,4.11330618,7,3.89694722,1.557832978
0,1,2,9140.24,4.701133499,4.723403921,6.509555077,2.832902929,1
3,3,2,14194.1,6.062562976,4.904248377,6.346924834,2.838435064,1
1,0,0,7027.87,6.373819982,4.064957949,6.241143632,2.432332159,2.292610092
3,2,0,14337.61,7,6.100544391,6.421225008,2.824940032,2.282866515
3,3,0,10271.92,7,5.441220779,6.052692167,2.130241193,1.295830732
2,2,2,5998.93,4.381102293,5.758212418,5.088112777,2.702110931,1
1,4,1,9498.77,4.227664196,5.195611915,6.217247275,1.625303838,2.57064197
0,0,1,8262.61,5.826409245,5.687383921,6.818591679,4.147187134,2.432516812
1,4,1,7822.04,3.815287099,4.793623715,7,2.685809129,2.105286222
2,3,0,10414.76,7,4.866090511,5.861287446,2.349556604,2.503272456
3,1,1,9835.93,5.02335598,6.364464688,7,1.670997795,1.160800071
1,3,1,9819.67,3.167045228,5.297480468,7,1,2.610518166
2,4,0,5881.42,7,4.808634902,5.015983635,2.445330195,3.041522705
3,2,1,13023.18,6.113161296,5.565484897,7,3.11456362,2.196971608
0,3,1,9814.39,5.681367981,4.980142126,6.957441165,3.676208959,2.189506898
1,1,1,13209.06,4.795611073,4.990041085,7,2.935997874,1.76366668
0,4,2,13245.95,6.984259903,5.006844523,5.685182039,3.769307131,1.373072006
0,3,2,8171.35,4.669217857,5.45073913,5.619557184,3.639143407,1
2,4,0,5043.46,7,4.784852265,4.823713027,2.603950633,3.211491057
2,4,0,14112.46,7,5.130306207,5.290220408,3.700983204,2.615749922
3,0,2,12606.95,6.392390013,4.80981487,5.580923128,2.225294003,1
0,2,0,6072.52,7,5.341193634,6.40618532,4.0249152,2.200323386
2,0,0,12017.27,7,5.262025746,4.949366468,3.190690745,2.905936305
2,4,1,5200.23,4.717584925,4.006097825,6.478632568,2.199076967,3.395896694
0,1,0,5277.59,7,4.437094972,6.628243844,3.302112725,1.777644926
3,1,0,10258.23,7,4.615219507,5.950848537,2.056305685,1.504628958
0,0,1,5960.37,5.248965198,3.866227601,6.336273763,3.962594044,2.237764548
3,1,1,14643.37,6.426123119,5.445162094,7,3.213763003,1.559961171
3,4,2,13938.31,6.580272194,5.177817054,5.779078064,3.188297305,1
2,3,0,11498.12,7,4.678897865,5.846552758,2.730113488,1.360398905
0,4,1,5637.09,5.733938639,4.044993005,6.025733873,3.651786703,3.536122443
0,3,0,8248.35,6.757622572,5.488541832,6.72118487,3.520255412,1.627398568
2,1,0,8717.23,7,5.583401184,4.87080941,2.249125447,2.360411239
1,2,2,9808.8,4.388081709,6.055402908,5.520686443,3.085339193,1
1,2,2,6689.03,3.910678636,4.905882732,5.899242623,1.512679691,1
0,4,2,10775.12,6.364564263,3.949644782,5.507579215,3.97878269,1.328873231
2,4,2,9357.71,4.605607045,5.066195658,5.350650241,2.355238508,1.559789081
3,1,2,14472.97,6.091823732,4.711966775,5.632793688,2.647532022,1
3,2,1,14361.95,6.354824983,5.896086335,6.879944078,2.843181413,1.646713263
0,2,2,10654.74,5.537235462,5.74843969,5.817736094,3.978797032,1
2,4,1,11443.49,5.74333771,5.048987609,6.073737072,2.585487896,2.168780034
0,2,2,6377.96,5.605588484,5.423504135,5.895583237,2.728077399,1
0,4,1,7233.23,5.342688569,4.401595957,7,4.333635109,3.274575212
2,0,0,14007.15,7,6.194229784,5.227270122,2.949655452,2.129366938
0,2,2,11991.66,6.812240731,6.098273959,5.689920054,3.200299537,1
3,3,1,6894.3,4.915532846,3.279084799,6.124121338,1.746421542,1.689946333
1,1,2,10702.1,5.268016252,3.975566319,5.742421149,1.879370949,1
3,4,1,14347.61,6.05000737,5.5019875,7,3.58340888,2.409127617
1,2,1,8451.71,4.259725541,5.717730606,6.387246434,1.920811057,2.068070574
2,2,2,6858.2,4.563033401,5.21933775,6.131234493,1.749102716,1
0,4,1,14420.25,6.179930706,5.71399396,7,3.772727189,2.377272517
1,3,0,9612.65,6.161830744,5.048802093,6.311387231,1.722378504,1.958094523
2,2,2,9172.42,5.44798559,6.764315289,4.88061399,2.257327181,1
2,0,0,7675.67,6.58159788,3.632272473,5.78351037,1.917015502,2.838381273
2,1,1,13915.85,6.743363943,5.876221083,6.44968142,3.360401276,2.13147538
3,4,1,13456.17,6.397202933,4.888278625,6.741854142,1.930217565,2.736486232
3,2,2,9029.9,5.219142752,5.831515837,6.726404381,2.362597671,1
1,1,0,5306.13,6.417931902,4.282036371,6.566409991,2.963799233,2.732652981
1,4,0,9466.51,6.228428406,4.48152151,5.880833862,3.119498981,3.029694737
3,4,2,6808.58,4.782910118,3.72755339,5.461275025,2.759667744,1.17415367
1,4,0,6427.34,5.50859903,3.565059414,4.69536665,2.65305951,2.781305988
1,3,2,8930.94,3.385652151,5.693575461,6.023256752,1.179262278,1
0,0,2,5990.77,4.494621264,4.297718729,6.252558195,3.568682496,1
1,4,1,14574.65,4.883684956,4.97554947,6.329312205,3.609663085,2.849265679
2,3,1,5475.39,4.497568264,4.499278577,5.344632453,2.234083011,2.278085595
0,4,0,9013.7,6.485512296,4.783787919,5.662801321,2.937774365,2.938231997
1,4,2,6627.03,4.425511741,5.001872008,6.380977706,2.165329204,1.957325249
0,3,2,11888.11,5.935434804,4.731855084,6.476314563,3.170973939,1
2,0,2,5788.11,4.649435668,3.892181231,5.465383105,2.535668062,1.482852032
1,1,2,10468.06,5.857495981,5.196060618,5.900069871,1.9953566,1
0,2,1,12731.01,5.136192267,6.142456192,6.228474912,3.761927984,1.849731494
1,4,0,14500.6,7,5.273804344,5.916687969,3.813399155,3.997028268
0,0,1,11985.28,6.346947202,4.576504818,5.918379992,4.41390237,2.538033184
0,2,2,5994.92,4.729857696,4.850175808,5.836667347,3.261527866,1
2,4,0,5885.21,5.627087506,3.906184869,5.858996691,1.954803136,3.194160914
2,2,0,12315.98,7,5.841101117,4.593897015,3.203265492,2.15915242
1,3,2,7153.29,3.629686011,4.379943412,5.757468901,2.817216799,1
3,0,2,9472.39,5.739998559,5.181506964,6.014012323,1.357711592,1.426837994
1,0,1,14766.21,5.380386158,5.807581286,6.906733852,3.391254271,3.601944084
0,1,1,13199.07,7,4.956499092,7,3.94695538,2.665243725
2,1,2,13465.93,6.126714396,5.430014911,5.018098649,3.309367987,1
2,2,2,13607.7,5.981627299,5.716845015,5.748989359,3.247244171,1
0,3,1,11195.45,6.610666213,4.757979751,6.439290081,2.982474105,1.452513795
3,2,0,12439.34,7,5.670577001,5.533929949,2.500916297,1.336650257
2,4,0,8589.61,7,4.732041708,5.418100383,2.241733329,3.044332355
3,0,0,14984.46,7,5.591899149,5.666045157,2.703936627,2.855536138
2,2,1,7796.22,4.963357458,4.458534443,5.511673623,2.229611876,2.692898856
0,2,2,10900.07,7,5.641396158,5.784748412,3.581261068,1
1,0,0,7820.62,5.51319801,4.851242644,5.714870096,2.484446239,2.735368337
1,0,2,6120.71,3.837824149,4.378351285,6.492489538,2.640371022,1
3,1,1,10675.86,5.827204767,6.330157654,6.953486368,1.851068521,2.471108281
1,1,1,8533.49,3.547052972,5.984210519,6.596141228,2.729443061,1.977555181
0,0,2,10832.19,5.737940575,4.508027739,5.616219816,3.157589905,1.493734161
1,2,2,10586.78,4.284093809,6.297136977,5.012110138,2.478967899,1
3,4,2,10422.57,6.567309686,4.333020572,5.685337179,1.276788416,1
0,2,2,6233.01,5.700715928,5.913918166,5.377907155,3.330718936,1
0,4,0,9401.81,7,4.712046461,5.22145498,3.938514259,2.646081042
2,0,2,13120.04,5.677266823,4.977404509,5.328213388,2.745681526,1.463280875
2,4,0,8151.43,6.893574628,5.560650995,5.043383619,1.914593392,3.285782525
1,1,1,9438.32,5.247665437,6.169429934,7,2.124722857,1.732980014
3,0,0,9938.32,6.806458477,4.129387867,6.341471843,2.960675911,2.832478505
0,3,2,13627.31,7,6.363038943,6.442543135,3.864816401,1
1,4,0,11556,7,5.526638171,5.671575775,1.720228653,2.044641092
1,4,1,6002.03,3.478178774,3.790900248,7,2.013638428,1.366216047
2,3,2,13651.71,6.172387417,4.833425501,5.322463475,1.708270139,1
1,3,1,13320.66,6.160017529,4.766920472,6.462600058,2.613921701,2.076610557
1,0,1,12536.46,4.738340393,4.433253256,7,3.335532538,2.62878823
2,2,2,9660.58,5.243163643,5.740167325,5.033943076,1.823785381,1
1,3,0,12575.45,7,5.995082362,5.001209013,3.843003009,1
1,4,1,9787.42,4.249542257,4.071403717,7,1.893544607,3.259072987
0,3,2,12366.24,6.097625751,5.246632045,5.891785639,4.804062906,1
1,0,1,13801.1,5.603386475,5.02775593,7,3.465294493,2.917945695
2,0,0,13905.42,7,4.510383248,5.890311707,2.223563955,2.529825061
2,4,1,9545.79,4.692814409,4.880938961,6.109543532,2.315985484,2.362680589
0,4,1,13593.43,6.062298026,5.885204914,7,4.45367833,3.204610484
2,4,1,6014.57,5.127832433,3.964529449,5.85607155,3.015304218,3.824669659
2,2,1,6018.19,4.713649601,5.738820091,6.070813258,1.89041373,1.76553479
2,4,0,10482.67,7,5.281862664,5.258003665,2.707884097,2.515151728
1,0,2,11518.45,5.450504906,4.413996752,5.32829836,2.463665966,1.43426505
0,0,1,6529.94,4.749913552,3.516604304,6.199551542,3.659171874,2.535309787
3,3,0,9721.8,7,5.071425991,6.247254279,2.988757867,1.570315322
0,4,1,5943.63,5.208918214,4.235530009,6.526075436,2.7172093,1.80649058
0,2,1,11020.99,6.031483897,6.742951889,6.393697847,3.965405039,1.60403076
0,1,1,13550.94,6.507789148,5.250121764,7,3.955037401,1.66494547
3,3,0,12376.39,7,4.770778867,7,2.876665717,1.274954946
3,2,1,8782.92,4.910033227,6.555870582,6.486253572,1.742104715,3.256288057
2,4,1,14937.94,6.685981963,5.765816117,6.099848952,3.886698568,3.353714266
1,2,2,11629.35,5.755587411,5.585628119,5.63214223,2.525028063,1
2,1,0,13152.48,7,4.761608983,5.710748329,2.672374583,2.225130991
2,2,2,11696.97,5.99574396,6.028600794,5.392497119,1.849089442,1
3,1,2,14894.16,6.64002882,5.353921614,6.12535838,3.253379954,1
2,1,2,13213.6,6.152552061,4.136570845,5.235225994,2.939189223,1
2,1,2,10194.23,7,5.138198099,5.454239839,2.573535372,1.511228403
3,2,1,8668.8,4.859227824,5.717878825,6.960923123,1.725354758,1.523320677
0,4,2,11821.55,7,5.647903936,6.325120898,3.694935918,1
0,0,0,10902.22,7,5.661512714,5.74653896,3.100038569,2.805030229
3,0,1,11293.51,6.788519198,4.896249691,6.711007159,1.210964154,2.864593748
1,2,2,8430.12,4.498707763,6.165701809,7,1.938842822,1
2,4,2,9287.28,4.664736504,4.650765807,5.768462071,2.162546567,2.372171212
0,0,0,10580.97,7,4.564010618,5.50369365,4.333345808,3.010359717
3,1,0,13392.83,7,5.034753406,6.007938589,3.669889761,2.186396298
1,2,2,12629.09,5.680892293,5.997362679,6.435709827,2.962868518,1
2,2,2,6186.56,6.076243289,5.050195651,5.10481845,2.868714461,1
3,3,2,7455.54,4.668557999,3.960574386,6.334462336,2.405651131,1
3,3,2,5266.58,4.996707549,4.409039827,5.845538556,1.977029132,1.026502628
3,3,2,5079.61,5.145542025,4.343481053,6.612165466,2.013715749,1
2,4,0,7243.75,7,3.919933857,4.896803918,2.71102091,2.06760826
0,2,0,12993.21,7,6.203108265,5.985623444,4.294109529,3.103441228
2,3,1,14047.48,6.542306531,4.711316545,5.979429381,2.771949867,1.393149938
2,2,1,8917.68,5.280027767,6.350850976,6.533382171,2.700340644,2.309635484
0,1,0,10631.99,7,4.859386093,5.87997859,4.188628879,2.732555309
3,3,1,12060.53,6.286990487,4.504359903,6.87926397,2.840644417,1.958220245
1,2,2,14529.37,6.107800675,6.334437506,5.760074569,2.670581898,1
1,4,1,14129.32,5.781202729,5.141092506,7,2.991606822,2.371888494
0,4,2,5571.92,5.027845227,4.569744775,6.029122916,4.3213437,1.526124948
0,4,2,7481.66,5.983845768,5.024499921,5.551204417,3.176646872,1.171473515
3,3,1,5491.45,4.146025874,4.231982249,7,2.396054882,1.388246019
1,4,1,11165.42,6.29424485,4.059789013,6.138511875,2.743087256,3.0579593
1,0,2,12104.93,5.192947093,5.027490127,6.064586992,3.58880411,1
3,1,0,8082.83,7,5.539384879,5.500972243,2.274219764,1.97051884
0,2,1,13538.52,5.69321254,6.346084663,6.975936991,4.94813505,1.989338463
0,0,1,9528.13,5.218878435,5.736101331,6.479111984,2.909562923,2.961036397
3,3,0,14983.82,7,4.954596976,5.788500274,2.580078911,2.467127001
0,2,1,5004,4.989795714,6.322736527,6.280007725,4.503176049,2.146251432
2,2,2,6094.9,5.009271957,4.649666221,5.168715146,2.929316846,1
0,4,0,8017.93,6.102389721,4.194059817,6.58551879,3.840368317,2.39348792
2,2,0,5255.08,6.764191029,5.264916202,6.009837301,1.793463503,2.066601119
1,2,2,12823.39,5.327852128,6.14850816,5.551755774,3.104912114,1
1,1,2,5527.72,4.047741152,4.781248872,6.521860979,2.994904697,1
0,3,2,12489.8,7,4.098889065,5.152705464,3.697494054,1
3,0,0,5525.68,7,3.245636265,5.321628385,2.239050733,2.96849552
0,4,2,7527.27,5.437524412,3.866302466,5.908642524,3.943599677,1
3,1,1,13412.77,6.561334179,5.284979984,6.614806221,3.430338253,1.571619789
1,0,1,14510.95,6.28117721,4.842632163,6.580490414,2.269576288,2.339953527
1,0,2,9145.26,3.59419931,4.436019899,5.408738697,2.321933623,1.700571585
1,1,1,14699.39,5.639785997,3.401548608,6.279255322,3.568546119,1.328160841
3,4,1,11268.81,6.439474561,4.451919175,7,1.90272007,3.24388661
3,3,0,9158.35,6.637798395,3.78707071,6.235484581,1.340417024,1.543371425
1,1,2,13028.01,6.432942913,6.564866905,6.010057829,2.554284606,1
0,1,1,7953.29,4.342975735,3.788896651,7,3.604732878,1.288799154
3,1,2,7657.96,5.203217699,3.144178401,5.061568771,2.682878151,1
2,4,2,11565.48,7,4.47281328,6.113759289,3.120785688,1.477807044
1,1,1,8904.87,3.848700631,4.699773797,6.531063008,1.499034551,2.320356898
3,1,1,6359.18,5.302813385,3.885277747,6.81497608,2.073027531,1.391789577
1,2,0,5669.64,5.347982747,4.915803228,5.803719186,2.877749183,2.334233645
2,2,0,12878.43,7,6.545078186,4.707515932,2.25772293,1.46990857
0,2,0,11759.11,7,5.81189727,6.346004256,4.089251648,1.395850968
2,2,1,9117.98,4.178545746,7,6.415713145,2.032332424,2.790785925
0,1,0,13962.28,7,4.704182208,6.435221799,4.776150001,2.419278054
0,2,2,9108.57,5.634062977,5.725230747,6.013055625,4.322738269,1
3,0,0,12102.95,7,5.055524365,5.20848042,3.163185901,2.067048172
0,3,0,14091.15,7,4.18942449,6.424614572,3.835146061,1.471138512
0,2,0,13407.15,7,6.349661759,6.046021093,4.369966674,2.34550991
0,4,2,10111.05,5.494452739,5.067614213,5.318025407,2.865738608,1
1,3,2,11806.36,4.513739134,4.994477475,5.116415999,2.502527605,1.259379025
3,0,1,9136.66,5.782405642,4.454498372,6.206408311,2.69064844,2.928336649
3,3,0,11471.97,7,4.34605819,6.060208451,2.732546266,1.613716926
0,3,2,7575.52,5.231885751,4.079839065,5.673618745,3.474452512,1
1,0,2,9347.42,4.427925679,4.485155402,5.701048263,2.75128653,1.138300485
0,2,2,7095.46,4.532069938,5.29184292,6.897649925,4.082044234,1
3,0,1,5381.85,5.49709846,4.258192177,6.914354609,2.75700866,3.073539359
3,4,1,10885.4,6.47337341,5.093170517,6.966047511,2.453173894,3.08249823
3,0,1,13644.29,6.006538572,4.896575688,6.166577131,3.131334655,3.07207789
3,1,0,5255.78,7,4.150165627,5.814852227,2.089307459,2.322854933
1,1,2,6960.3,3.659457167,4.07663607,6.476827089,3.312413099,1.077776173
2,3,1,9601.85,4.737297238,4.626825626,6.615095774,2.19307708,1.260550468
2,2,1,11658.97,7,6.286505982,6.924652525,2.133267159,1.984320819
1,2,2,6712.29,4.075772694,5.063583084,5.620363767,3.398763635,1
0,1,2,5566.95,4.211013252,4.050852304,5.28061778,3.077172986,1
3,4,0,10190.49,7,3.738412953,6.85792145,1.970578098,2.787715153
3,0,0,13187.1,7,5.855743902,5.690226444,3.531600077,2.979361792
3,0,0,5352.35,7,3.663329931,6.824847612,2.007403514,2.363190374
1,0,1,8493.69,3.848337392,4.179715567,6.334499572,2.139935774,2.773450313
1,4,1,11635.15,5.958208489,5.410925873,6.782222198,1.431388168,1.832531686
3,4,2,6307.42,4.735043305,3.582248783,5.704134619,3.111008812,1.096347891
3,0,0,7359.47,6.567284835,3.998259276,5.740055113,2.598522514,3.02277983
0,0,2,10354.93,7,4.854082948,6.965485452,3.84895037,1.665264642
2,4,0,14532.32,7,3.930390373,4.695023635,3.106782646,3.27711919
1,0,0,7873.43,6.267285161,4.018893338,6.451678464,2.897221625,2.745839731
2,4,0,9875.27,7,5.192002273,5.903162587,2.463795348,3.032039667
3,3,0,8999.31,6.697803939,5.102820084,5.830137304,1.765487983,2.149994801
2,1,2,13973.97,5.988756408,4.978490207,5.316852862,2.718822491,1.202663716
2,1,2,5718.9,5.819143272,3.85157317,5.998671758,1.509276857,1
1,4,1,10661.48,5.469452763,4.466700077,6.987819033,2.443767696,2.87628577
1,0,0,13461.2,7,5.184007501,6.288016649,3.242775116,2.449504993
0,1,2,14881.18,7,4.298056837,6.142542376,4.572170092,1
3,2,0,11987.25,7,6.571738297,5.475848773,3.135216744,1.918525471
0,0,0,8799.35,6.75164404,4.681095703,6.14871234,2.709962944,3.342378513
1,4,1,9118.24,3.701447097,5.652222638,6.178777962,2.366023391,3.176941508
0,2,1,8516.82,5.331108429,5.941644974,6.182636893,3.271531605,2.583328431
2,4,2,11036.13,7,4.188557533,5.131006463,1.433791324,1.125810642
2,0,2,12394.06,6.181044977,4.402231709,6.3315044,3.573434836,1.52169589
1,3,1,13194.68,5.444876786,5.446252187,6.299245002,3.119187509,1.697397634
2,3,2,9165.93,6.171747788,4.320916961,5.363890209,1.65274875,1
3,3,2,12167.09,6.87491707,4.65115165,5.378882499,2.807097876,1
1,0,1,14162.23,5.532049855,5.8098831,7,3.379583101,2.897879421
3,0,0,14208.25,7,5.058266703,6.362805886,3.549317117,2.874439048
1,2,0,12040.29,7,5.9150795,6.009000795,3.731723155,2.581958384
1,0,1,11369.02,5.843776729,5.455151798,6.781280637,2.774080927,2.823849089
2,0,0,10315.26,7,5.916223021,5.39786263,2.827142709,2.718628929
1,2,0,6831.98,4.654933579,5.163593446,5.079159396,2.677679011,1.885401101
1,2,1,6236.3,4.609433761,5.316664363,6.284953079,2.634898841,1.220200933
0,4,2,9857.11,4.846452055,4.068032798,6.175045504,3.623654923,1.463063366
2,1,1,6594.44,4.532070143,4.676202167,6.754353895,2.417024771,1.709577901
3,1,1,10770,6.325066341,4.992326702,6.249531076,2.726560264,2.629667599
1,4,0,11457.03,7,4.828157493,6.688633836,3.019454895,2.583953313
3,3,1,10256.16,5.998107585,5.543298096,6.525741394,1.93304513,2.408176364
0,0,0,5364.27,6.307040658,3.77708858,5.067976567,3.079635064,2.571271467
1,2,1,5577.28,3.62489309,4.984957076,5.772856713,1.796714637,2.672432811
3,2,2,6133.41,5.149089253,4.943817721,5.672311466,2.682604261,1
2,3,0,6536.46,6.438956452,3.73321615,4.881602376,1.953714207,2.342541593
0,2,1,14898.83,6.792386815,6.714574051,6.871087499,3.445435021,1.377165899
0,3,0,8444.95,7,5.050878706,5.420413359,3.328825172,2.949889108
3,4,1,7919.73,5.465791243,4.749306769,6.210387128,3.135197365,2.639903752
1,3,1,5522.67,4.786104645,4.179151393,7,2.647325725,2.04939939
1,1,1,11353.2,5.791724253,4.490592092,6.735531107,2.690347664,2.054431855
2,3,0,11521.91,7,5.116876641,4.817989756,2.823055239,1
2,4,0,6754.49,6.987518992,4.380103196,5.540772665,2.065460053,3.449810634
1,3,2,14192.42,5.155537777,5.842353316,5.895054169,2.877354057,1
0,4,2,13004.94,6.34487146,5.047993028,6.285647096,3.587312056,1.706431857
2,1,2,7303.19,4.153312581,3.993500778,5.321728295,1.644392504,1.345721203
2,0,2,9858.5,5.083687852,4.673655785,5.570988499,3.543405246,1
0,4,1,9583.91,5.32897678,4.542728169,7,3.170432946,2.818219435
1,0,0,8485.2,6.079075627,5.660029712,5.263038784,3.149832678,1.940886456
3,4,1,13176.35,6.663826893,5.030186451,6.73433367,3.018137688,3.160913167
2,3,0,6092.64,7,3.910233401,5.851633281,2.18520048,2.046727542
0,0,0,9153.14,7,5.593332597,6.523890065,2.987487218,3.113150457
2,4,1,9280.31,5.230742926,5.883806097,6.696428258,1.986474865,2.7091152
0,4,1,9687.26,3.728746011,4.961425272,6.615365145,3.237663832,2.510184663
2,0,0,13613.5,7,3.656112999,4.865561978,4.19334462,3.392041826
1,4,2,7181.67,4.152946596,3.997645704,5.707412152,1.661781973,1.583823411
0,0,2,6029.23,5.399839295,3.65349268,5.091589692,3.832343973,1.787617335
3,1,0,11178.08,7,4.920748157,4.920736913,1.687425776,2.642931772
3,2,1,6738.34,4.324713378,5.549976439,6.28937825,1.739073725,2.912939429
2,1,1,5749.32,5.931431511,4.08162036,6.057688784,2.816023501,1.210198605
3,0,0,9266.49,7,6.01025141,6.290334647,1.718601965,3.662299887
2,3,1,7196.46,5.156370168,3.929830811,5.815493936,1.73009592,2.576692163
0,3,0,8612.17,6.961907301,4.956683892,6.063040755,2.523797742,1.988979035
0,2,0,7597.11,6.996755779,5.947576213,6.413809447,2.892875764,1.803287865
3,0,0,5926.36,7,3.348643248,6.848001819,2.279735209,3.168107465
3,4,1,10603.47,6.279053103,4.77218368,6.339082051,3.068405321,3.195885687
1,1,2,5270.18,3.516784455,4.352771406,6.47023956,2.840731872,1
0,1,0,14663.75,7,4.534277194,6.665822923,4.53335091,2.494452141
3,2,1,8413.31,4.058568198,6.678287904,6.812535594,2.713814822,1.401027588
3,2,2,11951.58,7,5.874003295,6.575896962,2.197649175,1.425147521
3,2,0,13103.63,7,7,5.964991114,2.443572944,2.148060707
2,2,2,7791.05,4.933386234,4.897948097,6.121574801,1.623451999,1.455784448
1,2,1,12487.39,5.407491947,5.51895613,6.994910952,3.091381625,1.923105003
0,2,2,13324.21,6.185067941,6.85703862,6.269693782,3.957160313,1
3,4,2,7413.17,4.610004651,4.489269081,7,2.8535482,1.069720557
3,4,1,14924.95,6.018880128,5.049426726,5.995290874,3.457476379,3.232864919
3,1,0,5206.89,6.923284495,3.854975877,5.944714589,3.080897296,1.797196116
2,1,1,7170,4.40202143,3.609111698,6.794698183,1.819613753,2.59929259
0,2,1,12800.21,6.399235325,5.303224462,7,4.064322489,2.185777967
3,1,0,6941.31,6.68839015,4.61546629,6.222830471,3.383194275,2.355270869
3,2,0,11982.6,7,5.767749028,5.291378554,2.235620368,1.955075305
2,4,1,13555.3,7,4.79439901,6.807348968,2.946626204,3.84592215
2,3,0,14592.14,7,5.676024307,5.250497391,3.445782178,2.78588406
1,4,0,9742.48,5.824394464,4.451870363,5.403446201,1.873023516,1.685446823
1,0,1,14711.09,5.386205486,5.32489166,6.922993231,2.810976036,2.456567432
0,4,1,9116.22,4.714525551,5.141855344,7,2.752328705,2.978688183
1,0,1,7181.28,4.132531272,3.52826106,7,2.766727874,2.614960932
0,1,1,10139.22,6.066702731,6.07775945,7,3.589889489,1.662872059
1,4,2,11498.23,5.113623734,5.28655407,5.588737403,1.867112093,1.332528593
3,3,2,9579.63,5.319137219,5.881991111,6.120205207,1.88921203,1
1,4,0,10669.72,7,5.601575612,6.623537376,2.806838353,3.857050904
3,4,2,9164.09,5.103711182,5.375847916,5.596702281,2.41648408,1.536310001
0,4,2,10247.62,6.894326696,4.687483708,5.21741171,3.209610531,1.930906016
1,2,2,14525.96,5.393882348,6.434703537,5.700719285,3.52034482,1
1,4,0,9998.31,5.940094678,5.663764367,6.788261332,2.973658037,2.736047569
1,4,2,7531.8,3.702597116,3.544132843,5.255568526,1.833570827,1
3,3,1,12587.47,5.8690822,4.241403033,6.148178904,2.974491478,2.220327573
3,0,1,8375.84,5.17614141,4.73917076,6.625627585,2.483637046,2.996229075
1,0,0,13162.07,7,4.518808808,6.866953868,3.315712227,3.271397503
0,3,0,5568.42,6.469546851,3.45796587,5.651330525,3.868488067,1.421435893
3,1,0,8321.78,7,5.72930542,5.646490861,1.831759024,1.634457001
2,4,2,5943.6,4.917936967,4.475102308,6.005789034,2.699363076,1
0,1,0,5853.18,6.906289368,3.558883932,6.202154672,3.950020408,1.750429304
0,3,0,11583.9,7,4.54694391,6.265994508,4.572230619,2.459039386
0,1,0,8853.35,7,4.91479265,6.305738116,3.223958457,2.563990767
3,0,1,13714.79,6.137922691,4.875795495,6.380292841,2.828258992,2.67101825
1,2,0,10164.05,6.491802456,6.2166909,5.757944316,1.645246903,1.65773909
1,1,1,7953.43,4.180810638,3.113026159,6.719659225,2.872788512,1.783786504
2,2,1,12208.89,7,6.737907881,6.482015918,2.987927276,2.003365175
1,1,0,11240.17,7,5.99948546,6.250435372,3.044235609,1.420462537
2,3,0,12995.95,7,5.008306463,6.171761406,2.104231789,3.508876974
2,2,2,11435.88,6.499851407,6.788999223,5.491976626,1.892161872,1.356669777
1,1,0,6670.13,5.903341911,3.637507007,6.192323581,2.598036072,2.167418837
2,3,0,11703.1,7,5.190354333,6.116567548,2.328301381,1.675916443
0,0,0,8915.49,7,3.767757832,6.301007397,4.253755598,3.281058009
0,4,0,9631.43,6.205630764,5.721216731,5.723859251,3.599677492,3.545261118
0,3,0,14215.65,7,5.069474301,5.347884375,4.106883346,1.416607994
3,3,0,8599.64,7,4.274850674,5.955160932,2.016455194,1.642127735
2,0,2,11119.59,7,4.462964784,5.228596108,2.396003229,1.721238392
2,2,2,8634.82,4.096901428,6.110769049,5.87833631,3.131910367,1
0,1,0,5947.27,6.299707181,3.993571324,5.759191979,3.67006022,2.920366138
3,2,2,9535.25,4.413827447,6.748449185,6.451548727,2.627198152,1
1,3,1,10970.62,6.537293023,5.645127192,6.508040039,2.324572906,1.457398406
0,1,2,9075.03,5.693789409,5.023608967,5.037675854,2.271399719,1
3,4,1,8906.66,4.578789141,4.778423707,6.696529928,2.948168486,3.612393575
1,4,0,13203.79,7,5.85417434,6.314785218,2.299161487,3.301045353
3,1,1,5296.85,4.21113354,4.16583992,6.055896466,3.271176889,2.19209139
1,3,0,7955.85,5.896988999,3.774393278,5.98235094,1.936441195,1.835940426
2,0,2,13117.57,5.497921104,4.539565453,4.918848351,3.260492216,1.41673695
2,2,1,14205.3,6.933303131,5.989560869,6.356545979,1.9833029,2.455461728
3,2,1,9123,5.633306426,6.525455914,6.359732987,2.576950632,2.087744144
3,0,1,13887.94,5.519858184,5.620594794,6.266287316,3.287548668,2.914206137
1,0,0,6989.3,6.673811376,3.568160573,5.747193375,2.64459873,2.601271001
3,4,0,7214.27,7,3.621382589,6.294148564,2.297956451,2.57137704
3,0,2,13461.91,7,4.473501823,6.265700774,1.751546357,1.561413384
1,1,2,14032.58,6.111143017,4.925598225,6.106132356,3.852981703,1.028693168
1,4,0,7228.06,4.887040379,3.7277552,5.856679737,2.456178629,2.86809715
2,3,2,5593.24,4.738169204,3.705451444,4.78040165,1.795541931,1
0,4,1,5903.24,4.475886252,3.59886774,6.071006049,3.692064575,3.380057177
3,4,1,7613.81,5.581487842,3.805366709,6.767700675,2.314383108,2.690721542
1,2,1,12614.49,5.664906203,6.76573191,7,2.916159368,1.732704116
2,0,2,10099.92,5.923855304,4.131400088,5.772297027,2.299595634,1.4042211
0,1,1,9555.89,6.223071219,5.793636261,6.821543195,3.604335181,1.445410784
3,0,1,10841.4,6.822797992,5.114512541,6.358681523,2.424790926,3.421141946
2,2,0,13902.23,7,5.443634782,4.927752997,2.95009927,2.115138589
0,0,0,5904.3,7,4.614202539,4.963150599,3.288592496,2.140632582
3,1,2,11947.24,5.847416018,5.291833095,6.070028773,3.129893546,1
2,0,0,14267.91,7,4.729599698,6.286848792,2.551049496,3.008172401
3,2,2,7133.5,4.304371132,5.923874856,6.918580955,1.951378959,1
0,1,2,13377.72,6.631911664,4.591104711,6.573263658,4.428121734,1.133538764
1,0,0,11980.25,6.959555575,4.312129143,6.18268408,3.144851966,2.43211772
2,2,0,5144.69,7,4.868711324,6.029329212,1.857914183,2.137519314
0,2,2,7316.12,5.560321919,4.527843268,6.301130316,3.321216939,1
3,4,2,11058.45,6.684484542,4.7911642,5.953121309,1.38128347,1.835001347
0,1,2,10024,7,4.728252561,5.981078956,4.286209044,1
0,1,1,10279.36,6.751826892,5.836853768,6.485083768,3.229006079,2.664232632
1,0,1,7319.3,3.454386849,4.430971021,6.98775268,2.867669056,2.836251782
2,4,0,11750.03,7,4.807521657,4.763227126,1.529544279,2.354158482
0,1,1,7664.18,5.338147482,3.624459637,6.790551734,3.545419167,1.612638678
1,2,1,8894.35,4.078158708,6.670479187,6.817875807,2.759230096,1.811415314
1,1,2,8689.16,4.132781512,5.048572938,6.536892195,2.512325001,1
1,4,1,11720.25,5.74392994,4.521859076,7,2.284702858,2.974974059
3,3,0,5902.53,6.979978426,3.695551756,5.633603305,2.84030332,2.941089784
1,2,1,7055.42,4.135400453,5.215889245,6.186036177,1.420347068,1.196068913
1,1,1,7004.97,4.265322535,3.11228693,7,1.75134188,2.079806146
1,2,1,6084.25,3.796171163,4.669679927,6.107771023,1.438420652,1.458976201
1,0,0,7075.95,7,4.652028289,6.09093192,2.116799838,2.606686718
2,2,0,11070.6,7,5.914591494,5.211223017,2.543346046,1.495299781
2,1,2,12321.68,5.259760145,4.707528035,6.225986266,2.1858535,1
1,0,1,11603.03,5.181722234,4.201057046,7,2.348907932,2.010744343
0,0,2,9751.88,4.935995666,4.980398352,5.879347351,3.41723471,1.335370575
3,0,2,5524.35,5.154915102,4.186701325,5.251496447,2.330088692,1.490711499
0,3,0,14590.07,7,5.852992286,5.958422316,4.451983364,1.775493231
0,3,2,6680.76,4.847925259,4.171277027,5.307727392,3.87250037,1
1,0,1,11684.21,5.94063713,4.865811551,7,2.791446961,3.393956505
0,1,2,14128.91,6.572459402,5.504786995,6.380035711,3.231606262,1
2,0,0,11977.77,7,4.611119705,5.37156682,2.55826923,3.487414255
2,0,0,7180.5,7,4.620437909,4.971838958,2.048140602,2.76981958
3,2,0,8157.96,6.666307827,5.638705208,6.195080214,1.948396062,2.403405897
2,2,1,5302.06,4.38878711,5.631820852,6.40743609,2.407564116,2.121938091
2,2,2,11127.58,6.45937602,6.168113572,5.364921792,2.449506519,1
1,4,1,11129.93,5.27374315,5.694118562,6.616917575,1.948851872,2.824307381
2,2,0,12255.01,7,6.433142991,5.429342861,3.366820759,1.96959361
0,2,1,5109.96,4.953189941,4.995966901,7,3.37836007,2.132261087
0,1,0,13178.41,7,4.956052821,5.950086944,4.084834608,2.095024366
2,3,1,12387.11,6.903474248,5.388647338,6.545633021,3.604951844,2.04133211
3,3,1,6408.87,5.702318403,4.524948425,6.473151289,2.693707128,1.071733171
3,3,2,8476.27,5.60110041,4.964352502,5.611493877,1.426245706,1
3,4,2,11385.25,7,5.12136789,5.801946969,2.20501191,2.064970853
2,0,0,9957.97,7,4.979188592,5.967253272,2.696719106,2.455482157
3,2,2,6150.94,4.82691272,5.909694948,6.338090925,3.186240952,1
2,1,2,5873.45,4.645023178,3.989549467,5.893682306,2.295584346,1
0,4,1,12814.56,7,4.881433746,6.960965984,4.330215954,3.356566833
3,3,0,6559.67,7,4.064734702,7,2.248820566,2.366601262
3,4,1,6720.93,4.356469856,4.001109736,6.751858945,2.263956976,2.039670006
3,1,1,13309.23,6.322752465,4.565749166,7,2.567475407,2.314066924
0,4,2,11121.4,6.837700122,4.702161125,5.574800141,3.358816771,1.200951708
2,3,2,11047.16,6.008341473,4.85209563,5.65598703,1.704547506,1
0,0,0,9793.46,6.737471445,5.046675956,6.942302359,2.742335389,2.846946026
0,3,2,10689.95,6.639752795,4.745069775,6.183962705,2.770302335,1
1,3,1,11017.7,4.16594513,4.878596763,6.183855471,2.456575723,2.707037898
3,3,2,14678.26,6.637874683,4.96286348,5.739943973,2.860029791,1
2,4,0,7229.73,7,4.238486585,5.11598643,2.873700974,2.792595006
2,1,0,7145.62,7,4.643015469,4.435716815,1.027245871,2.194739161
1,3,1,5572.18,4.004234022,4.742922684,6.237446926,2.542803265,1.820124862
1,4,1,11581.99,5.974067292,3.907328039,6.667698461,2.664072989,2.502790498
0,1,2,10490.42,6.472709759,5.024904873,6.168160085,2.955364334,1
1,0,0,6112.39,6.247337599,4.372103362,6.086234966,2.128394921,2.946943577
2,3,1,8645.39,5.421344835,5.100786297,5.709731805,1.738017951,2.018313194
2,2,2,6786.63,4.170522572,5.596185412,5.036065993,1.721905487,1.34396687
2,4,2,8314.82,4.744365817,5.141699021,5.79935572,3.025867989,1.103553166
0,0,2,14512.64,6.588581303,4.940334105,7,3.188850544,1.319756408
3,0,1,11833.19,6.491286177,4.944539539,6.077645533,1.372815782,2.129544483
3,0,1,5075.69,5.431229785,3.99153732,5.92037859,3.015911915,3.881625853
0,4,2,7525.08,5.15059533,4.213541637,6.04444532,3.186444531,1
2,1,2,5103.62,4.458703118,3.972850118,5.787745515,2.184003913,1
2,2,1,12148.68,6.522036462,6.253011522,6.006565454,3.20649093,1.443872868
0,1,0,9694.22,7,4.240836257,5.40302715,3.141261936,2.097266916
0,3,2,14940.19,6.617915206,4.574665393,5.290674973,4.803004766,1
1,2,0,12335.83,7,6.382033756,5.523024332,3.535460408,2.288014629
0,1,0,10179.13,7,4.968899018,5.880131116,4.166615812,2.215637176
3,3,1,13047.05,6.771194022,5.034585297,6.799882741,3.939550765,1.818668943
0,2,1,12048.04,6.60966231,7,7,4.389647979,1.245124078
2,4,0,7437.76,7,3.879771638,5.541953261,2.815907343,2.796988816
2,3,1,10302.58,6.606341632,5.032242035,6.118202928,2.475663753,1.682967621
2,1,0,10559.99,7,5.270415962,6.125860861,1.928735247,1.736663757
3,2,0,9512.32,7,6.202963147,5.013914301,2.088008335,2.89761687
3,3,1,6791.93,5.698721454,4.852148609,7,2.034028812,2.128200834
1,3,1,7233.69,4.299204885,3.835395528,5.937758091,2.752729904,1.775724368
0,4,2,7810.47,5.313197525,3.209462049,5.679184429,3.693966297,1.715518787
1,3,1,5102.55,4.374280349,3.965563889,6.896420411,2.494844091,2.159840713
0,2,2,14169.44,6.785590276,5.624388153,6.931621832,4.107891659,1
0,0,1,11860.96,6.35448055,5.115876535,6.078821457,3.256358176,1.945946072
3,2,1,11896.17,6.266026091,6.278912893,7,2.27038042,2.14299305
2,2,1,10723.31,5.657033477,6.277960721,6.928531293,2.531904756,1.626788697
0,4,1,11893.11,6.584524682,5.682430193,7,3.798382579,2.50689801
3,4,0,14818.63,7,4.965678585,6.903454045,2.543722213,3.029816525
1,3,1,8851.6,4.336602824,5.370886486,6.675778627,2.136946404,2.963795697
2,4,0,12125.26,7,4.790857844,5.964578862,3.06419055,2.249600368
1,3,1,8595.29,4.489750367,4.801146981,6.595747064,3.63011292,1.882675614
1,0,1,13542.89,5.533670188,5.456599807,6.333960471,3.279164198,3.36201699
3,1,0,13580.29,7,5.329713239,5.447514866,3.218133651,1.327476064
2,4,1,14022.66,7,5.53708252,6.412359372,3.092023289,2.896208377
0,4,2,5054.63,4.986729057,4.483914405,5.84428967,4.595901103,1.486532481
1,0,2,7981.91,4.620763533,3.17253728,5.711377986,2.758197892,1.561348281
0,4,1,6339.24,5.014217625,4.529817862,7,2.92213581,3.400446826
2,0,2,9539.86,4.778825452,5.427412665,5.272976996,2.564687511,1.71013326
3,3,2,9954.5,4.65174532,4.762408404,5.90551669,1.487365002,1
3,4,2,7559.04,5.736384714,3.370396351,6.32909192,2.471542521,1.055378543
3,4,2,12234.46,7,5.575272651,6.619273305,3.020254874,1
0,3,0,7697.7,7,3.937406265,6.510927441,3.204322824,2.667177636
0,4,0,13538.91,7,5.352896873,5.626571926,4.18090627,2.233628579
2,2,0,6776.59,7,4.696134361,5.777480063,2.648240655,1.994310961
0,0,2,8672.35,4.673247438,5.20253763,6.475264629,3.415053631,1.185257316
3,1,2,11222.38,5.869922699,5.108917901,6.529999671,3.014994164,1
1,2,0,11053.35,6.799439123,5.964984569,6.585257964,2.711056082,1.483140787
1,1,2,5780.29,4.988329067,3.458828145,5.805324374,2.551540866,1
1,2,0,13462.59,7,6.206765329,6.512705463,3.961522909,2.15175013
3,2,0,10980.65,7,6.252572986,6.987227305,2.706077615,2.669765502
0,2,0,13698.6,7,6.670329617,6.023419298,4.920403739,1
1,0,2,13676.36,5.784517915,5.239326647,5.565912378,3.172369537,1.697331112
0,1,0,10459.19,7,5.182369407,6.649911222,4.341455762,2.314212712
0,3,1,14107.81,6.459251484,5.488636051,6.381635734,4.598140855,1.982850491
3,3,0,13484.08,7,4.76822435,6.865086028,3.612811572,2.189721745
0,4,0,14581.23,7,5.858480431,7,4.036328953,2.756946728
0,0,1,13504.98,7,3.831405707,5.533228467,3.838656864,3.073948965
3,0,2,13212.04,5.967765323,4.396481202,5.782929007,3.706286639,1.228615471
2,0,0,9693.6,7,5.077751133,6.300551598,2.206477883,3.136135373
1,2,1,7120.31,4.138934733,5.159409377,7,2.674096433,2.145899365
1,0,2,14107.09,4.571074342,4.44289003,5.567410592,3.148542385,1.410732334
0,3,1,12225.49,6.156448859,4.619226109,7,3.86834084,1
2,0,0,7817.48,7,3.758907041,5.909291244,1.952722987,2.812213764
3,2,1,8409.96,5.168305183,5.130679592,6.526191382,1.939940462,1.786172777
0,1,2,11860.79,6.265799973,5.022704234,6.115972795,3.836571,1
3,0,0,9778.17,7,5.507139279,6.717540082,2.935445294,2.664190334
1,1,1,5814.83,3.869399013,3.907153357,7,2.209413149,2.417533178
3,4,2,6414.48,4.085686624,2.984022303,6.682132275,2.588343536,2.034558021
1,2,2,12456.49,4.775048206,6.32797803,5.299025087,3.491086181,1
3,0,0,8285.7,6.984411077,5.482514432,5.999248413,2.282740753,2.221690734
3,4,0,10076.49,7,5.102182526,6.309887123,1.664765164,3.640873373
2,4,0,12666.21,7,5.901560988,6.041257093,1.817223204,3.327224589
3,1,0,12511.76,7,5.351401684,6.137600618,2.934811736,2.014755046
0,3,1,6670.15,5.730298649,4.766013126,6.738910036,3.136213892,2.661387624
2,3,2,5983.94,5.48866795,4.129949451,5.041948391,1.483908871,1
0,3,0,10911.52,7,4.73182156,6.23573379,3.251805736,1.772752596
3,3,0,12416.33,7,5.35459817,5.52986374,2.263639168,1.524819159
3,2,0,6490.4,7,4.909785672,6.245964131,2.145577222,1.901407687
2,0,1,8719.55,5.687108271,5.063276843,7,3.269485832,3.692090947
1,0,2,13702.78,5.240077828,5.088006847,6.741447914,3.398146308,1.982012756
2,2,2,14442.23,7,6.851752571,5.009477514,2.97432305,1
1,1,0,9540.7,5.944118407,5.108289279,6.053950336,2.007285195,1.368772671
1,0,2,5795.16,3.239796979,4.915937743,6.62115498,2.472021308,1
3,4,1,7576.96,4.59033051,4.250890229,7,2.145069045,3.178261101
0,0,2,7329.7,4.953293493,4.568103718,5.98162972,3.464661189,1.150606339
2,2,0,7389.64,7,5.408169491,4.921681904,2.494047496,2.093427899
2,1,2,9938.82,5.481786052,4.955085819,5.013029789,2.074177622,1.417149224
3,0,1,10832.26,6.393677274,5.516651082,6.114808895,2.497975026,2.133320585
3,2,1,6225.1,5.035095147,4.829786309,6.337752588,1.778504299,1.893083802
2,4,2,13893.56,5.549748586,4.280380426,5.546814486,2.126440358,1
2,3,2,11199.74,7,5.785616444,5.083759137,2.464539682,1
0,4,0,10972.52,7,3.432188864,6.764372747,3.777283674,3.271206728
3,4,0,14872.79,7,4.900429828,5.757151648,2.982703746,3.632841919
0,1,0,11281.44,7,5.970548156,5.611534641,2.754985239,1.539028703
3,0,2,14289.59,6.420040751,5.694395258,5.757648062,2.270968244,1.406519398
3,3,1,7862.57,5.610899299,3.997773009,6.900862511,2.286478491,1.894718591
0,2,1,7401.29,6.200095061,5.856815523,7,4.942360423,2.643222696
1,3,2,10165.19,5.264650581,5.441477405,6.955600633,2.566870432,1
1,0,1,10086.09,6.186860481,4.363157098,6.870726699,2.679426437,2.846159665
1,1,1,7264.84,4.312751213,4.326254578,7,2.205760922,1.798541426
3,0,2,11996.56,6.442307755,4.314153384,6.68808802,2.570575757,1.484293276
0,2,1,5296.34,4.661294819,5.264441568,6.854375257,3.282230403,2.525046227
1,3,2,11906.3,4.934759182,4.544722216,6.555775199,3.052061369,1
2,4,0,9571.78,6.506389353,5.661140275,5.605763636,2.361574391,3.672387943
1,0,1,11890.08,5.917398131,4.81586497,6.014766464,2.142122971,3.136927925
0,1,2,9770.81,5.318754123,4.386990795,5.675322289,2.022668316,1
3,1,1,14773.34,5.642954163,4.770801632,6.351174303,3.336458015,2.191943909
0,3,1,8346.85,4.633145666,5.077122517,7,3.651839354,1
3,4,0,14825.73,7,5.268868947,6.561674592,2.638741629,2.433064578
0,2,2,5649.74,4.734879043,6.200072833,5.841059755,3.46816449,1.428161629
0,4,0,11837.61,7,5.007840697,5.337154419,4.472521929,2.520374508
2,3,1,9542.19,4.913796475,3.328797763,6.214694359,2.261408826,1.791729781
1,4,1,13221.38,4.630668276,5.272666738,5.849893659,2.171621451,2.769955565
1,3,1,12896.16,6.105781877,4.976045206,6.948955639,2.664306177,1.663257116
0,4,2,13002.1,6.940624551,5.616128457,6.55533205,4.508280184,1.563912208
1,0,0,5947.39,5.282548853,3.715959789,5.643118018,2.33576954,3.289203894
2,1,2,13223.66,6.331329899,3.75340588,6.131077112,2.551304337,1
0,3,1,7140.4,5.322424284,3.74205955,6.811942567,3.666455437,2.074903468
1,3,0,5256.8,5.87463331,4.062112214,7,2.947756993,2.480210079
1,1,1,7177.39,4.240247407,4.845738215,7,2.996851943,2.714524693
3,2,0,9792.85,7,6.511215713,5.883370077,3.313342389,2.014807699
1,3,2,12421.11,4.983607576,5.223698018,5.94116386,2.53051269,1
1,0,2,7186.32,4.052088212,4.082662867,5.319674337,2.12815012,1.901278653
3,4,2,6130.08,3.724540468,3.878593816,6.015774318,2.630686742,1.29565729
0,0,2,11459.67,6.30632032,5.305522545,5.974424964,4.383864005,1.710820481
0,3,2,14838.98,6.907110504,5.037710486,6.940103571,3.920032534,1
2,2,0,11008.7,7,6.068700537,5.430837158,3.288810028,1.604495589
3,3,0,11910.57,7,4.183505692,6.946498599,1.138087634,2.072254828
0,2,1,10611.67,5.829383787,5.503979197,6.358251196,2.948675587,2.13468449
1,1,0,12823.48,6.862452787,5.520186434,6.666387974,3.827087562,1.234852471
1,4,1,14758.04,5.108893226,4.759224927,6.517538216,3.400923373,3.058989827
1,0,2,10441.29,5.036049726,4.858834708,5.98343021,2.21420635,1.031876357
2,2,0,9167.91,6.445187282,6.575719162,4.908705583,2.653896094,2.118891904
0,0,0,13603.43,7,5.255136482,5.641939988,4.482638284,2.506379118
3,1,2,14697.28,6.554540894,4.975552047,5.690607396,2.842532812,1
0,3,2,6291.82,5.585433295,3.649803714,5.964388197,2.454604146,1
3,2,2,10781.71,6.817406347,6.437461115,6.218211001,2.285593023,1
3,4,1,12924.6,7,4.537841216,7,2.559165061,3.051346092
0,2,1,10333.39,6.071748648,6.623836696,6.155910086,2.997611581,1.943835803
1,3,0,9091.97,5.606082467,4.644828344,5.940963731,1.674444643,2.064004381
1,3,2,11552.3,5.68407747,4.212764012,6.122092283,2.401570882,1
3,4,0,7701.28,7,4.175851541,6.174193592,2.422693438,3.086201815
1,4,2,8491.34,4.770565846,5.654827942,5.943140857,1.988045985,2.035229391
2,1,2,14922.77,7,4.985861896,5.749847992,2.837152159,1
2,0,2,11364.65,5.50881963,4.737795754,5.861802501,1.862512468,1.677279073
3,2,2,13729.27,6.760056655,6.489569526,5.746323567,3.382623029,1.424210279
1,1,2,13077.69,5.25462242,4.665055672,5.914842079,3.137588373,1
3,0,1,11522.73,6.272801053,5.727872651,7,1.804607452,3.832953489
2,1,0,13407.29,7,5.167729732,5.520835927,3.459316555,1.42830086
2,4,2,7871.58,4.736443503,3.541639549,4.971811533,1.928525735,1
2,4,1,11371.16,6.820671574,4.806312495,6.173089102,1.382426404,3.394122872
0,3,1,10906.03,5.643745204,5.047736885,7,4.268661383,1.308288634
2,2,2,11224.2,6.410429918,6.585029948,5.297491598,2.840410878,1
1,2,2,6686.32,4.076054266,5.42442337,5.42706225,2.700406834,1
0,2,1,7772.43,5.81174356,5.03856825,6.720266102,2.983187551,1.824955663
2,1,2,7866.58,4.646539505,4.150971757,5.629353957,2.255896599,1
1,1,1,11019.46,4.953056984,4.483469911,7,1.927133439,2.148620571
2,2,2,14725.47,5.348461779,6.412859557,6.081177684,3.060452352,1
1,3,1,14540.68,6.284102652,5.141978814,6.457842489,2.780542405,1.696085149
1,0,2,7271.9,4.48740867,4.644473181,6.533645426,1.935779411,1.436103237
2,1,1,8048.45,5.350438684,4.416229046,6.75450934,2.72569305,2.300058212
2,2,0,5360.62,7,5.158740999,5.082172799,2.885169901,2.022884756
0,4,2,8988.16,4.739043055,5.064257552,6.06069113,3.26842486,1.672056826
2,1,2,13346.74,7,4.378397913,4.890319776,3.61756736,1
1,0,1,14157.52,6.3353994,5.945137254,7,2.426853663,3.077845808
3,1,2,7364.96,4.826142606,4.25091541,5.634902011,2.575889981,1
0,0,0,7657.94,7,4.218985783,6.375175258,3.131980247,3.062677492
1,0,0,7208.5,5.969823755,4.569786297,6.404131885,2.024147919,3.261781602
1,1,1,8501.04,4.701096183,5.212061463,6.647005337,1.767513047,1.016907452
3,0,1,13047.59,7,4.324965291,6.292461726,3.052057314,3.056711408
2,1,2,11468.57,7,5.184421912,5.365891572,2.166501336,1
1,1,1,12859.41,6.220550526,5.443380525,6.938330329,3.716424613,2.537562931
3,3,0,10830.31,7,4.98329455,6.018928904,1.560828511,2.536595955
3,4,0,7577.33,6.901776187,4.532969171,6.366695041,2.3508234,3.320562974
2,0,2,7279.94,4.610177566,3.262931987,5.424212942,2.519098556,1.829763494
3,1,0,5090.01,7,3.549351052,6.65216001,2.121102096,2.193706368
3,0,1,12809.82,6.752089582,5.034642279,5.82870277,2.664061387,3.133309532
