colorfulness,texture_complexity,brand_popularity,number_of_likes,number_of_shares,hashtag_trendiness,pose_fashionableness,seasonality_score,influencer_score,dominant_style,is_trending
59.93428306,58.55919496,51.52480636,9372.041133,2232.131198,34.6002413,35.06873295,98.87719807,52.55004723,2,1
47.23471398,64.52276991,50.93171783,725.2025937,304.9442545,45.12054082,58.36430157,7.202666573,0,1,0
62.95377076,45.03037425,24.08713655,2181.131258,849.7617747,74.85589857,61.34660954,4.541015608,33.30401419,2,0
80.46059713,40.81644898,53.39819617,3995.615902,66.73360919,90.22202865,69.8882884,14.95897029,0,1,0
45.31693251,33.7227421,74.65658164,2441.503076,222.0056764,4.976719659,47.45687941,38.43696757,6.589939416,3,0
45.31726086,37.61884205,34.51535762,7936.108831,1188.641972,52.41115412,69.52995406,13.10422091,18.07165154,4,0
81.58425631,94.23641638,80.96965302,1424.292937,601.784344,3.283542908,9.231069502,87.06644776,67.41810519,3,0
65.34869458,68.67019371,69.75549642,1869.049382,2104.527644,46.8409545,28.87383739,2.314625103,57.20270061,4,1
40.61051228,29.73388451,45.31533356,278.0645011,447.9446417,88.52828291,53.27742803,31.57927163,26.1516329,3,0
60.85120087,30.16313065,57.16940725,2817.136336,1631.022823,36.15902664,56.59267066,18.46946295,58.23424488,1,1
40.73164614,57.22799093,91.96643615,1019.925361,476.7516779,93.24504211,31.76435425,93.15393302,62.19057408,4,0
40.68540493,58.20897196,74.67095627,524.1640771,3100.100865,63.06084717,55.18839983,66.94810049,35.98337879,1,1
54.83924543,58.23325753,60.1756731,2359.284794,2571.795126,93.41553438,37.52319503,91.20302565,5.390546395,4,1
11.73439511,46.1756631,55.24633366,2279.850477,319.3519175,75.71666254,44.46081812,97.23287103,34.80219225,5,1
15.50164335,48.1181861,61.53218141,236.7129017,1736.709998,10.34351666,70.49547601,49.70982437,37.55268987,1,1
38.75424942,54.91819286,49.76472884,3594.125815,1505.057018,23.11513676,68.17874994,23.4319108,9.188640229,2,1
29.74337759,51.28839509,17.90500989,2932.681329,189.2671736,39.41704546,30.05879345,19.37287862,49.17616982,1,0
56.28494665,16.71049441,100,628.5256065,783.1510212,17.0106882,28.85497076,22.29188617,46.99529636,1,0
31.83951849,46.55300554,63.10649998,1901.437628,60.3672564,49.49116048,41.77653209,70.85933076,51.1260675,2,0
21.75392597,37.22890349,67.9629453,3822.358843,1449.785545,47.13681557,49.46507398,4.044572812,46.97307743,1,1
79.31297538,52.62817128,58.841845,2261.468257,153.4572799,95.6259198,36.84203023,5.136107303,58.24607588,1,1
45.48447399,94.77888504,45.29766399,1510.006615,58.75767981,43.37278829,70.81284886,60.81429424,35.5167993,4,0
51.35056409,55.51222498,56.28151038,1167.321949,408.9526797,78.56268043,56.94779683,64.20571467,45.04462768,4,0
21.50503628,45.29705471,28.01210476,2827.856894,688.1592379,94.19105449,58.1217022,66.52629243,30.05649289,5,0
39.11234551,63.82702253,100,8395.994832,1544.359201,87.6988831,24.66922342,37.18805046,25.38751961,5,1
52.21845179,57.24031831,35.30976003,3341.892143,2927.224338,20.86676245,73.34581435,80.59448887,73.45624077,2,1
26.98012845,56.30141736,39.36067432,233.0606413,463.1301425,49.60298943,0,53.36245877,0,5,1
57.51396037,59.1027589,51.19481591,1852.366242,49.88077341,34.77397823,66.68110904,10.546563,61.91899973,5,0
37.9872262,80.84815347,85.7615145,6644.385674,1106.210336,39.98586951,68.68623475,79.70993071,24.48647811,4,1
44.166125,33.03667347,60.29017999,297.679521,666.2460939,36.08068262,41.35197625,95.30677863,21.24904556,3,0
37.96586776,57.10448115,35.27728408,10000,475.2083304,82.63592102,75.45820434,6.0036313,46.5394371,5,0
87.04556369,36.10428305,85.08676722,8931.873698,296.0037171,45.21390551,48.73804894,39.13513387,2.759759691,4,1
49.73005551,58.3326897,74.62001254,244.5234036,558.3646232,52.36943322,51.24863407,48.75160448,19.5994232,2,0
28.84578142,36.21970233,70.76869914,8127.752185,330.8134746,98.2447357,56.79057575,14.64707601,18.77150884,4,1
66.45089824,43.7394978,74.31468482,1353.581379,1131.79414,5.997927219,100,86.77089478,34.46504355,1,1
25.583127,45.57365129,100,5587.366736,628.0234999,48.79576398,76.88867816,28.41496449,19.8965578,1,1
54.1772719,64.63725079,100,1625.831112,1675.467264,77.40617069,64.02262401,78.30085399,80.02796714,4,1
10.80659752,63.77681666,46.26569314,1744.039948,627.4102257,15.11619582,31.74391027,67.0994482,84.92541291,1,0
23.43627902,31.31423935,92.47769986,3017.359048,217.7225257,61.15315946,52.87179651,59.80458225,0,2,0
53.93722472,50.82401166,67.6633638,4468.004966,1523.540658,23.94647795,33.73751812,19.21428487,53.60806762,3,1
64.7693316,39.35630218,69.98191632,103.119595,651.7440714,86.74041132,66.44221695,22.07035206,61.46658598,2,0
53.42736562,31.12242634,26.15458337,2697.976345,185.3852969,32.70996654,52.80933951,4.734840475,53.57463006,5,0
47.68703435,46.74474424,56.59228469,620.0874084,781.4863804,32.90628169,27.50956641,24.07124298,23.54716267,1,0
43.97792609,45.37275817,43.74352819,1273.712222,354.1807172,59.81938785,51.62249167,34.54436095,33.89761095,5,0
20.42956019,86.4007473,76.5611763,1282.98798,1488.402189,18.35629081,33.01165061,83.31453039,21.29313363,2,1
35.60311583,56.49439738,81.42161001,1899.320698,483.083676,28.48886389,53.02432443,36.63926667,29.49339922,3,0
40.78722458,29.33573749,18.51027298,1220.011356,1036.991414,41.66318501,32.81845367,75.46217828,9.750874283,2,1
71.14244452,41.52838994,59.55930272,340.7195036,80.3304044,35.36378631,50.54975267,43.94422813,37.13027946,5,0
56.87236579,65.32074943,82.4372301,472.1683418,403.3771122,52.4877218,65.00939724,78.4868312,2.429957217,1,0
14.73919689,81.32664159,56.26642075,102.0294554,3271.076717,59.96401441,48.93896016,97.62716004,34.99663614,2,1
56.48167939,26.21025032,74.5812729,1906.045066,1322.128101,56.66674538,42.18223466,23.98415581,8.785457773,1,1
42.29835439,21.80113422,67.02330935,9266.682149,139.426333,65.4168312,54.06552442,86.2341612,45.17040904,1,0
36.46155999,78.06447763,66.83320464,368.7926693,260.3227138,30.77495166,63.94365242,62.18240863,23.01451098,5,1
62.23352578,55.84421266,54.57370044,8771.043857,320.1621538,12.64262272,27.8563346,81.72942616,47.2645087,2,0
70.61999045,36.97560902,35.66838392,3965.584577,840.6937031,76.08075414,55.21312309,65.15859023,67.03951821,4,0
68.62560238,58.01943629,37.56939705,3044.182507,1131.737816,85.07803826,76.35081638,42.39495073,79.7361734,3,1
33.21564954,10.46378391,74.18705029,3109.260615,1107.52207,25.70062322,61.47313927,22.80749394,0,1,1
43.81575248,50.0506326,60.38916511,5258.671907,570.4743144,40.70919562,51.15508293,7.003522533,19.14514765,3,1
56.62526863,54.91731759,57.22975511,339.2368938,1332.047343,49.8569217,62.79475013,53.55183645,32.42284807,2,1
69.51090254,63.86405209,51.52219915,2108.103971,459.6914808,53.33268428,59.04992912,99.03260945,51.50819546,5,1
40.41651524,34.79156072,53.89622309,3582.969915,105.8022851,65.94901711,65.07202218,73.8041805,0,2,0
46.28682047,51.28530742,80.93823589,2651.619068,664.9015582,4.160323336,9.52136778,32.73455414,15.44768983,1,1
27.87330052,36.11863061,53.29511836,5365.318239,2434.282327,72.14770827,18.93087733,82.72048001,43.25893007,4,1
26.07586752,53.83075634,33.17870573,225.0491369,1260.004653,6.197100698,70.09658299,76.89840002,42.12220604,5,1
66.25051645,36.56980516,74.87303551,3520.34088,691.5293179,46.82885677,19.89441648,28.16357934,49.44046016,4,0
77.12480057,43.87848741,55.90246672,2290.887462,832.589469,82.76711356,58.03077271,1.430748979,51.09189317,3,1
48.55979757,35.06276908,60.62791731,1430.049812,2133.85712,45.12153133,42.95900688,11.81626385,48.46486083,5,1
70.07065796,59.76704363,92.15156613,1247.796512,447.3726066,14.90897488,30.07621509,87.73061903,44.84138292,2,1
57.2327205,62.87676675,59.58878885,2909.332708,322.0484311,98.5033845,56.99299514,83.65630353,41.39349433,2,0
37.09760491,46.48069145,65.78367346,6649.09489,3026.255546,88.92854621,54.02067007,29.52090009,56.61907724,3,1
57.22791211,50.57356992,36.42153017,2056.584395,1592.811317,77.13136332,92.20685304,28.51954263,0,4,1
80.76073133,28.27112878,55.60661095,5224.165906,312.1187098,41.15116029,37.50377591,79.28649871,78.60833717,1,0
49.28347922,45.50485028,72.1905209,1543.278202,498.5694947,18.38457269,78.8022024,93.77374699,0,1,0
81.29287312,49.24693074,28.89252532,324.073726,429.0215956,94.14111814,57.04845829,77.91372568,13.02095458,5,0
0,89.31189637,64.01690186,190.435606,129.1644701,53.23511265,36.77956237,60.5578677,34.33098008,5,0
66.43805009,33.32049461,62.01582145,158.0966495,2532.634458,85.23554604,65.98492915,24.26713503,56.81532228,2,1
51.74094136,71.96265858,60.82574911,1434.833984,414.4311703,34.20950058,61.31477009,52.57479141,0,1,0
44.01985299,64.9528816,80.74317797,1234.016855,1665.662139,33.52883171,50.7168659,23.35118586,39.2968919,5,1
51.83521553,54.20954607,66.6887703,3796.874737,167.9412531,98.55404807,55.32590713,80.80114201,59.80987599,5,0
10.24862171,76.37930726,89.56143797,4073.954666,635.0298583,52.18330485,38.06025938,38.69610795,64.8629529,1,1
45.60656224,55.58158209,40.12820969,156.5778396,19.40250314,14.06954239,33.48425749,83.3697217,22.56675854,4,0
57.14225143,55.83738794,62.71849134,749.7074335,1155.886531,21.9674678,65.18884348,38.1609218,32.47911783,4,1
79.55788089,49.2031902,61.68933573,961.6980131,695.7431094,48.19442794,45.52121151,82.41494052,24.59629678,5,0
39.63459563,68.35353324,38.61491012,2379.645076,785.9221703,4.247091049,48.39834004,33.33178152,30.18313366,3,1
33.83012794,66.44703851,79.12590004,468.2609434,42.4851139,46.25339854,55.59643192,44.01327046,14.20433623,4,0
39.96485913,40.61484069,100,431.4074902,189.630032,41.89408421,55.3057669,61.54884193,17.76869594,3,0
68.30804235,30.21129208,59.65987851,8635.922522,61.7907374,77.93362653,21.41347058,7.028761403,50.85942305,1,0
56.57502219,46.95529044,70.10042177,4892.029192,272.7698754,35.49419645,75.72504173,94.82070618,43.29038433,3,0
39.40479592,37.99942153,61.69036952,597.7497567,789.8836134,98.25487615,52.42364304,57.36057861,52.28966269,3,1
60.26534866,49.04713138,45.7283066,1565.496967,668.1114976,18.07699193,45.94693474,50.78200147,45.35035974,4,1
51.94155099,68.56157202,23.58479444,1318.409302,757.7089217,59.0986685,58.6169201,83.93939711,57.60846503,5,1
69.37289981,43.14047517,45.88453034,4696.321561,637.47619,8.969929701,54.73084387,86.57627299,61.95534995,4,1
35.95893812,49.35764928,32.16083238,2141.353517,255.0947289,73.3863984,65.34125379,52.22604045,0,1,1
43.44675707,50.87034102,94.08204156,410.3806499,224.3083368,99.47536881,60.75967344,92.72623258,18.64225874,5,0
42.15783694,62.72646323,57.69780612,4029.613388,117.9277988,81.91386378,64.35692458,6.473776608,34.21560106,4,0
20.72970104,16.29665999,53.08161342,1516.956976,1512.755938,55.57035407,77.01987811,11.32257923,39.43306186,4,1
55.92240554,40.89949558,77.7830765,915.1938219,766.6894686,48.47413574,67.67249098,59.678823,23.24773565,2,0
55.22110544,53.16925538,37.56497794,1412.405229,165.1383117,83.50299613,46.79027559,35.40658618,62.80059177,3,0
50.10226913,68.00118435,44.66271924,2066.011031,156.0428169,93.59740847,27.54197688,46.42251662,89.49870921,2,0
45.30825733,42.62146329,61.36144538,1260.7413,1651.078847,98.92065258,83.35595866,32.80792179,44.65404889,1,1
21.69258516,21.85170941,80.57537983,830.8427715,1086.106015,39.65392276,45.24553253,40.47253114,42.1085258,5,1
41.58709354,59.29567169,70.0337009,1524.996349,861.6350475,99.09174748,40.53785173,82.26463471,61.23640638,2,0
43.14570967,40.46956417,64.96650285,58.07728391,417.8653962,15.59262522,15.26546364,59.34761999,0,2,0
33.95445462,32.15500011,61.5623547,4441.786719,243.0226754,25.35497759,56.76946211,99.73445493,40.71172351,2,0
46.77428577,40.63481915,68.00471711,562.405958,3107.945179,8.901612473,52.97773208,78.68791978,64.47589564,2,1
58.08101714,47.23211964,64.0330581,134.6927831,1276.584136,27.17385165,19.69770128,27.36662541,23.92115007,3,0
87.72371802,40.92883003,39.4005545,3181.338159,287.3759416,76.79375516,59.06548084,26.43451177,9.335985502,5,0
53.49155626,16.91650914,60.92158443,4460.813111,1504.812533,85.29243582,40.03616159,33.58982701,35.35485975,2,1
55.15100781,63.45599295,38.52622682,5043.271139,1138.140812,77.88926451,100,84.32594806,38.48286417,1,1
48.51108168,69.12312562,61.62165086,2040.747255,282.0103791,63.10657782,38.61277616,2.728765065,17.28369295,1,0
11.62457569,59.77282987,50.38704117,689.629191,444.871606,51.39665125,41.29613336,23.01812789,92.4040319,3,1
49.46972249,32.93471494,100,4009.401944,164.5901778,70.87042892,32.50447551,90.49184203,28.03259047,5,1
51.2046042,46.97762699,59.20211232,3609.050556,94.17363021,39.08335493,75.55753042,63.98964361,11.15851621,4,0
99.26484225,49.90218027,31.91520867,848.1661178,1026.303244,84.13083515,42.54448411,22.68470955,37.65946702,1,0
46.1527807,58.98191584,57.31639579,7011.770488,249.0465006,67.7190094,35.50171692,21.91449682,62.69651594,5,1
56.03094685,60.02510733,70.38717491,330.6885772,1372.102634,69.78046985,64.1391002,86.26181018,40.43535622,2,1
49.30576461,38.98739302,93.46727892,10000,4342.506072,53.59359931,22.39294129,89.37575083,52.139848,3,1
26.62643925,51.22993335,48.210952,5903.65351,63.77138138,88.52289842,62.50221092,25.6131091,18.21223514,4,0
72.85645629,56.85920607,28.35144052,3493.281869,512.4971069,25.20147337,85.62799433,42.05103581,77.19221116,1,1
65.03866065,71.83733483,76.33674023,8378.368817,1295.843403,38.11476534,61.33215666,83.45957386,54.0427757,4,1
65.82063894,60.5675981,32.38802588,3843.762308,1244.531564,77.76425697,62.75796633,77.10074386,66.19253922,3,1
31.8122509,61.83585031,51.27689117,633.8561532,1141.683612,49.27488961,67.40120434,81.39161066,49.12901581,3,1
78.05588622,51.25739942,54.84759029,1751.028519,343.3902855,88.92140134,84.19416057,51.83981908,60.62210094,1,0
21.96297874,71.15688718,58.60733093,222.5644663,483.8940615,34.63993198,74.1978792,91.15490483,18.17368601,1,0
61.73714188,56.14644194,73.78328914,1481.20463,723.0320679,36.93301688,58.79339445,32.5951544,27.71473958,4,1
93.80911252,37.08368135,46.32731435,4059.77458,2917.900881,88.87357894,68.07782801,15.66721343,73.66201489,3,1
30.1892735,71.05054955,54.52541496,1465.448045,317.4587691,46.43703202,32.28130149,70.87323326,78.99354868,2,1
38.67404541,60.46854909,59.71459294,1202.750193,2052.656222,51.61245842,65.52587181,53.9354416,11.32336001,3,1
51.9930273,43.35433968,62.99195915,2714.240775,251.0641589,33.27637153,29.88888058,85.45857688,46.2434017,4,1
39.93048692,42.80760549,61.95654349,6171.972528,3613.32209,27.66699422,42.65955163,8.115924912,29.22640499,2,1
18.98673138,54.44863318,68.7201155,146.2575512,887.5695959,65.59487108,0,84.36924034,22.57421327,5,1
51.3712595,56.94777193,76.87679019,1460.694715,498.1680926,11.98406615,58.02859319,29.32946532,47.12099238,1,1
28.75392573,52.95938398,67.85268231,516.7836668,760.2719626,87.92726412,37.12255978,65.48556672,68.52407331,2,1
59.47184861,54.6696301,69.07171047,3565.816966,254.5472999,77.92031368,72.2229043,4.012878908,51.29156183,3,0
31.61151532,75.49936062,28.35553667,335.2243599,256.3558128,19.07482637,57.80385221,60.95812963,32.01218875,3,0
80.9986881,66.07314728,61.00455398,3279.15317,96.42854603,69.40199458,72.48191789,71.72716892,52.8715295,2,0
34.33493415,52.85953387,69.59015096,1011.377008,96.87607953,60.26329213,28.32806911,36.87502145,31.00059566,4,0
43.55876968,64.11965871,74.57882389,665.3714529,341.7659038,18.45350507,70.76772074,21.54107053,50.30285752,4,0
66.27034435,34.51214145,46.15298452,8263.188422,1151.268421,27.32035061,92.11712689,53.76306766,74.91164251,5,1
25.38271367,55.96890575,46.8192145,56.09491669,749.1359119,40.89865037,65.283166,83.31908044,0,5,0
54.54919869,77.13959525,48.51798649,1727.571583,86.58910456,69.92427352,65.80698017,32.35473583,59.93130746,4,0
76.14285509,46.72931157,70.728278,65.59285008,1529.71394,63.87234088,53.39195353,25.24692975,1.523626961,5,1
17.85033531,37.28549107,80.6776211,1982.580474,735.7725262,53.22348477,39.50662439,27.89353086,70.70819276,5,0
53.69267717,40.21866667,51.85079785,2085.7324,2592.397851,76.84105431,65.22384745,94.91321529,24.07435975,4,1
55.19765588,33.65550444,78.15924627,1164.330855,887.379844,75.79377396,19.87834179,35.92769158,9.55821556,1,1
65.63645744,38.22857138,62.46959618,425.249884,154.0670969,61.78591541,41.6448975,0.360423989,57.38173068,3,0
25.26098578,44.44237852,57.51428446,1416.678473,513.6338338,78.69900834,14.57886395,78.1681208,49.10425158,2,1
23.59086774,28.91649471,55.7723154,3346.630915,836.4309863,33.42633748,35.92687245,69.92747953,15.02032743,3,1
60.43883131,50.23427501,74.93222729,4575.232507,22.93747023,88.12495283,62.84090184,12.85682646,8.675006071,1,1
55.93969346,63.53415761,66.51155634,2269.862662,12.01803166,61.49100858,60.10786752,98.49042491,35.31296281,5,0
55.00985701,36.3836573,100,2673.582855,110.8608772,82.23635138,51.01827391,60.80622853,9.897826246,5,1
56.92896419,72.78925885,42.95550714,671.7429365,231.9230283,54.62791048,53.40801988,50.07794909,13.46317568,4,1
36.39950557,57.66188133,70.36203404,1016.211799,449.0625756,21.8438245,12.28270764,38.22192676,42.89051976,1,0
54.64507394,65.45870878,49.4159798,529.8378477,534.6707408,54.24101287,42.54875439,89.86727556,15.85320914,1,0
55.86144947,40.13248169,42.61426026,860.2289406,118.8256302,37.11116638,36.37296787,24.39634814,50.66348225,3,1
35.71297164,62.81787841,59.78265726,764.2385108,895.1946522,69.7499036,36.81880619,28.57689002,77.2535899,2,1
87.31549022,33.62099149,62.74704959,2198.464417,725.345757,47.57937917,61.99157256,12.24108067,36.28611463,2,0
59.47665842,63.35371251,100,2481.330324,279.0380972,83.61128049,32.78985347,75.91190956,43.25377655,5,0
26.17393006,52.5775901,56.31708369,8698.399696,11.00323044,67.80725123,37.906383,59.55492804,90.45241832,1,0
63.13107217,58.2987683,37.39642541,652.866394,64.66260622,68.4544433,8.258615086,60.90661693,10.30997207,2,0
30.5063666,32.36608092,65.46021435,3078.950595,397.6628072,21.71553335,44.11753639,21.8470431,69.78087988,5,0
65.74169207,36.57395237,18.50719925,5099.060703,133.7644817,98.42497665,28.24324905,65.11683891,66.77143995,3,1
73.17191158,58.95842327,58.16086435,2464.588452,378.3353963,84.16752093,51.58405857,76.54584472,61.35793348,5,0
33.58635363,35.77477994,60.32050565,883.1278899,791.4819341,78.90048846,30.97783907,35.78885307,72.29369627,5,0
69.26752258,56.94809438,75.89200766,913.6719048,633.9099314,33.02152252,52.09084491,80.1347144,47.01437415,4,0
58.25561854,29.4929329,79.47244499,120.132682,210.3144419,53.56316528,47.10628479,34.87905885,25.42676261,4,1
66.4412032,62.72261319,49.92860762,1093.448438,337.0591472,13.71031881,83.44083546,75.81384615,67.36433228,2,0
87.93585965,31.51215028,56.98771971,4094.816221,761.5989902,53.84759767,59.94435961,3.373010746,68.32105529,4,1
45.09223768,58.28449907,44.67758339,146.0514447,1577.791141,14.58892465,13.20724255,55.11646015,67.63284754,2,1
34.92527671,59.384464,37.4387489,742.6748497,1119.385152,55.3037844,24.70222312,96.95265606,41.11255206,4,1
32.20971141,39.54842272,66.19789559,3674.899907,644.8735997,64.87218802,51.10416018,98.12446007,22.09513716,3,1
33.6837943,58.73039851,34.52828903,4578.760536,359.9010769,39.01959672,31.40304103,28.17525783,44.78405635,5,0
48.45796581,53.90663395,51.70746199,1822.661681,363.3688283,49.85448783,0,44.13990911,63.55575044,2,1
56.8230395,41.91737216,40.0965208,3592.723337,1692.335632,87.56533877,76.99092628,6.297790799,65.60879475,5,1
55.53381599,34.87167974,70.99366373,1472.834531,32.02749053,10.85631447,64.40448034,87.33413076,29.25809682,3,1
66.54366498,20.56061462,96.02860199,522.7503382,3537.122701,79.1732893,60.41953747,56.85721531,47.8843224,1,1
50.26003784,55.24475071,33.96824034,1523.238578,873.4096303,17.0754551,37.85353909,38.51006789,7.280542388,1,1
79.07068154,26.52795843,22.93963034,2602.271856,914.3967423,3.67079828,58.55353542,11.27705585,64.62375258,1,1
44.70686334,51.43016299,57.50226229,8872.61021,30.99086416,18.55746027,35.91279352,94.67672855,20.41728108,1,0
100,46.04827676,60.31395592,213.685595,744.1682792,76.504319,54.097146,53.02190478,59.63138399,5,0
62.51334696,60.18714163,64.37318614,2124.137411,530.5260159,40.51260733,31.58833548,28.29279291,11.26738557,4,0
32.85684887,45.46931751,51.0735897,1196.599781,89.44178133,87.25205168,80.32576901,35.02151301,65.78539766,2,0
28.58215004,45.0582832,55.98721402,2129.730865,260.4977021,52.47075412,18.59526692,27.06971809,48.04587975,4,0
59.6494483,60.97806056,67.35020821,72.80260953,1768.11016,2.225035193,74.64567659,60.18098089,20.46605761,4,1
45.53074429,55.02587044,80.80861785,1126.373682,638.7855632,71.67136096,50.77831656,92.99635758,57.28390953,5,0
64.28000988,54.74233936,20.89902459,5142.198548,426.7523033,11.02329087,40.21066009,85.66938033,25.2409577,1,0
59.46475249,57.03901385,52.62121122,2421.917082,60.36711858,78.93796335,53.34005843,46.03808754,58.73887594,3,0
48.54342175,26.96641815,64.27617588,1796.689919,1001.750784,16.81025498,64.66696014,82.64993623,33.14721312,4,0
33.06412564,61.3518302,41.64047791,1008.622116,970.8167905,34.54463858,77.33493473,42.31054813,0,3,1
19.70305551,59.18703191,94.62339264,1061.647352,761.6247099,76.12714296,56.26286046,25.23071408,15.43959399,2,0
41.06970096,34.74975307,47.2918024,1449.152,571.1088354,95.42313575,32.18607829,98.34151153,29.23963228,1,1
67.12797589,46.33879289,59.17414626,5415.823947,455.0242868,37.14339506,51.11260248,30.3887568,74.20472559,4,1
54.28187488,49.41039069,71.12044194,10000,719.6867133,82.94002202,86.33586473,32.3724231,62.52859076,5,0
25.08522443,47.98254823,48.17430422,1732.260806,212.6273544,19.07922655,76.95356171,98.96928678,80.59653531,4,0
53.46361852,55.0078995,23.06853904,1499.42382,2267.694737,80.71797702,68.17526956,13.39274932,81.3408804,1,1
57.70634759,71.47050173,51.42690946,5623.156661,710.9298083,65.74940593,65.9137404,76.0533988,26.63122989,1,0
32.32285128,66.22650092,80.58881112,1670.113024,298.2346853,19.27435072,63.98900181,93.58127585,35.28782851,5,0
53.07450212,30.3167121,53.26209746,2409.007832,477.8040646,30.25039604,73.17509669,51.17949943,29.71800189,4,1
51.16417437,59.33104985,43.07131397,787.7653607,1310.618911,13.17708886,40.86742429,0.25217617,23.21223487,5,1
27.14059404,69.93399979,78.51344419,4081.909501,141.0232976,38.29670111,22.89827868,37.50589441,0,4,1
57.15574721,55.80212781,53.38450208,2277.786067,277.193712,20.36486411,51.38007001,11.15689924,39.63130705,2,0
61.21569053,66.36470638,49.79678373,4966.988276,910.3184279,64.39979536,33.64836826,41.61876609,7.860860157,2,1
71.66102486,80.18405669,62.98912179,4552.391647,303.2406927,99.45051042,28.89958489,79.00267616,39.14570296,5,1
71.07604104,65.35564319,75.41500419,726.2329063,1258.105636,1.200916308,35.59442847,43.87115489,92.89427024,1,1
22.44661264,53.73962893,100,3772.495772,111.8267623,54.09198133,99.70627849,43.19251213,27.26637259,3,0
31.2434992,65.67632711,76.54472215,4829.129968,1150.697471,57.36665975,52.72249268,55.67894769,44.86935014,4,1
60.30070534,52.1733175,83.19679933,1274.435753,56.63992958,91.42087897,57.23815673,58.16905847,62.66620965,4,0
60.27571902,50.35854565,49.88067602,568.4341168,10.13805727,50.60053348,25.55274386,85.62963088,47.0072823,2,0
60.30095373,44.72878646,39.48263788,7.906877376,1827.980985,54.37014196,13.12494082,30.83554392,47.3121047,1,1
100,73.45120038,61.24662699,1798.444073,696.5554191,47.16528013,33.61894714,82.16712644,30.93993916,1,1
61.41781021,37.72357001,62.14339831,1303.597804,346.8779873,26.89043046,78.7639117,56.59337487,34.20305062,4,0
72.7113128,72.98551587,38.42974517,2428.43519,211.7920901,5.602913325,56.68550932,30.05295497,15.99973695,3,1
69.08003527,57.49796186,56.4941094,624.9166402,767.5376946,40.86576822,61.97190183,29.5126044,61.15112522,4,1
63.02782503,29.01040738,67.98635203,5891.18028,569.0524787,5.259147124,64.77132078,36.11375171,0,1,1
43.69461511,55.51473939,67.2078679,894.2285764,3823.407032,55.04924695,38.1730124,62.26932426,64.27720846,5,1
65.17938441,18.49960239,70.08575707,770.2158145,3269.862746,30.72936432,77.75931168,23.08117314,4.907540381,4,1
34.54349571,59.38262025,65.8192946,1965.90179,806.3401857,53.36024015,37.34384802,92.03335617,64.06518185,3,1
45.26362787,63.27847224,49.85982681,2072.555593,467.9660652,13.42969644,78.12464719,57.49125842,31.15456184,1,0
40.29272904,41.11466067,49.72198747,726.5404164,540.4674031,93.26299657,58.84604312,92.0015777,9.203282797,4,0
51.63748279,51.85321544,36.02097204,951.7888189,917.7692238,89.45212435,14.21909692,4.640435858,54.48246613,2,1
96.29317133,79.31236151,95.69550078,557.9235231,85.68923312,18.99965092,35.03981027,34.26113705,63.21918838,2,0
12.65469615,42.41379944,60.26900729,3802.444137,318.4167961,34.34442833,14.30122934,2.280766069,29.0480338,2,1
63.72520381,34.11638619,55.50293888,4410.189412,62.60471951,61.34927719,73.26564266,27.22518151,58.01526372,3,0
17.74568258,72.22495104,41.42415837,1861.522486,60.9527664,9.568620731,49.50529158,86.20064723,0,1,0
40.56136268,79.43880786,100,3756.203369,174.3648655,35.45678211,5.433151201,3.660971584,6.985092756,5,0
71.77901194,50.05543508,38.53343936,3994.684435,531.2642046,25.11122868,57.51493763,43.61470999,72.31022326,1,0
51.28560038,65.17194553,51.42304149,446.4590913,1228.854506,91.55167287,39.25671475,11.75670705,34.40826815,5,1
28.44510444,70.12213873,68.31673673,10000,531.6413901,85.25106363,20.3238829,41.68406593,0,2,1
35.69392581,38.86273651,72.00425931,5161.643893,326.9481623,57.98327413,83.55931674,83.88515843,22.52834549,3,0
63.59195498,42.72041247,79.1586411,686.2909229,68.7539867,52.03463369,52.14571732,62.30710334,16.91498819,2,0
35.39266737,68.4631177,96.15217016,617.9930405,639.3317041,93.07257945,44.13137195,73.67563453,35.85095671,3,0
54.32917179,75.27521418,70.12315311,402.8618195,253.160037,93.2427783,42.01150438,34.91041154,30.7312254,3,0
50.9114368,58.4432129,38.879384,446.8178174,763.4727943,96.93301254,19.73441062,94.4397695,44.47329322,5,1
36.96799305,36.8027847,54.8610975,4136.905372,3024.365704,12.53788841,23.90902201,70.92620938,38.26334871,4,1
92.87888179,79.80591668,66.15664745,1902.678419,94.40933876,16.05578108,75.6983357,42.17988193,73.99348138,3,0
62.67838045,42.03543653,100,4582.66386,190.7330698,67.67366987,40.5223426,42.64648002,50.61371499,5,1
9.497148267,44.97293328,32.04389043,4114.275111,512.5873086,54.14344766,50.44135402,91.86841779,51.44179028,2,1
53.7290863,55.13506752,84.0515301,2783.668567,2769.10997,1.846590489,9.113390476,57.64046934,69.1289281,1,1
36.7642707,73.31240631,63.59828739,3478.591536,1182.060547,6.197503599,23.63815928,70.63792099,30.28078124,5,1
67.0486667,62.80963965,76.7566107,55.57884312,1828.025589,88.80803823,62.1962504,41.70352245,8.453063916,4,1
34.14958523,56.22298251,57.96010567,1120.929916,324.8300357,86.88707955,57.5542352,22.36927648,70.17425812,5,0
47.70527117,56.94932795,43.1513474,3046.859911,3866.507649,35.7270922,85.06750397,72.3559292,43.3960437,3,1
60.09974558,50.65272003,75.01745559,28.16667453,86.81044247,89.10506169,76.85912663,60.78237721,43.4837802,2,0
67.31510388,58.37209272,73.08862054,100.598822,43.54206072,59.36750744,45.38578055,50.13428804,24.16675196,5,1
25.99407186,12.05659883,79.44113931,5729.359249,1548.148996,80.5905647,59.45907129,62.402094,24.57861667,3,1
43.30997528,45.55088811,59.73390729,3456.275234,2096.744636,42.74310712,43.66793114,20.82855861,61.16805847,3,1
40.50109378,53.61982902,48.00355953,925.1638338,75.9633092,11.33983273,91.09619637,79.39387065,64.61639495,3,0
36.93341535,32.73478875,28.8242601,3493.898988,96.31383352,43.37270626,72.98029392,94.8162805,59.59558514,3,0
85.30908481,55.79484977,76.38746536,4717.245413,26.98952067,45.7299798,53.39370182,89.11031442,59.82404014,1,0
58.09963422,46.93293169,68.47778965,1099.285422,88.30520214,55.09441938,54.0078957,32.14357453,54.22573843,5,0
24.78232091,76.33213547,40.68434734,110.1082754,187.9905552,10.55827129,78.89700575,40.60057733,43.28806825,1,0
68.35723894,73.59529588,49.22852653,8099.314305,2807.292102,99.1401863,61.59155694,80.84022998,35.61550789,4,1
92.44312394,43.01291646,50.66482376,1270.18393,881.7595051,24.41368208,81.17256034,59.51171308,70.25809625,2,0
70.64930521,47.73743433,30.34031136,337.7656025,1206.057689,19.85524035,6.127041475,54.79144437,30.65697824,4,1
19.61260068,48.89078652,43.64635207,2030.976366,1197.385407,52.68029189,59.22456523,92.66419675,49.24948035,5,1
40.31531854,43.22510786,37.32339286,4389.108911,612.7011901,53.72081794,39.69130271,53.6024961,19.89967505,3,0
75.33822298,52.92537476,51.75041976,751.7266032,1277.56877,43.98207378,85.12755975,51.49386796,23.51752408,5,1
35.84661069,38.62576897,45.22605003,942.0372818,724.6912876,77.18921463,80.92797374,4.201859127,34.0961358,4,1
58.87638856,33.04076998,27.45990158,834.0467785,302.1392231,51.66544007,50.65671618,6.941695859,19.90154058,3,0
65.49268107,59.34066836,100,10000,658.8053717,60.96954551,80.71261958,0.742030788,59.94629564,3,1
31.46139057,59.44294376,85.05081462,659.7104196,610.0125314,72.37463854,85.6622904,91.32442258,6.299143711,1,0
48.80949288,37.93526361,44.41961157,2570.672699,1387.334763,2.502510156,51.48813344,40.838666,42.48074058,1,1
0,63.43033146,65.44842793,7781.405883,3201.874092,57.06441825,99.43867545,46.85613761,43.31270242,1,1
29.51224717,40.52633406,68.3493018,476.6234494,423.5210922,88.41944712,49.37317695,84.53869476,0,3,0
44.94863697,53.79747857,83.8217171,10000,1153.075944,1.738874293,45.70958099,60.92463104,28.97440449,1,1
25.04433636,62.30516019,43.62789947,8839.525718,84.07777718,40.51821038,67.31745177,60.95015964,46.39248845,2,0
82.64822608,49.49581153,81.84213568,6477.324624,1199.862082,92.62274502,42.92418538,29.65344294,50.71819983,1,1
21.39717244,56.82111368,49.04189392,724.5203392,371.4296474,35.31544023,51.70679552,83.39083739,34.89231978,2,0
41.19911027,42.25355534,33.28275192,3015.817149,32.14955937,45.87288242,78.18868848,16.5829976,56.92220511,5,0
52.61481155,47.05300125,74.48273119,4292.513226,361.0977309,98.1541393,50.38437704,5.314959217,37.26709357,5,0
78.82546578,46.91210854,85.81516848,10000,754.606383,19.9323859,16.09964414,19.16033575,40.3413228,1,1
21.28275698,38.8013248,100,596.9037856,101.5853217,6.525518913,57.34638776,26.77372188,46.29134672,5,0
73.26327504,47.34838755,36.0054947,4357.634554,2061.980712,85.94225909,36.07412842,28.23110579,63.17499072,3,1
50.20466122,26.77072552,73.9783937,1241.102047,64.68385471,86.84653412,67.30542315,67.05135986,23.10704994,5,0
30.36982698,42.63269379,51.80397512,579.3945999,2127.484831,47.20778347,63.92379432,21.78245873,27.82945319,5,1
59.24206949,45.7268676,75.66717421,1641.312104,982.4416997,51.42071745,79.42800696,67.66583045,23.27758771,3,1
53.98119391,46.15730371,30.59020898,4737.248653,320.0384559,83.58063696,68.15064602,9.113217323,31.6950571,1,0
37.99566246,46.37753831,34.74460449,1875.623492,396.4217258,73.85594981,71.80488567,14.72024611,75.65585645,1,1
51.3960417,49.073537,44.48250354,2313.476009,1080.153156,26.51490022,36.6180648,50.88214485,54.31813298,3,1
42.29372806,57.19162277,61.57928091,10000,735.9802109,1.689335507,66.07972992,92.18958026,11.72275637,1,1
52.27034691,63.11775611,47.17837467,1528.026671,890.9228869,47.97001625,89.36902579,85.95675888,24.98882586,4,1
63.24261349,40.2535216,73.18108688,2866.660224,394.3422221,85.89123261,36.22700183,96.87534424,49.31918061,1,1
81.72033632,31.95198717,80.53789237,1363.544771,535.2531415,89.58346767,85.99476583,65.04790653,17.33730548,5,1
25.24369002,34.36933382,71.99155082,1496.620242,3673.604499,95.62261971,39.01299818,67.58148664,21.86649898,2,1
92.66066749,42.69195618,92.37575279,3568.63963,192.5602898,87.95632376,32.9605751,62.50229989,73.62399165,2,0
10.95824401,44.72118023,68.31653259,8336.398762,432.8302077,58.00435553,55.92400887,62.28189229,24.66560929,4,1
46.9642981,38.45005901,35.66206579,2345.010411,276.0491851,44.46055992,64.31820832,14.71203451,63.8666704,4,0
61.76634413,30.55825004,87.26753027,4388.229679,1158.915512,77.48498465,68.23500248,54.37389562,71.38307974,2,1
55.61983735,43.15818759,47.89687529,280.3174379,1155.181579,73.98216344,30.76475158,38.60679335,21.66344772,4,1
37.5460096,52.7213993,78.20836999,711.5678374,276.7524524,53.81434301,58.69080195,44.25372158,17.75093609,1,0
45.83755499,58.92544199,91.47468433,2092.258728,67.91517256,8.732737256,36.28890857,52.36005731,33.09669784,2,0
40.13998131,41.6386542,69.13376021,60.64401083,9.19882571,92.60813468,20.22155488,12.83961718,12.78430698,4,0
38.21270486,43.80503267,30.07682374,874.4879235,446.124914,45.56025375,31.42527369,35.94877339,43.02584696,2,1
66.99204194,36.09952537,41.63575667,2185.709395,422.5640797,36.33337819,34.98199268,6.344956088,34.8587022,4,1
57.14030972,49.52841244,86.45488934,45.22273786,3564.702424,62.95673952,60.43190321,97.96681304,49.0145004,3,1
36.14180809,37.27357049,56.61754629,921.8030177,507.6039201,67.38379612,73.04427326,11.85280288,74.92358641,5,1
67.99199751,58.5969172,61.5914707,2164.830215,237.0213816,21.0687917,20.5358674,25.85247385,60.43712452,4,0
56.14599042,23.21200262,75.17648832,2553.962561,1774.811663,83.69388448,57.03922148,89.12929267,52.23099439,1,1
66.25724238,44.60555491,73.92645724,7801.020911,540.3526142,28.99370937,26.46603628,48.27100462,0,2,1
62.59257684,54.51661009,65.57599625,3109.834651,731.3855525,18.66839259,62.58170818,13.56372015,51.08439955,3,1
33.42009978,52.75751774,55.82663258,1607.075742,80.44761197,40.63998529,37.54538838,38.4230538,83.06569152,2,0
38.7963792,90.39550496,53.74663109,7992.868439,386.2006254,73.05600809,28.97341964,11.58679942,0,4,1
64.9458721,55.24700037,77.15797651,4609.719407,2309.124619,96.54581784,65.99329031,20.02159971,57.23456357,1,1
62.20740531,34.93918105,71.07139062,669.4641083,712.3139731,80.92812644,38.26154789,5.202984695,36.01603563,3,1
49.58196812,48.56803629,54.85399999,420.6923034,337.8878447,94.03483777,43.68072097,43.82274945,18.75512492,3,1
52.34654767,23.356305,81.64224626,3379.291683,786.0879887,14.06058041,5.600218249,80.66361217,60.0282146,4,1
75.55329792,48.79100376,57.4193177,2462.145164,1930.018987,7.117679886,68.93102723,58.59691787,82.74264752,2,1
38.16857222,37.50415914,42.96675651,4677.284204,256.1538538,55.77047619,66.41817042,60.63453055,59.38076822,3,0
60.94194762,63.73085413,44.82058602,4027.464648,562.7466713,29.0297483,50.10915689,20.05840301,30.72020122,3,1
45.95614695,41.75689588,40.42518327,2944.180507,2549.333206,82.8054973,19.44838117,34.38938433,16.41325439,4,1
45.64637594,48.24851126,54.55179967,10000,151.3765384,67.19878714,74.18738357,84.52421038,43.61569084,4,0
71.97553704,40.46663238,84.67448557,2288.068874,1017.412904,97.0728164,36.67473227,8.785618433,61.82923231,3,1
66.50832698,76.08277028,43.89809638,360.0885996,762.5318575,25.47923557,40.932931,85.79306537,30.32367434,1,0
66.27019272,45.18135851,63.76951522,5285.557684,910.7356664,48.57841144,96.24088113,48.36900263,32.74042521,2,1
76.10957614,77.48835565,46.86621309,870.4688417,346.1288268,50.12404774,35.92727112,83.71474313,100,5,1
50.42007683,62.21227643,54.79381917,4505.818052,301.361461,23.91767949,64.84419925,31.80064194,66.96629865,4,0
63.63905943,57.23100091,29.79917576,9447.146624,922.1414401,59.00933995,61.24184524,33.88429516,68.75321696,5,1
43.79466487,55.53099721,55.58923542,3580.043489,194.211107,44.32859861,57.80344386,75.16048683,3.492852349,2,0
56.48332705,55.90695947,56.1258924,2719.245179,435.305668,44.6721556,55.64001085,78.49961734,22.32028302,5,0
47.39713891,21.08491131,70.80575888,1850.704606,166.7760346,36.2736648,57.52777124,22.9644678,41.86704099,4,1
51.9399193,45.81674909,64.46561827,1359.6041,6.671614754,1.692935243,55.43881182,97.28713248,14.97156105,1,0
61.90314051,62.67736957,36.0321575,1306.248983,2806.777383,52.20952369,48.96163282,8.449010424,80.00993247,1,1
33.63558634,49.26654225,81.68396488,3034.877558,452.0888576,33.52478357,80.22566248,6.85029631,75.25780766,1,0
91.84774551,28.9221523,64.2060608,4174.199519,2788.088029,0.131986898,23.74678878,59.55042153,26.66136657,4,1
29.87965237,49.21393324,63.96787034,3404.43249,120.959317,30.79437077,70.42916208,72.27407678,84.59796517,5,0
25.71622774,75.56158274,59.81635293,663.4744501,708.1569332,27.86283331,66.44684597,96.08861292,39.89369758,1,1
73.16221747,68.70337573,49.64485106,2043.579823,179.4894673,39.34481532,63.96798243,40.49457808,100,5,1
65.83325388,49.06993986,64.35604679,4705.464818,1248.800637,13.18519896,72.33958855,2.529140899,43.61715326,3,1
62.48239634,64.27173916,69.51176872,1937.097053,1224.882211,50.76838246,48.14801209,60.28963394,54.40481876,3,1
62.56691019,44.50239469,25.06208617,2307.644715,95.57399699,69.24403525,12.62051848,28.96960206,74.99758603,1,0
49.75506454,24.4419262,49.22478325,4423.882646,1944.920922,63.01855691,48.55414681,43.29471212,71.94083375,2,1
32.05491257,36.13301018,54.90106059,3247.614277,173.1624334,80.37549476,30.17611565,48.84694822,52.76830165,2,0
51.51609116,73.44333153,65.12341211,1579.569163,759.417631,45.2008288,35.3628158,6.451261074,36.47149201,4,0
36.45676577,45.89010377,83.86622012,6773.19977,3394.291624,51.90917303,25.15160652,48.59817846,52.8533175,4,1
69.50239467,46.34924031,44.56518371,532.2423014,1712.349422,81.04019409,40.45310283,42.63196668,19.5953957,5,1
47.05885237,45.50242706,50.04076306,10000,2509.172035,42.77011708,38.06752612,71.25442653,43.80334297,2,1
33.49005606,78.56204884,49.74931779,379.5909982,335.5685989,70.15993499,2.448603401,64.56659112,12.26731169,3,0
43.57228317,74.38938373,43.9694482,45.18854503,89.25995464,43.46023687,64.00443823,18.52157182,0,3,0
58.25862909,83.2817035,53.0562701,6622.34027,166.9457712,41.77361945,94.40643716,20.61389182,41.2606691,3,0
38.72550894,47.61432184,75.4160444,842.9278599,555.3099687,76.02056245,62.12474387,25.10061788,71.55694727,5,1
33.55559209,54.43436733,38.92329009,3924.664342,1260.917327,17.48369155,45.94152087,17.89504403,63.14511604,1,1
54.87374423,27.25036176,68.5562879,4998.268848,130.159763,33.85859719,48.90507209,65.72131997,37.95219261,1,0
54.89933142,72.15401639,25.9619554,5876.696627,862.4162896,22.41722767,41.58028264,99.44301792,83.67474245,2,1
39.86113649,32.48330673,48.77324007,10000,312.7500416,35.9109943,51.80083168,65.21083405,25.77346523,1,0
40.57923389,53.25163346,53.410214,1044.588869,333.8707411,23.03748224,49.25983812,60.66815462,0,5,1
54.64099875,33.54046209,93.49719346,3716.141455,867.572809,57.94056311,33.17903139,40.99279334,0,5,1
21.03831317,41.1669976,54.5039539,367.85866,503.3862126,79.81708026,83.65776778,31.25802589,10.47022649,3,0
21.85072451,37.44106353,15.97513053,1566.717996,1337.192338,78.66130612,20.25691529,91.10737569,60.41561858,3,1
35.63111557,40.88187109,20.02222186,5651.065642,135.6049892,36.45009645,64.36663086,96.90018741,24.12993291,1,0
45.73105697,41.91315945,60.68059173,1374.974894,1248.321155,98.87604059,47.97604745,49.67761756,51.52396605,3,1
56.21815131,41.77596808,72.27541712,2682.820063,53.11293399,59.38543647,88.0166363,29.02004955,81.15708459,2,0
79.50712434,62.50000868,67.50911715,2102.16807,172.5907101,39.94003018,56.81729198,77.01222077,12.49757594,2,0
67.15319246,33.4270581,63.35140212,3114.964372,854.0391463,83.55392792,42.80188926,13.24567909,51.96249329,1,1
46.8012294,53.30812141,83.24519195,10000,1544.407163,72.98740126,45.04585603,76.55882376,53.47407682,1,1
49.61967584,68.26938728,49.20817559,172.0469684,233.0090458,74.92753368,50.79813389,81.89483743,18.48155029,4,0
29.94941271,42.30205453,77.89821112,2559.676807,317.0357551,19.61393497,27.1441861,12.49039446,73.85527313,1,0
49.62973728,39.23121664,27.3597023,5963.953328,616.2312435,46.83243074,34.6626095,97.68614688,32.80732361,3,0
44.22682722,46.54213062,41.90104334,1969.76721,190.1721698,86.18281308,14.30112062,98.55122904,30.40617548,5,0
56.45437121,67.69587813,23.8591721,245.3460124,1333.468309,50.40380076,31.54046203,93.67194793,92.79033046,2,1
33.45538113,52.91161446,54.50309399,2466.621315,1188.491044,68.34527434,51.87812963,49.60348094,53.06916856,5,1
60.38693028,42.03178558,59.07477565,1210.73318,125.5960415,58.7933733,56.00350099,24.60741423,63.13226374,2,1
80.65477826,57.25814977,62.28202984,505.0492827,498.6428031,84.23567877,10.4134061,58.20092809,73.87232329,3,0
47.82479703,33.46561775,61.23766706,5672.112099,1192.71175,28.45608398,47.25576594,41.99338385,23.73815001,5,1
58.03423444,60.22039266,41.44893338,2211.921175,329.1819541,57.54752779,61.26819902,20.59486447,71.24552743,1,0
63.80287983,56.12910962,56.19518311,8121.590253,802.1476347,12.3234668,46.74175613,42.36764096,27.45264713,2,0
41.97559056,45.38287293,30.05106663,4919.946596,41.21412635,69.02107767,37.32422708,66.38898357,26.38441527,4,0
54.48184964,37.42121302,87.2645795,3542.446976,750.6016214,73.19678384,41.7567771,7.091331079,33.20000069,1,1
50.25184802,36.69978617,53.92747854,15.11452102,132.5159707,4.283732119,39.1847329,33.34180014,24.44837913,3,0
51.95352197,58.02226005,50.22227762,1674.923079,1420.315253,67.57909636,37.26538882,1.779489001,60.55391082,1,1
34.53980432,68.43470754,91.77880657,660.0189888,351.3616383,41.46901542,53.4764705,74.94955055,46.68026638,3,0
50.49020349,40.44038379,35.15506933,7250.552463,264.5316334,12.40968761,96.15376455,64.06912676,27.71938963,1,0
59.95996582,56.87580055,37.48825772,575.6032762,1470.522449,41.99075477,35.12600166,6.26721347,56.86262583,5,0
79.02287216,18.69459472,38.0755935,1010.869278,41.15592729,19.42329297,43.63714735,96.47375596,33.12043907,4,0
69.18541652,41.23073404,58.64257237,2182.202182,404.1516282,41.55595321,48.96604121,2.262155713,31.79824074,1,1
93.06364915,49.53411601,68.63263259,916.9826572,369.6328637,38.4339028,36.25291131,58.99606465,41.21709712,1,0
34.65304874,36.35474875,74.79350936,706.6531608,268.1548627,73.83916369,71.96471607,77.63674618,51.58650889,3,1
67.44641273,35.95240438,100,2742.124728,1942.104538,77.42155582,2.582292534,78.7896313,49.74619123,3,1
53.66684011,39.98330665,15.01135092,279.4050666,1112.011878,60.70286544,39.37881659,3.428513559,30.91877044,3,1
93.79605866,54.38289092,72.17471178,179.7843242,52.84617307,2.268684218,66.36627473,90.64151326,61.17778019,2,0
33.83403429,47.19006472,48.85738855,1396.817359,1003.336025,93.10222791,44.11811383,91.84516719,34.44014622,3,0
33.20556316,16.4265315,48.27169702,3826.024643,599.4340059,68.62332801,33.58322082,56.13903732,23.62538778,4,1
38.01214709,18.18949771,47.60455743,2427.74052,1849.041535,3.419544992,58.81513509,48.20831989,3.299458781,5,1
7.522085514,40.89702233,41.82460658,1649.096828,300.2734642,81.88328992,68.12686471,4.486746306,64.57946202,5,0
39.48489957,56.86529879,93.69049669,2502.415428,682.9570286,20.02661547,54.2127089,56.19541425,40.3097519,1,0
34.81734677,8.787427359,76.84594654,1364.524597,555.7270977,57.92211896,33.9755928,40.93790818,45.27180896,2,0
53.00787573,42.50404736,60.46391957,8253.483914,537.9871644,46.663437,59.12406638,77.28064074,66.14507289,5,1
56.83511952,42.10628215,87.02031505,169.409136,487.19984,41.98387824,41.95901399,40.38835669,28.06484421,1,0
87.52341678,70.82506667,29.74942069,3356.979027,184.1642169,88.97137201,64.90373764,68.35808333,5.640018788,1,0
69.00847676,44.22467282,33.38589737,6657.012061,1127.519134,43.73612916,79.6651777,10.14081462,41.74451756,4,1
38.46192689,55.74483477,16.44064536,4887.157716,480.2152851,7.534411757,0,13.29522708,47.6990388,1,0
32.03170657,52.1188571,46.0117092,610.1736392,2545.963278,94.66387272,52.22134946,13.97101906,33.42877335,5,1
59.83838343,18.0415028,63.23397053,1052.616931,241.7585273,92.05352312,15.28532126,4.55254998,76.84343945,1,0
23.59533586,61.52310825,62.05717156,3787.433371,918.4366036,68.44326896,98.83577171,54.13288593,0,3,1
86.62917532,53.23094758,62.98683822,264.1029847,2260.347228,46.78925281,40.63750932,79.3967726,68.00141595,3,1
73.58880241,57.6240296,31.77886338,5011.733842,871.2266266,9.285947294,64.92746484,61.04112037,59.77884126,3,1
40.61648696,100,76.06309485,3807.208519,1640.048543,79.07481186,49.29366281,57.49548856,51.41926944,2,1
15.73730942,18.73830591,64.79255036,3923.632576,1405.798136,7.547791442,33.93830839,68.06239284,0,5,1
77.07744748,75.87044975,74.66108563,316.8862224,357.17684,6.86009849,31.55893906,33.96453231,72.09721958,2,0
47.70920309,45.68828721,22.14475645,3794.998309,733.2805038,53.73838424,81.71358346,36.19540716,14.33914723,2,0
74.75632624,54.30993357,66.22981718,3416.598258,135.9299813,16.01282402,69.1187612,31.42700982,27.30770054,3,0
18.11144682,49.31731632,36.2446952,5332.194105,613.4795551,0.773026734,88.87168175,71.21089329,35.73518338,5,1
38.01249954,43.636455,52.05353495,127.4574971,209.5303438,42.3113431,51.1090667,16.16403357,50.18545087,2,0
50.10487399,41.45250608,70.68729797,70.14572136,1089.240237,13.72172316,55.75839242,1.302528031,55.98570105,2,1
50.93961188,54.94263103,61.82187213,1400.460186,600.720061,16.05154153,44.65616869,59.61964467,62.32101386,2,1
40.99869057,27.24239455,42.9692004,483.2831886,423.7721476,7.691063874,44.25835594,94.23813647,60.39633775,2,0
62.45699865,61.25868751,60.12546312,2451.946903,250.45143,20.50937537,29.16226135,60.9407917,46.32318011,3,1
28.64759141,43.75708393,29.3692937,7479.381492,5000,71.54841798,51.68020382,78.29216529,50.39806648,2,1
47.1524103,33.04895991,83.00534792,1490.175169,59.52932491,80.89273072,34.2150681,67.27907095,12.7311571,1,0
52.40591263,43.24980713,55.89431961,5592.0302,35.63034587,45.2533644,58.83817844,49.74366535,21.22432983,5,0
60.28877668,68.85723825,82.37099889,1,195.9610986,50.65538159,53.40020438,71.83924018,62.38650559,1,0
64.23229756,41.96997369,49.46936626,553.6247742,2834.368919,3.265503459,55.75364087,82.41041239,60.93023717,4,1
27.50715816,55.37680427,49.52848023,92.68782497,3099.711195,6.931626137,83.50259879,22.47316442,58.09498541,5,1
19.31771659,39.03565586,44.71626427,1193.147943,851.2011356,25.75677256,49.245641,33.61304805,27.13958096,2,1
75.55353644,61.36882775,77.52347863,7164.088953,1696.92226,54.38984207,65.13454006,22.37257325,62.7623033,2,1
56.64628024,60.28261608,45.81137685,305.9391231,192.5998394,73.95511487,91.03018928,45.21729556,10.96888869,4,1
35.03026927,77.7291325,72.89190865,2797.33486,2861.644211,60.50030613,76.13234139,88.50645509,66.93399525,2,1
81.02303951,47.36654082,52.35095205,1801.681787,123.2530735,39.2127855,73.06339397,34.52071008,33.47822997,3,0
52.31349269,60.02982207,20.480734,8364.604097,85.28920553,11.8324073,43.86623569,37.44668891,82.10426016,4,0
73.58594368,51.47101309,48.59371864,392.1004162,95.21742739,78.07732349,54.59286111,86.03672347,1.963947698,2,0
51.35036963,69.43807673,36.41783571,714.8775991,681.0167174,36.37860516,23.63447416,51.53743307,84.08510115,2,0
91.2149585,39.21751419,60.67805447,89.96136488,1214.853331,73.60540145,59.97828802,53.54489996,30.96339177,4,0
85.10681685,61.17507969,36.19184529,1707.140422,365.4073677,51.29788419,55.48920355,86.08012033,30.5130186,1,0
45.02071703,47.07954056,78.51950201,976.4961775,3049.596911,73.86620536,50.4677025,49.0526737,44.87097047,1,1
69.43141902,49.03717734,58.17848279,6118.492514,455.9230159,90.72895615,70.54389576,68.15575346,22.57302718,5,1
62.90751899,51.37628727,56.4480801,2786.159056,130.4374205,92.10295161,25.84450355,8.564466587,38.19177497,2,0
77.37263115,53.78360595,73.11784276,2856.459029,501.8377381,53.510678,82.69725702,17.86317131,21.55934337,5,1
30.70153079,48.25656435,79.27813868,2277.288548,909.1439541,51.15083648,68.03529376,40.43762007,22.47341173,2,1
63.7210292,53.22069775,59.59802496,289.0382614,1428.108908,26.56784655,48.58732041,49.48390678,52.17214876,5,1
71.16848974,73.67177086,44.57599401,1766.462491,491.1262338,93.57998315,47.02540824,96.57337012,17.46086262,2,0
14.82521027,64.78174528,24.52060768,10000,720.3473434,45.79191672,59.6122243,97.0651633,20.79514412,4,1
26.33482975,63.03731889,46.27900486,5409.601239,248.8639708,12.75912393,80.41702464,85.11970875,5.680218756,3,1
9.215356445,43.16690711,47.65575507,6717.677699,830.578074,43.27049146,52.03215437,31.55988353,27.401733,2,1
44.61186331,36.66138758,62.14114906,5198.655692,3413.356761,12.70532502,52.88061804,96.40282908,72.79005074,2,1
64.35084512,64.32950837,53.09706238,326.2376969,40.23804074,50.25316843,50.36236955,68.93408647,18.851659,5,0
80.04714104,63.14070189,73.75865944,774.1688623,1740.978164,56.12755149,85.64048225,39.29401278,21.70916837,1,1
51.48189561,72.09006014,47.74033457,9.379601621,660.9452481,33.77557615,42.62233794,70.1674917,44.84804866,3,0
82.57231091,40.94029061,58.85917666,1085.106068,232.387366,7.165061423,49.40984803,1.652272979,30.73008916,2,1
22.39797084,46.55677017,83.67974886,344.9109681,2478.915919,94.35035356,79.26871309,14.61546823,95.70386083,1,1
15.93235121,25.40773756,66.83650428,1920.488019,528.3183561,77.33531135,52.94021667,82.96857116,35.93680088,1,1
48.88904602,44.11293341,58.79924917,3391.493205,322.4028143,83.88810805,72.7411772,64.55736369,48.38045866,1,0
57.68130898,64.94855766,47.96111116,6226.475139,160.2231876,36.68683943,31.77439886,36.41947013,63.59421962,5,1
49.34610504,43.00256931,47.33537207,4149.503742,224.2497948,76.083103,45.89414957,50.06666402,63.11444665,2,0
8.651157999,59.60719693,42.98773494,8370.332625,1431.086346,48.53728952,79.68868077,90.51421496,45.83218954,2,1
48.21759921,47.14245341,49.17986268,166.2156008,762.3845395,20.10834884,36.47320568,63.15781095,35.97181283,1,1
23.91060999,54.86085542,75.11331677,36.76385236,1955.739492,12.44233769,46.9740192,39.81492839,90.60071341,2,1
63.39345098,32.78462915,55.56223457,3248.259166,211.139575,34.50508693,55.13370462,12.03266574,37.50599312,2,0
57.33196492,51.27814174,33.00453861,1024.735879,103.3024345,13.75521115,30.21690964,29.37468016,28.95774739,1,0
31.20240427,5.132960436,95.36338586,877.0830695,4.884908428,99.82689762,41.72379763,97.83402328,23.85377529,3,0
39.72266165,47.19655763,66.39930382,1205.407366,567.1969524,4.918899023,52.25273364,43.73630629,0,4,1
28.81572956,25.54290134,31.86113199,943.2942333,5000,44.11435994,50.93363468,47.18394638,60.54039381,2,1
48.74641805,68.08991775,51.16302146,2148.856903,949.8637089,45.20935224,75.60704042,49.85980324,0,2,1
69.10284641,61.66111029,62.21772766,1740.250844,294.9917645,30.06319286,80.8291439,88.41040229,39.85692898,3,0
30.28547907,57.00006473,94.09184187,2154.955314,1675.537482,57.13515657,32.87830256,60.39282844,34.87848414,4,1
60.08093031,72.81509341,37.83775083,3350.759057,1217.589614,14.99770242,52.22537038,69.36770365,95.99912981,5,1
39.39484763,35.76625219,79.52081439,1468.809803,12.42817205,78.39123806,63.48496617,38.94135425,0,4,0
34.14254335,76.21044797,87.98972854,868.2815314,1358.005612,33.24477182,80.32694932,2.908761859,17.47241783,4,1
47.8593928,63.98287346,47.4269139,545.287072,285.94219,59.13425898,64.36980595,93.09729142,36.59758853,4,1
29.29515355,46.45167069,54.44972762,1289.922589,129.7078752,71.56392361,55.81826803,94.91276809,35.06176656,4,0
38.92701389,67.03430221,39.27381505,4062.137638,205.2887506,88.90421177,63.33085064,94.91530533,26.26138523,3,0
26.04244215,33.40559731,55.93077718,4240.440632,505.7617935,83.57874365,63.47537669,94.36870866,37.97530226,4,0
89.29450266,37.63228758,59.26820051,3297.986116,442.524458,60.83090281,31.44571415,81.52419411,8.510931778,3,0
50.70527104,40.87115415,73.19299996,799.8296769,272.7394814,38.83931804,53.85597585,68.45960501,48.92982197,4,1
36.00548984,42.06533438,81.80366942,2660.823858,151.2046668,50.32046701,79.18321988,84.45099183,0,1,0
54.27959821,34.15163536,45.03807871,2536.725666,1149.163824,76.87347934,45.85286463,60.0546239,39.3557661,2,1
47.75343901,68.34624601,20.65349872,1986.493603,3692.967413,87.75455426,52.58893285,13.43696139,24.99108264,3,1
45.58060801,46.11718399,59.57510441,2395.383001,1203.311608,10.37819282,45.14967101,39.1218165,65.40719857,2,1
62.283334,55.28757453,65.8707506,2030.585327,280.7099138,38.48562625,3.722810088,97.1294912,83.88277677,3,0
65.1501542,41.4447295,64.98835375,2500.376748,224.6276244,77.61165984,50.41180354,35.11378136,31.72369578,5,1
39.38997705,22.69095049,53.46653505,3771.128867,196.378689,43.16517626,56.03583861,86.78279137,74.76814823,4,0
38.48363519,54.05086038,62.49504199,348.3484332,117.5898546,33.22277641,39.75013218,9.321147077,32.09709298,2,0
44.49896606,21.31617537,90.30889617,4154.395467,641.1750826,41.13226968,26.90726102,33.41838424,15.84683692,3,1
3.961576705,48.97048931,67.63468338,438.1522445,743.9069024,60.28447468,32.3878708,35.09533247,83.6475908,5,0
19.69617876,29.47527442,52.5326315,206.8543262,977.9882484,99.98051441,65.28375232,5.160254311,53.01941112,3,0
77.33748535,79.80913999,49.99604366,10000,912.0810318,49.29924291,89.45049546,11.90943302,40.11096307,2,1
82.89935427,63.67044083,56.60295285,9439.09128,276.6256598,20.8494475,77.64866682,19.31652111,57.17943688,4,0
45.01927921,51.58630687,92.73479924,187.0197633,320.7534892,16.28465753,23.1130799,83.78155908,46.85537588,2,0
61.53113926,68.95560016,56.33398581,1756.935463,915.3427538,4.234974748,67.09254621,6.340198994,38.2695148,1,1
56.22500309,37.30526034,59.60411311,618.2875958,343.9467948,55.88172349,36.73675248,29.87009013,6.839129317,1,0
100,58.15219068,50.35372858,1992.774918,191.2386814,54.45720915,38.35465875,1.017500259,33.23658157,4,0
72.39149823,52.99715651,81.97966715,5318.999975,375.1536311,20.52339268,40.76048804,69.56277454,55.58138559,1,0
47.44164817,53.96030122,99.19674509,9024.129715,254.0558708,69.53294065,64.121339,62.030309,36.93071436,5,1
30.88919119,69.0853025,69.01226099,3017.437482,73.96659503,74.11070416,69.18506753,64.49822621,62.55814403,5,0
17.87107359,60.98738154,61.65545808,1310.42928,1418.219399,25.90982054,48.03937857,37.43827847,49.5913756,2,1
54.06927272,54.33085494,60.73565666,2773.918198,1534.464583,34.4099764,48.37858518,20.82678213,18.04659205,4,1
34.87298509,25.17668846,12.31386422,1121.905018,198.513026,99.04716723,59.28527486,72.03202133,7.020701054,1,0
21.55492581,35.59930557,74.90301729,7217.963939,53.572114,37.42644679,61.35989079,81.11178727,36.0705375,2,0
37.06854232,48.159366,62.68332832,6129.918205,1074.059144,76.08016718,73.52451414,13.86014981,26.8942888,5,1
28.36903993,51.40058561,68.56684101,2450.909569,190.127342,45.27254266,24.31256049,48.68294279,48.40804524,1,0
83.7428327,33.04694413,45.77075612,1178.234188,399.9553528,79.33448279,50.4005468,24.8715682,22.04655853,1,1
67.63279514,86.17515013,52.31086242,1041.827798,53.02745056,76.90232388,28.63951248,16.81068612,24.61519186,5,1
49.84054717,72.74591083,51.77950127,101.9674087,205.2254134,66.77560252,48.98115442,73.43253135,66.32674294,3,1
79.59888278,59.03177481,80.43245968,5075.539078,1259.651609,85.47783463,45.47649425,53.80969355,43.70507422,4,1
51.54736615,51.08055292,52.42480327,1795.601984,1305.332285,93.92184949,49.06501092,21.61853324,22.43182336,3,1
32.77431597,46.81686545,100,1179.718615,185.6312241,57.99833205,34.00514224,31.00000112,40.44104522,3,0
80.46248155,35.7212231,68.61724838,1910.926438,327.4747093,23.74689072,20.25420414,96.66536713,74.47278108,1,1
60.77820087,51.16220778,34.4863468,5123.435184,115.3165752,39.86289616,8.111249466,84.86795647,47.34466721,3,0
29.25507691,53.8662881,57.42907413,399.271753,61.65399001,75.83057135,47.37639691,87.99467429,54.82377024,5,0
46.19322644,31.37359137,46.96649756,5848.5256,3880.009402,65.08834851,41.37997788,46.00120971,21.19413659,1,1
32.48763493,55.01264626,16.1123506,6833.936041,852.7471547,17.77983386,36.4812467,62.38072639,65.66048443,2,1
22.34400538,47.67111427,91.9894188,8795.902376,624.8774687,5.123954115,76.45096926,37.67677402,97.95255651,4,1
68.52355095,21.38288663,74.06285084,1519.943053,1160.234637,68.29615935,32.81123626,7.771197569,20.21330894,2,1
88.18833281,37.09422484,70.66414636,734.4057437,1466.451062,25.1079024,78.33668164,40.10693107,10.45265064,3,1
22.02864852,43.795917,63.30807321,1403.4939,1314.870636,49.96702437,82.47687489,59.39807532,44.3885561,4,1
61.25938473,78.31531486,32.35964863,1214.500356,13.34220246,74.67467725,10.98199066,28.71442708,61.88762625,1,0
36.98714862,58.34829687,50.32765721,581.3146606,165.4303278,56.26667807,51.84762918,84.79505747,37.7152582,5,0
40.25749232,29.96777646,76.8356155,2803.873342,851.1491304,8.330258311,42.00607018,15.11001592,13.6698401,5,1
38.15212152,57.29054434,38.9755994,1942.366352,376.9754595,18.55802368,0,36.71290894,37.28539596,1,1
32.72018461,26.79044017,9.364613675,6023.059693,3235.650817,21.9328184,21.10717494,12.49039053,54.95230682,4,1
50.97043256,66.24036581,55.45787984,97.90920327,875.8670512,25.78642536,65.49872214,40.4832134,29.82420433,1,1
33.38099767,42.93313022,57.16484892,3097.360881,2508.89545,56.5403392,90.38398505,3.966130497,55.18137544,5,1
55.40913652,48.59545717,62.71126833,4318.438376,179.962632,50.39657798,68.05356285,27.25493951,69.11776963,1,0
48.99523781,69.88694971,74.57037287,4274.938037,1595.827579,20.31600384,56.47264945,40.07352551,46.00576564,2,1
45.22103906,30.69254647,72.75211624,6516.617626,310.1225167,6.755484346,49.57335237,47.81653633,39.30130572,2,0
31.84872676,29.04322722,65.1753961,3917.282934,3650.057089,17.14322045,83.65325829,54.36963585,60.73359813,1,1
38.46457339,41.2460101,83.91062776,7885.363802,137.284468,98.43813126,92.96478404,27.49911298,18.59747931,2,1
65.10782452,65.57568277,29.62060438,1213.351568,581.0981791,46.85469498,38.26314641,52.30413346,16.13225416,2,1
60.01834375,27.20980887,70.09163629,2098.76011,1259.428579,86.73455047,10.00026879,50.90046216,33.33569288,5,1
30.4488951,7.517666028,72.53076727,42.53916614,453.4125026,84.87524667,8.036250735,31.61780509,27.70301363,2,1
51.98664611,43.23261712,35.20875428,20.94571251,505.015848,51.15195575,76.43761984,83.02003307,19.91645062,5,0
65.02774247,58.276112,29.94258783,823.8103963,3435.552341,70.66877085,49.05882918,54.56411266,85.76171187,3,1
16.61189438,68.00392625,45.08115747,318.7734114,443.1370363,19.27520104,53.66483821,33.22697187,94.29983024,2,1
60.86720385,43.05257957,46.76917115,904.1722978,741.2185252,68.83967049,14.18698014,94.73385121,31.15737394,5,1
36.74752482,43.82860089,75.06838927,584.5550563,44.86667083,27.23845793,34.93622174,84.51124131,42.29297374,5,0
61.41197337,67.30851101,47.70922433,86.803868,1477.192602,83.20620968,44.09038372,98.25878116,35.3039295,4,0
34.73481687,21.9538745,42.87302963,7200.730916,835.6813034,8.372413311,54.15676767,69.22338746,67.687481,3,0
13.90235799,44.17218837,47.76732527,24.7713835,414.0386737,77.31386729,42.02815922,37.82229055,72.64113905,1,0
17.44915124,52.85635835,82.37264668,3996.352131,13.04135478,9.993690657,29.25347603,28.08606667,0,3,0
50.96169893,56.73828082,60.26086749,495.1471601,716.5413757,88.11892369,34.30866015,66.33178437,51.90027,3,0
55.19445003,42.3528996,56.41497949,7299.093647,10.19089703,30.42045181,74.16646572,98.08165825,7.329466471,1,1
31.9136675,50.51661518,57.79989003,6699.063462,1,65.43933648,54.89569239,62.67150801,83.95680395,4,0
62.77184918,12.6750897,85.84120669,3183.092522,765.8955453,48.75022786,62.24313614,88.1614941,51.00620076,1,1
16.76959875,40.12627381,45.01656547,3346.367391,167.6066159,36.63031453,32.02252378,32.9103431,19.41626154,2,0
48.67840403,56.80263069,86.31016582,16.06033838,170.4432472,64.54418332,0,40.69537825,33.9669653,3,0
25.779676,35.26558949,64.20992598,10000,847.3707327,94.75229806,39.53791386,90.62752396,32.77556854,2,1
36.96327784,50.88476332,56.79161236,6307.089219,44.15413107,4.126974737,32.66858891,75.6866702,53.12782357,4,0
50.94797343,56.70308751,100,6764.421344,300.8091984,91.88528559,56.98024537,98.14103204,66.0478151,1,0
32.79173269,44.86176199,38.8872102,3229.770529,129.4806419,60.9081655,100,77.47642097,11.2948177,4,0
42.30888912,52.55695656,52.92628481,1268.384389,694.3364672,80.73143008,63.90332035,44.85157072,85.96886252,4,0
70.12585618,35.55901152,35.35137522,6723.021105,867.211853,38.38749534,100,53.10680198,80.1422527,5,1
38.46216261,46.9008308,79.04923941,1033.887339,1021.624437,47.18429748,61.37539391,90.05154925,18.11691081,1,1
66.71384224,59.15324254,93.78377867,2481.486653,235.7451736,86.88507518,37.40227525,55.16467361,41.82004486,2,0
27.40586291,52.35459441,93.39845563,315.1849221,74.78925631,41.48479698,56.95832156,25.53973742,82.7702136,4,0
60.59608356,41.20203096,84.47897506,7651.433309,65.56145912,53.46595667,85.61277199,43.56198128,70.82296467,3,0
78.83137241,53.36324606,56.04759064,455.1575172,444.3119514,2.019492308,86.59125193,51.63159888,31.58142425,5,0
0.567109997,60.71914686,52.69518045,764.2773138,2332.715249,15.85980058,38.49325264,9.671983355,60.35849536,1,1
34.06209489,19.25088082,26.57660455,2450.246904,196.4432759,64.1686508,55.06367391,74.37626743,100,1,0
61.54144254,67.38611097,100,4332.952861,237.3692138,71.69769011,21.41466241,10.93539334,42.62899955,4,1
45.93909228,44.95617892,69.37956156,2897.635176,85.07884921,58.26009368,66.49337249,40.49177134,24.18379371,5,1
57.42291747,56.382349,50.1608619,792.41978,744.2514309,14.33100363,81.06709398,80.46224415,44.3104963,1,1
37.92029627,67.95870385,86.56113778,2.830462416,911.2296745,44.54054286,50.79598908,46.75703616,46.16380239,2,0
51.73179575,29.42489454,40.54470966,4245.941099,823.8614572,35.50947664,36.65231891,84.20155197,26.88658152,1,0
46.88645529,39.35838496,68.13244068,10000,1579.375028,49.5661344,57.20261903,34.18813221,51.0406267,1,1
73.35564123,45.67176956,56.54741731,4980.822149,533.0886638,87.03290346,58.34918063,95.7636294,8.639973507,5,1
55.08841687,38.24369718,72.7735428,1849.706517,115.5186163,77.58614387,51.62287664,20.94684318,23.36165332,5,0
56.75205324,76.02404864,58.72852922,7022.956983,273.3222525,8.398950139,53.57430249,3.826414499,58.9561194,1,1
41.76246068,37.14841859,30.98144218,1582.123783,868.7858432,89.03091978,46.52370299,87.2426543,0,3,1
40.24787552,41.66679831,61.51152745,2232.905144,759.7166506,47.17671511,69.91909856,75.2202716,62.5791898,5,1
41.34883624,53.06583547,80.97728284,1945.265901,605.727347,74.38621449,64.7245489,23.19838371,0,4,1
57.88904285,31.96775711,59.41567188,1780.578224,918.993014,14.00392313,30.33793706,98.47416071,0,4,1
41.58031038,44.06478932,75.50230243,4477.5093,811.5437981,67.07195257,29.78818794,50.22801293,27.52553142,1,1
55.79549714,54.76179892,39.08941029,2244.514325,1705.092547,23.63260176,44.91251166,95.10654401,47.17159607,5,1
91.50801597,45.00709393,59.47478413,1142.539006,705.5430921,43.83808971,64.73674248,50.50287714,73.13159008,4,1
67.42249407,48.59919712,47.5097909,895.8576675,1206.232316,1.686287008,52.96114828,47.18745868,41.44056908,5,1
43.47952936,42.06001831,74.9396168,115.4345956,228.7678115,15.16106379,37.1369918,44.91385371,33.83615981,4,0
74.02427844,27.28294536,60.62983125,2625.411543,907.0167417,9.208049312,55.23037193,33.48752761,54.4895312,4,1
41.83849254,54.82389817,73.80147353,783.9439666,1859.816452,23.97441729,43.38378961,53.37014972,18.22752949,1,1
9.237509296,76.32399607,81.75420852,480.9778499,389.8595982,10.001809,67.6097292,45.25546619,43.48537898,1,0
29.83827378,50.27602446,73.8323715,3182.475572,1208.0513,69.19100266,56.6611687,3.674687662,10.01384355,3,1
12.58416158,53.37896176,65.46236869,3429.661116,1032.174638,2.903990221,43.69443625,26.04352334,42.06476292,3,1
42.96973032,60.39084133,40.03575483,4184.85388,49.09718786,61.77405006,54.63037544,21.31228001,36.75409185,4,0
50.36836758,30.96004255,59.94427779,2100.980053,696.878596,14.07078308,76.30096119,86.74356023,19.89330196,4,1
83.52874625,75.53771987,49.33819196,6734.494383,111.583787,94.51614572,38.60739847,59.88699772,44.12601591,3,0
56.53854748,53.03493195,53.11872087,8262.726329,2736.773344,93.30940731,58.05313963,76.36831004,43.96374133,5,1
45.61798942,74.47785349,52.50931698,4940.966722,1334.533352,22.55031025,48.59079319,95.68260377,69.38635031,5,1
66.58811162,39.00450507,40.4014885,3028.455681,92.97882298,61.44212982,58.53967368,64.40392725,0,1,0
5.77729382,77.27092884,20.85322822,1086.014311,103.8610099,2.800531947,36.90870117,98.26099914,38.09877731,2,0
54.71229116,61.62733241,46.63713903,10000,722.0559451,93.17885431,52.20670866,31.17640517,20.99344001,4,1
65.41730388,58.29560129,63.86758904,961.1785196,338.3606863,52.29873082,72.15646565,18.62671823,61.74405145,3,0
20.42827508,53.51036682,33.03645909,679.4106932,28.42370163,4.322315142,31.25986038,40.3309888,58.84780163,3,0
72.87508086,46.27207073,60.31364473,1751.017633,624.0829336,34.2499993,23.41189793,47.07994149,52.69699613,3,1
56.76992815,68.00797488,98.00536849,175.5598338,392.6159387,7.684946186,24.17088871,89.53615429,22.40416855,1,1
41.69424172,52.10539805,80.46113111,10000,85.24586736,39.29444394,26.5867494,55.9940439,62.13676457,1,0
62.65563732,20.49395445,92.87083018,2663.354415,1295.269016,66.99263422,61.90646576,29.21809994,1.746726781,5,1
95.41385716,33.24220307,67.82255754,2442.232109,1972.806041,46.9889908,21.88280628,74.26342829,0,5,1
53.6373251,47.21231372,83.35019646,3199.564762,1130.419341,38.37221747,44.04209311,50.58319371,8.103225002,2,1
54.96441173,54.64998475,45.52070539,2061.63637,1382.677661,11.91570455,62.36578607,16.21319453,39.16312974,1,1
40.81278201,49.15117267,47.11319466,97.76643207,195.1777424,24.49390457,58.33318121,57.68197876,56.87911002,1,0
33.00311261,68.28456185,5.217195877,2842.657657,244.756079,10.01432877,42.2888204,91.13945368,0,4,0
66.60671633,20.73347204,83.72290948,3778.180413,187.0881563,80.74987317,53.81847464,84.26226175,73.0685708,4,0
32.87832348,52.15381905,90.8064796,1617.413272,1158.751778,13.5239828,52.14290659,58.68099726,43.2778049,1,1
51.43132474,22.73031162,48.93645509,4247.732766,2363.934556,59.53733665,45.51518089,37.70831739,0.80569131,1,1
40.44685106,61.39568443,54.92096587,772.4337339,1009.386644,34.27404136,45.78330563,8.697875106,42.52367426,4,1
59.57959651,48.58311928,44.92275773,750.2980659,1706.049514,22.59783847,94.7085487,46.96489233,67.31313537,3,1
56.67324211,56.29414958,67.65307103,528.125105,814.4353085,63.94684395,66.18621808,75.20794375,54.98602538,1,1
70.75079889,37.04175559,82.49865091,1395.620305,392.3739462,45.70023094,99.61301835,36.02737197,67.47682656,5,0
39.79967202,69.19197397,25.14456052,5632.18807,443.7685311,40.01454673,40.06073734,23.54468256,5.843834265,3,1
44.60250129,65.62586996,68.18877061,5279.248999,62.64727688,59.28520049,48.30066806,93.13797193,29.64986912,3,0
30.42472568,58.75316455,54.46656457,1447.804144,25.57008012,49.12676285,23.35748469,82.15557005,16.88269424,5,0
41.1141348,48.0572413,62.26788784,2668.353005,951.2032619,30.34842086,33.80866396,63.82756194,82.93950513,2,0
57.54600986,58.69785928,69.17988003,3827.65605,461.6134988,55.90612878,88.03826297,13.67833439,55.98407109,4,1
65.13977233,39.39661148,56.23595122,828.0779071,642.7537796,66.94985766,39.5593142,14.49088404,100,4,1
31.55669352,62.83333489,57.92826293,552.2772808,652.5434259,2.669315859,88.385626,10.32195915,28.30976166,3,1
67.3921184,74.74221341,55.72249665,10000,259.8927913,46.58717289,25.13275479,61.62966669,21.88314471,1,0
77.11275718,66.0591584,79.40632404,2883.529426,516.846787,5.768328458,28.93061932,11.55627965,36.42933404,2,0
58.26869806,39.05596295,68.3751992,10000,509.0509461,18.64054141,43.17537558,84.26271989,74.45893054,5,0
87.53591625,55.42125976,64.41167075,1236.363574,393.3770513,56.05087341,48.72500157,99.29650018,30.84700777,1,1
34.52421602,30.60287684,34.58096558,3642.389639,1374.846092,86.61889153,68.46174585,36.63481847,43.11093995,1,1
25.10690593,58.58585467,52.42840514,755.4148152,479.964491,88.28056792,59.01540834,45.3669847,42.41726757,1,0
14.42559502,56.75905119,77.97338321,908.1847875,740.355044,6.994401014,41.67369485,71.1667177,40.98741903,5,0
79.92088623,21.95275491,60.75393146,2151.717966,1807.008613,41.91050863,47.33368387,93.71530063,23.69003849,3,1
63.08731313,32.57324234,73.19062939,1155.303175,1609.328364,58.3006483,43.6187416,89.40937736,36.5677233,4,1
48.88830658,45.75291655,95.33023601,550.4042713,1768.896411,14.70699046,31.70692529,5.759182875,35.49743497,3,1
55.59937253,45.48710379,80.77212138,915.0165904,251.7740715,76.54322167,32.24074127,16.90718026,39.81088351,4,0
27.49021905,31.85784597,61.86316675,109.2090505,28.48722478,74.42352584,70.55767783,75.45971986,63.58792045,4,0
98.91503959,55.83468094,49.7802166,3656.48401,242.0382035,90.33410137,13.43670144,68.8893108,84.01570087,5,0
52.58442364,53.77210413,8.929008079,2032.510493,261.3682587,0.848601208,82.34717395,13.3218594,18.98913093,2,1
52.18789589,47.08596302,56.63230155,296.9528824,1920.690614,21.6684244,43.14011549,50.2064582,30.20015938,2,1
64.51533248,38.6631275,53.47975008,565.1178581,838.128673,82.71867142,34.54982787,78.08146311,19.37470254,1,1
59.62018463,65.7306069,67.80732389,324.5419258,68.188365,67.05800508,64.79518581,21.87806823,44.67753843,1,1
54.47768049,74.8311067,56.92189546,2844.836892,116.3708409,89.43898537,79.70433168,87.12876357,26.54126356,5,0
34.19051089,42.74657774,53.59229881,296.844568,135.3752964,5.717965453,72.35264883,5.297177482,45.99492084,2,0
59.42936714,40.81749624,24.41202139,4210.716292,796.3142267,59.69639657,60.03704099,78.21950851,67.59067276,5,1
87.64048993,57.36811498,41.20064342,62.17256853,1063.671228,56.90465749,71.73726979,61.58188998,0,5,1
76.90840092,44.6295593,69.53302082,860.5504078,1570.858072,3.567441636,15.67004846,31.51993467,52.29449724,5,0
81.86373253,47.90904199,94.31815262,6640.062131,2259.26126,51.35220769,39.56338917,72.09325483,28.49532378,5,1
39.77568647,61.09479728,58.04949233,3803.202276,180.221217,60.95203113,31.7765988,78.23657952,51.5105567,5,1
30.20790359,21.35965869,66.55622147,227.3026596,296.5872028,19.12931742,74.49277462,93.38989713,17.58826406,5,0
47.4842616,69.77453487,79.04956314,5163.222647,219.8894232,27.33295831,42.33043962,36.77746722,69.90652471,4,0
51.11449825,51.09020786,43.78212128,2037.940653,355.4831373,64.03473463,66.90813114,68.6016736,62.83201545,2,0
71.88383037,43.82760283,67.33628087,5627.700717,1968.937481,46.83009476,60.71713885,60.26162769,54.20880371,2,1
16.15070741,48.66148769,45.19019787,2754.425641,684.7448068,85.80136576,32.75386128,52.52060695,59.83064295,5,0
80.59100639,49.43644033,77.29648877,3435.536932,1072.114781,34.2381766,38.2608358,89.04164742,21.35948832,2,1
46.83984203,24.03198045,63.02806096,10000,538.8627015,26.66596584,75.87635382,0.316731414,24.50940613,5,1
41.4623786,72.42407341,65.96903628,793.2076502,23.42599292,98.48659403,34.49034703,28.21116061,58.81090502,3,0
29.75791249,50.61988448,44.34802805,2934.064194,53.0789415,91.11357701,52.4973522,53.82772395,20.80677143,4,0
16.90286656,56.64503196,74.14064719,1850.34445,617.6190422,2.8992745,34.34917427,17.82932616,76.14087617,3,0
66.46341168,64.27324656,100,120.7538251,1014.9201,77.07286153,43.72095626,90.78665337,31.91022322,1,1
51.46635934,34.68256314,39.84176609,43.72908712,193.9941632,11.03347738,49.07676112,64.75951176,52.54735975,3,0
24.20078201,57.10207849,53.20481985,380.8714182,1023.847156,2.748519483,34.34266979,47.78829946,92.48123798,3,1
24.09842456,45.98538364,64.63214948,3141.691376,1331.393145,27.3695516,30.79106092,81.47017591,22.34441615,2,1
43.28430601,62.70156163,75.72812424,2512.182805,424.6831918,26.93458791,55.72546674,45.08861915,41.71904377,5,0
83.38043051,18.09158869,48.80907429,2418.4744,1097.658319,81.93187623,33.10525182,55.86530119,66.35457912,4,1
44.80817297,48.5135855,3.339394197,97.12569017,414.0518923,71.06672459,33.78684889,0.275099555,63.78193472,1,1
19.93714094,40.95769016,87.18378988,1900.692106,907.4345905,98.16094273,31.21893713,36.57005302,31.80461724,1,1
45.08513872,56.48394426,75.21012239,7755.752021,1155.128777,71.15129003,48.44183907,13.87904724,27.08173906,1,1
44.54552861,57.05066281,25.14104939,1520.460316,3855.346272,41.82555533,68.87403269,68.96886807,34.17160169,2,1
0,39.38561158,47.84862416,2941.867581,338.9806542,69.89276609,80.13057273,47.9026959,76.19644415,4,0
48.91410267,39.31739204,91.36364859,4539.911611,423.5186678,99.94590672,35.48163828,30.17575573,33.02235359,5,0
45.3813094,48.34001947,88.95592837,4596.393004,144.8531329,71.01418826,93.00621587,46.78323394,41.95289231,1,0
63.9241273,36.55036659,78.77280045,2197.411411,182.5983034,76.1681356,29.90590279,20.9629888,29.33033823,4,0
86.9791219,62.62975543,56.47775132,5854.769598,945.7560106,93.83650152,71.67097047,92.50866325,57.63871412,3,1
72.53130059,44.46189199,61.65974838,1489.674141,1991.571281,11.36512613,35.56607092,5.397263255,43.88812594,5,1
44.62222619,6.39517671,57.3814839,6586.395178,401.4992493,70.47842934,32.5815346,86.54170353,14.91415473,5,1
27.86948183,44.37766915,82.56479567,824.2073806,158.6090062,85.0805958,35.10487686,51.13587887,15.77939715,3,0
100,34.42184269,42.48315187,986.4140322,268.4895248,95.43786002,48.95104601,61.89464961,0,1,1
51.18436868,25.53086277,43.8840069,163.750707,485.651488,21.09692897,61.59944342,30.26056209,19.21696477,3,1
50.27858584,31.43860043,80.20549174,4762.762687,274.7253484,50.39290077,63.39736076,96.66976168,59.84864509,4,0
49.51749826,51.64112708,59.11277089,1618.988526,212.8190083,68.05548476,31.12029969,28.18509585,73.09401345,2,0
53.96169522,69.92961242,87.56934711,780.6545012,1065.397938,24.74677295,30.20681425,58.88779971,57.13895908,4,0
47.11279176,54.69776711,46.56975586,791.0775213,6.300683617,60.04728633,31.66722613,99.34167051,53.86580502,5,0
38.52675986,40.90244918,58.90443279,6950.050264,619.8859363,25.75787825,47.77291195,88.10943964,36.83684876,5,1
39.06282118,56.83856293,41.5517403,5385.79563,1262.998197,33.34570205,45.79688792,53.63298253,59.37286387,2,1
49.3449346,43.11364535,60.14725363,2419.15516,247.6458524,44.15186965,30.99649076,99.0374523,47.15695558,4,1
39.13150458,39.58099446,30.42906126,2872.203932,739.6428413,52.91900987,55.39207388,70.13698617,85.1112243,3,0
35.74308435,32.68455998,50.24733158,1929.21964,884.2681227,44.93658716,95.25137617,20.87004161,37.53886715,1,1
52.12860455,23.7225679,31.2749227,1491.096294,851.4259586,49.31955198,39.90569076,40.55962104,73.57520209,2,1
44.90045565,44.1511444,73.87846466,7412.190561,472.2553685,29.85887563,41.32976358,33.4493334,61.85285205,4,0
80.07985977,52.37080235,74.3317868,402.6956115,340.4256734,15.8965094,61.19323141,34.40137083,58.38608216,4,0
0,48.55064495,25.39474539,1626.158418,1445.940791,4.734997733,38.82367417,76.04564394,0,2,1
71.83013704,43.76049608,86.67771491,1267.354272,1136.52964,19.59787225,63.37928963,58.42629273,63.22973904,3,0
74.92170385,35.81380909,100,2068.366332,310.0080238,58.19436415,35.62914586,3.809271159,36.81230053,3,1
8.532195352,59.12369288,60.92012773,1835.43093,86.97665251,78.61154478,86.64239215,87.74484837,28.90183764,4,0
43.14624812,30.2430212,47.1777148,2194.975114,59.61294506,16.92475974,56.89549945,29.67961405,2.927173971,5,0
42.57118268,61.64041871,100,452.1860449,79.21650457,10.85553578,37.59954102,99.70748769,39.86032165,3,0
21.84976611,34.96674472,33.62063003,2159.345267,699.484659,74.92903605,38.22616601,95.41907303,40.83878992,4,1
34.44366625,38.71347144,60.40212934,832.8737129,42.43558848,30.51583305,39.72400495,94.05307167,7.424951955,3,0
27.78848309,27.99822214,63.59244545,611.2412143,328.6960006,95.14994392,77.45499332,81.11276041,3.167995678,2,0
85.04540887,42.4789678,86.90295241,201.0943779,1119.340623,71.43179706,24.62497985,22.06133317,52.165487,2,0
68.71356786,64.62968688,67.1947795,4314.690644,278.9066535,32.67560472,36.64116659,53.2632744,61.79262828,3,1
75.4311019,57.73442133,50.02732208,1672.923301,1152.79671,28.95427478,38.76678886,22.43026268,44.75707275,1,1
64.43344128,64.67633168,40.97631259,2955.666128,1094.659948,52.36983863,49.68624066,25.96754556,68.77086624,3,1
27.41896458,57.83213819,53.1635636,3901.377803,225.7069361,7.914466828,44.57780615,61.09517694,37.84037539,2,1
39.50959467,33.44495257,39.86145278,3411.903417,1043.984409,11.76765126,20.17544337,4.083354535,38.64121814,5,1
59.78749122,45.03816164,60.9565064,1907.470416,1101.952182,17.58578813,42.00354633,96.94585668,17.07429928,3,1
25.55744382,38.29701306,48.7160764,1472.571624,405.2729157,77.47235933,48.00898634,91.86731726,0.993950561,4,1
64.2599686,69.95862356,30.11924413,1414.621996,189.0037865,51.38573593,37.4380433,38.07675722,86.36655335,1,0
45.19349204,32.0481703,85.10291577,3065.360411,589.2961602,1.056712277,63.73550978,51.5422448,68.28247626,1,0
42.50358385,63.40546534,50.04654953,2048.369144,2034.682314,67.35165275,68.38816858,46.61194193,5.187185822,1,1
64.21919936,63.39430805,34.6372639,5674.054921,816.4697454,42.36901787,48.43226601,88.21997786,43.8937977,3,1
58.88526623,77.44430303,56.63481731,6231.180761,151.8854986,51.0852365,54.61083174,68.86018763,37.49884222,4,0
42.78067668,43.85470111,61.36743132,561.0148813,918.4696,21.41162434,6.778880053,27.81112474,33.15018817,1,1
73.18659607,60.68483239,25.07066549,439.3589303,445.7791587,55.17822284,41.57794456,44.68412545,29.7745538,5,0
28.37873345,84.22477755,66.63295334,2986.009334,716.26709,97.91532398,70.09643384,42.89659757,49.53172867,4,0
62.31871214,40.73537485,39.05684863,1075.282643,1059.599786,7.344469101,41.53126834,95.93351683,60.45438814,2,1
61.86202516,26.97439629,94.22057618,56.23595875,578.7982723,28.39173997,35.25476647,17.53109105,50.05977923,1,1
43.80907121,21.79984949,70.47921024,6585.03316,1345.537961,24.29975929,95.55377852,8.957633729,36.98704064,4,1
56.52266044,60.69068043,52.0020002,772.0435952,1024.555168,24.85493108,86.3815438,88.06188322,36.06933208,2,1
24.97772847,21.75274688,45.09664459,7947.108227,763.7619651,37.87063576,59.35149825,89.66859895,63.42035792,1,1
68.48054038,44.41521421,57.90064585,3791.534169,130.7616714,81.81097847,72.77821223,87.17390879,51.58612345,2,0
46.30195727,56.55969781,72.25581483,4314.702413,1446.06288,91.285869,5.481291641,51.09769156,41.81723658,4,1
39.54553959,52.77763305,59.49011743,674.9162755,2197.918443,20.22150875,34.24897119,65.97444283,39.10246756,5,1
70.98018452,56.38167296,55.65682386,800.4808824,117.8401408,54.29499379,40.60084254,56.33630476,48.63176274,2,0
35.91312619,53.33434784,61.16740582,2209.841469,535.9213766,63.68989722,45.28039802,6.944782605,28.29128279,4,0
21.83077407,69.1829872,47.92282138,566.5881806,239.6836153,52.18274744,40.20111958,59.58348969,60.53847043,2,0
18.86741653,35.71525429,53.13588146,1093.394301,1123.64262,43.40763942,0,1.361414726,13.10353595,3,1
62.12019903,39.84507292,18.28415122,1163.446499,1023.042246,19.19755059,57.72049237,32.49874096,29.71358726,1,0
24.39141295,38.41010832,79.47452462,521.7387855,121.4821038,48.82193592,60.87308257,93.22925759,55.27765239,5,0
85.09588364,62.45287718,65.97595561,688.9295097,1676.634133,40.12148277,82.03797583,30.40452696,11.67792967,1,1
8.361411842,63.50597883,44.53088312,4661.326279,159.7106454,79.55633625,34.2338147,93.98266426,0.674786434,4,0
83.92912737,56.76837979,97.97469963,548.8703519,1276.660882,76.36043592,32.59673684,25.01339571,41.57694189,5,1
54.22034934,67.752405,61.74032961,86.61045904,488.4878317,13.39986812,0,31.45622405,0,5,1
48.06573776,32.32938699,39.27712856,2977.531179,318.3217755,8.851905256,44.12866327,62.84074964,7.529911149,2,1
39.10161826,75.00836167,77.13474843,10000,137.8075721,90.81539432,68.02223562,76.16269728,58.91485296,5,0
57.98272229,72.84857933,67.96096433,1206.87262,146.7674489,53.5508389,37.76464276,50.1387768,34.88036856,1,1
49.24730595,61.03432996,67.89159971,378.9207813,867.5085066,85.78009373,92.86889637,88.21156872,72.13717374,3,1
72.06603764,76.72698363,51.48488791,2534.613699,639.5716572,5.815112057,44.86810328,4.024042161,9.879641477,5,0
52.28455297,25.15065188,69.00991448,7104.707452,104.164785,52.65156165,52.93984569,92.21948386,37.65119086,4,0
53.00603523,42.13327796,54.7648342,4598.28879,95.65577906,53.94265146,22.73793839,19.63077999,49.98961383,2,0
42.72775576,38.97044809,71.11882903,2922.68024,60.04661864,86.07020325,55.7444069,88.42387451,10.73712675,1,0
48.86108753,60.82218986,21.90111092,1135.256763,1089.335558,9.760999823,10.4136041,40.08631795,65.79404761,3,1
56.15603538,34.24788891,51.32253074,2341.873496,995.5083651,24.04455637,63.8739591,83.27570559,52.76697208,4,1
15.79663215,61.36242724,94.44310196,287.0387204,48.16610924,40.65383139,64.48856352,67.16655498,0,4,0
23.03629156,70.55804216,44.65865089,3408.432457,657.275639,86.58414754,77.18582849,17.59416325,39.05645509,1,1
64.86528188,60.4280435,47.92323405,3874.000206,70.7818781,93.88833151,29.60062562,91.80475699,49.64891841,2,1
53.41730876,54.25626535,51.04077323,10000,1872.609892,99.27246196,53.21124237,24.55173905,25.24858316,5,1
46.32033327,35.18189989,35.70387728,904.9266248,1901.135324,95.91934865,61.27633119,24.41401187,3.003377362,5,1
50.36867866,37.29723551,15.83438448,55.88659155,958.480039,0.594175584,58.84563277,81.41788966,46.96146974,4,1
56.95163411,68.74428358,55.38827203,2366.388118,2084.997154,4.770834145,32.6940145,10.58732556,95.28107376,3,1
39.20480639,61.69023506,62.71718848,3680.60377,1334.726502,14.76068192,2.160362209,22.20359064,30.32539752,5,1
34.43390549,49.41470721,58.94989863,4687.769984,1410.717576,34.88620968,56.93920594,50.36775734,79.23102953,1,1
53.9169051,43.73135681,57.10242876,646.0430535,674.632707,82.9918031,46.95000643,83.04770287,21.19277946,1,0
30.43254445,19.6128819,60.86081742,910.4299339,292.2948977,89.26561953,38.66658814,14.74839747,45.38864088,2,0
58.16505511,33.93721372,80.45682943,2155.954558,196.5149483,18.68344063,65.27890727,54.76682345,59.28806327,3,1
15.94832792,78.67128631,56.19107628,1204.124101,317.0457625,61.96641516,49.10160924,71.12405918,39.78965835,5,0
70.58311275,30.79316643,48.51834846,5909.319067,792.1552909,91.73619851,23.61609894,86.05952247,32.55660878,1,1
59.45194965,52.84219732,54.3774903,1925.994566,151.6282854,46.37317359,11.37095422,93.55655602,58.15318803,2,0
55.12059469,65.1116596,71.5869352,4822.000047,239.4154087,10.3543572,27.4207347,78.46399145,87.28637788,3,0
69.65381968,31.17615998,88.24053757,2606.931833,504.9809599,45.78136501,97.8602459,65.28283982,47.51467312,2,1
83.30948889,52.77065712,47.43712522,4449.60732,212.2670378,37.57949023,64.45553548,43.36200853,27.09849559,2,0
70.2874013,64.06873306,61.97867574,1213.425234,710.6363652,57.76579961,53.77224684,11.21101542,35.25621107,4,1
13.18251537,50.18748983,66.76714884,5340.974479,2052.990846,43.86586844,46.36678146,70.97371925,100,4,1
24.40846067,93.02604584,40.14843987,962.9816654,1102.944704,1.734592685,45.0521412,99.27373045,43.37267791,1,1
37.50362845,24.97101112,60.40834334,2369.62723,878.3139122,99.39977334,73.34391967,73.67605947,25.13965754,3,0
50.521821,65.88092795,30.68652285,722.4226093,699.2010855,54.35402377,40.18808516,1.671109374,11.37330209,2,1
60.35318041,47.40797394,24.61899393,1936.081254,535.4631355,47.36307555,61.53840821,49.6259978,0,2,0
35.48512374,61.57880232,67.33492816,1148.947679,165.1902842,95.46173715,43.03144099,61.46466325,49.08960685,3,1
53.73533529,56.61960728,52.32250517,930.6151867,1800.832925,15.58603676,88.80313264,68.96742011,56.36604982,3,1
34.89234135,39.00265704,64.04560815,10000,228.5855822,18.92376025,64.84577015,71.97258356,30.0825955,5,0
37.76964394,53.43494589,59.64210046,523.3248356,76.60003349,80.80147491,74.91113629,55.81084412,39.62573955,4,0
21.86677806,22.13147823,40.47199903,4643.982114,1109.084064,26.083108,38.31180451,22.33603327,10.73845727,4,1
31.53533508,59.04871251,59.09491396,10000,154.4946187,79.92271063,71.16272225,94.22006615,43.32321162,3,0
22.96630789,54.47237699,35.3379739,60.30655672,372.0396163,27.15334829,43.74845149,69.66664677,52.03738301,1,0
30.48253494,59.57990253,87.81944716,3602.208285,22.95412288,3.318763023,52.20069648,23.68400369,26.62089332,3,0
71.07283593,65.87177488,32.8805931,874.7161079,117.9354555,51.70147239,82.70095341,32.23218323,82.26131674,5,0
31.01202222,55.5142976,56.08429458,123.990822,152.157474,19.66864341,29.14449886,92.19276706,19.07234183,2,0
100,52.2213413,39.15456824,1546.959668,44.75707423,75.78462929,54.06495463,88.74851867,47.0869151,2,0
59.86635802,36.78397495,71.40842347,8210.173685,855.2201641,64.11996332,58.76010517,40.51464384,61.20793049,5,1
53.69672247,39.31668855,53.37137257,35.50455227,1451.242325,92.3602668,60.40008762,3.830722199,38.0677625,3,0
32.8328444,67.8010193,49.62666561,2659.363564,373.8495243,78.29883573,40.98431014,4.849736889,35.28807953,1,0
64.00619759,71.54503109,77.0640309,2087.832136,1660.847266,18.07759548,91.72528202,28.39182909,4.278346239,4,1
38.48724348,46.42834346,60.58861183,6199.793079,191.9740015,80.01582367,24.10136229,62.91222193,73.93353739,1,1
52.44019629,50.69004121,70.33288892,263.2223582,314.8969286,64.17370448,79.17770777,58.41946353,35.75266996,1,0
100,36.43078438,40.37348127,3432.643601,130.709085,66.89516418,74.30131211,63.38277869,53.43413562,2,0
48.07880201,67.59135268,31.90366112,3419.331449,775.2453416,83.2262886,88.01777579,71.72829719,56.8180122,2,1
72.98546653,59.98125236,62.14415924,3317.636027,435.6018859,57.38240692,18.23545803,1.903225359,24.2925377,4,0
35.9364715,79.11826155,53.62307289,8559.28835,760.0504132,46.60035144,32.62337024,10.50855952,35.06178489,1,1
49.30023019,36.82515384,72.52869345,5196.300549,1147.295675,63.66410354,79.83886118,35.94834518,73.36205877,5,1
85.41601271,44.32988151,58.40183095,128.6370958,631.2033161,29.7957429,12.45921691,15.48599975,12.07005836,5,0
37.46065884,53.47168884,64.10150678,1910.770431,790.2945988,18.25971311,17.87082198,7.532004254,93.19795187,4,1
86.24897116,59.69734307,27.5323494,1522.259571,2189.781147,61.65878381,40.23384427,64.0964396,21.37818037,2,1
64.15503871,46.76498544,97.76873879,1113.831204,284.2713088,23.38483691,53.83987577,81.53364775,10.51206358,4,0
38.75066448,36.90558364,56.7151603,1800.811105,355.9852874,7.991510935,81.84450147,75.26266574,43.30772552,3,0
62.64815478,63.22111293,73.95173941,1454.470801,1011.837482,0.055418459,46.2946817,81.70397786,95.20870661,2,0
69.45108899,60.81703044,43.2781666,1698.665655,755.9693079,60.83194014,37.83521704,66.58565441,0,5,0
62.43619924,36.25588849,66.16019804,10000,157.3307172,36.21487835,56.22779875,73.53453218,36.47460704,3,1
18.5955056,70.33164202,33.94310473,278.4287434,377.4728098,75.23109707,59.39192967,27.17787742,51.90662543,3,0
35.45725648,67.55298064,69.04135677,7662.032133,504.6458795,37.51763983,58.82479644,99.30080363,40.84124896,2,1
45.04962729,52.01444746,52.88051831,1963.145368,434.9405799,48.60034482,46.44027584,18.31656545,49.54804175,1,0
48.51133142,51.19396794,60.58381008,2932.442559,157.0794052,40.70849728,10.89827772,21.44938744,22.04917295,4,0
62.41344195,58.31086657,73.9594806,5319.101087,2066.157692,65.05747911,31.64768022,28.89218318,25.00695385,2,1
53.55402002,37.07445395,35.34919378,1341.032543,1149.45987,35.6139162,78.40542171,97.53324301,36.28943382,3,1
23.29311283,50.45047219,46.31016539,1688.578146,525.2297936,96.37676499,53.74137876,98.82885894,11.7527978,2,1
57.60395702,17.71424683,69.14648562,1580.450819,911.7000119,93.61469866,43.54955762,79.48937497,38.88283996,3,0
62.21171491,63.14683468,100,1408.720074,1820.619563,84.80279027,72.36337097,62.90575986,30.28136766,5,1
61.19580896,26.57760166,57.23835331,7792.049431,117.1072673,92.03002706,27.39766735,52.00625752,28.24887037,2,0
71.61561451,72.55129743,71.82272236,5297.04544,230.5436777,44.91396885,45.49303733,97.06208457,48.01266031,4,1
66.67844309,45.04819859,57.8605706,346.2325204,625.9347006,53.64303968,52.7551681,69.56228029,0,5,0
59.18360158,46.82499527,98.8449119,343.2823305,1283.601577,74.20925926,41.17244993,94.47301283,34.27274742,4,1
48.59668577,40.58399141,25.05556666,1675.164578,29.54274695,69.61459249,52.01525646,31.65507995,97.93384414,2,0
16.78078133,45.67941689,61.89242089,311.609471,3309.04127,89.06785956,46.24612137,33.37747923,12.84725784,5,1
58.59236438,71.27797018,27.48911933,2895.600835,485.4385025,71.63310273,22.01313904,85.47245941,72.13751241,5,1
54.15375374,12.68287015,9.868568589,465.3740875,356.0691847,99.78847082,53.62955764,14.98549206,41.36640302,2,1
55.43157674,69.15448079,65.94924106,2216.777216,277.0679411,34.85057998,23.43296417,94.59278613,24.92605478,3,0
24.46502848,55.07035222,62.78995592,21.73841087,153.2739586,83.29977422,53.3123025,50.74743547,6.983958512,4,0
28.37886919,31.89467528,54.30326125,1142.008788,1254.536624,69.76348228,77.48271648,92.64138786,43.49204913,2,1
71.06305707,33.8703141,57.8761182,3392.080818,2488.271252,69.13864452,44.37953605,33.67927887,76.33492765,1,1
49.20889692,75.14589541,100,1985.171946,427.0635621,32.58355948,26.5703374,71.59589041,30.26972137,4,1
63.63001395,35.8173968,54.83649724,10000,2436.285901,78.56017924,47.46024374,48.2875122,37.97596438,3,1
50.56636752,32.69974234,70.20248723,6216.892469,1388.897626,90.03760223,33.36057784,62.68036302,65.25927125,4,1
50.59512279,67.05971814,47.01270361,1334.508744,524.7599297,21.85484615,61.89018005,50.43724931,48.52176978,1,0
68.76567612,55.07829314,65.9046515,139.6606075,896.7505639,62.54968371,47.04022505,96.71156174,0.693105507,2,0
39.67910544,35.93111635,55.2353265,5605.13698,456.7212374,39.21348291,84.19526503,69.21053978,42.4721804,5,1
51.92241554,53.24937463,51.78963035,7265.265243,654.4667263,98.95481193,73.25979191,25.13189686,77.80587277,2,1
40.75449423,34.61370975,96.37797064,5154.870107,47.83935653,47.88328158,46.93838991,90.96769219,39.07647034,3,0
41.31007545,66.51232098,83.54369926,410.7253486,953.2757188,22.83201738,64.31218136,29.40297382,0,1,0
43.81655753,65.92056447,62.73493295,10000,43.41682675,38.18576252,42.13527182,37.16050993,49.70537479,3,0
54.44267543,57.98009298,13.91576128,897.5811196,1358.98674,65.38383898,50.6791377,10.2123698,35.03858901,4,1
40.42502757,55.42491592,52.77981553,3864.29138,1394.132873,7.608937135,42.77131607,89.99665198,0,1,1
75.11512251,76.41782187,100,7159.037593,216.4788377,60.36019202,65.3291192,28.61120232,0,2,0
32.10785396,49.99529491,55.38676667,806.3341123,312.8507862,93.12247592,78.65976553,25.89176179,64.37767858,4,0
46.26256712,32.27188812,82.06435144,7166.343106,525.1596853,85.03627877,65.97296414,92.0262598,21.69043136,4,1
41.20537883,56.74210869,88.83884804,1110.937887,726.386086,6.767353666,68.43873203,80.55268624,17.31259048,3,0
78.93955769,81.29070574,64.37927832,10000,271.0160007,99.33898787,68.46066874,14.10789215,39.10903598,4,1
53.93109553,34.7786076,43.16356736,990.7668851,718.1447872,69.87269237,61.02511845,76.93245039,23.89492504,3,1
70.63689079,44.5780585,11.29375336,9200.771415,282.8148852,16.22808243,27.21427682,91.30330981,42.50121569,2,0
20.28879254,56.24669057,73.68326417,165.0944526,45.67181433,1.241608917,84.01943039,7.851121821,34.93199926,2,0
55.34100532,49.19142726,43.70487994,3706.101591,2.024599583,17.12826363,86.08821653,82.52149949,10.0001105,3,0
67.79261591,35.26544629,63.52300904,2278.57343,85.31222997,83.81759207,45.32240793,54.74200519,27.22005504,1,0
51.64567979,66.82786784,35.00359321,1949.556703,1257.138572,2.163932495,42.5860417,66.91974494,51.06883303,5,1
71.3096075,84.80061083,54.69524919,758.8539424,2604.251627,23.31473036,62.24823306,49.28543389,41.04795101,5,1
39.654231,52.94197189,60.6743811,3668.404774,445.44846,75.73055953,61.0162567,69.78030849,37.95143794,4,1
78.1869488,36.43897565,65.37187162,635.1627095,575.0739201,58.61105359,45.96107862,3.409786167,88.43460603,1,1
95.97796247,26.76559212,37.70355625,2414.528469,127.0542007,78.27357104,24.99948689,76.27067232,58.27593813,4,0
42.74322879,53.86963972,83.93821898,876.0558372,640.6417772,74.61505038,56.11402381,3.334369786,61.31103162,5,0
41.08994957,66.55816015,48.06210431,9344.992356,125.0002145,5.060138712,61.02873076,45.52998477,35.85078981,4,0
79.06768954,57.1275162,26.51061079,87.1471855,755.7816537,89.25114191,64.51642296,15.09649931,45.50362976,2,1
81.59144291,49.96394239,57.8195316,668.4118774,2165.544673,22.70318343,56.98585545,82.35742774,29.22250026,4,1
39.54279946,41.16092522,60.68750618,832.4452448,174.2249032,55.33924402,44.57769703,31.36609092,59.43874414,3,0
41.59626366,33.61754551,63.21178866,1603.653719,1157.051974,64.42881565,69.88004079,45.40935446,37.2400024,5,1
44.36430782,62.52126989,87.24264807,794.7505018,19.02640783,16.86282109,51.31696995,42.87507413,45.55944372,3,0
23.11098978,63.70657432,55.27102327,2027.98,376.6396256,97.62312567,40.70153971,77.25019657,44.01528255,1,0
31.62696107,26.8140532,57.60760751,6178.105635,93.90015212,48.81559561,46.38693236,48.11443598,39.54582796,2,0
29.91718466,73.84758467,37.93631238,3735.045109,347.6788465,5.76426956,15.08061935,78.8958335,100,2,0
34.6440487,58.61106831,76.41107006,2602.230148,152.4800261,93.72620448,46.35516352,7.35082768,23.33451806,3,0
49.30630225,70.99391968,63.68618128,279.6476106,373.8362275,58.62678432,63.7687304,19.15939679,23.10721175,5,1
54.68429465,29.86808377,51.59944545,3552.433163,432.3721971,69.9193198,56.79566044,55.15342496,57.35241867,5,0
81.01000986,29.51263767,21.90650613,546.0562315,286.0158094,52.51757899,80.41328346,94.70883248,25.12077502,3,1
30.03291919,47.76546035,88.8882439,4630.492488,855.1386005,83.47379548,44.74050172,7.475784672,32.71484097,5,0
69.68644797,57.5417664,35.44640071,863.27326,2009.18501,3.313346219,59.74626326,4.308421616,12.83972617,2,1
45.72022312,76.94541234,48.17443981,1618.955034,409.4547253,26.83783653,65.85480353,15.65506749,52.28894799,3,1
49.01072581,60.59118371,67.16689022,1294.519698,170.8944074,46.96483564,96.85714017,64.11531289,52.60643111,2,1
63.49638984,46.35978085,36.06884143,5873.029514,252.561052,7.660361631,52.89530982,39.89929167,32.1201985,5,0
27.54555957,34.60446189,30.12980443,405.8941437,1539.323438,70.59066693,29.11625642,82.55523794,57.87041721,4,0
57.64819492,68.45000859,17.52104835,2501.678508,678.2325355,39.36634141,66.95857507,7.193315148,0,1,1
53.32904416,35.52941861,74.41993906,459.6689639,485.5917818,27.26679903,87.31454712,19.64140868,22.32866496,4,0
59.84902528,74.42702832,49.09627511,3660.264243,129.6733075,0.337884681,43.5490258,30.00264055,35.75052034,3,0
55.78337288,45.73423026,100,7064.103371,477.8730565,71.98303117,66.82163077,62.67300867,10.69293758,5,1
99.1060028,73.85873109,40.11289869,1710.706113,261.129454,83.38093089,74.5745611,68.51726903,0,3,0
37.24520031,60.18396935,41.57097953,2008.832598,2294.056005,39.50405357,70.34131088,12.4203294,32.30260087,4,1
39.3800609,47.94506766,48.69214059,7869.314876,1723.81573,56.4217977,52.51117045,94.3804709,57.35050218,2,1
37.53718947,42.20905442,64.8626931,2208.110112,70.10601967,22.76866259,36.03052484,34.10441352,72.05270979,3,0
38.89045762,44.88638184,50.59593322,2005.939982,581.6171752,62.21976463,48.37440904,71.3168763,26.31780292,3,1
37.25225745,56.42475039,72.24664428,2590.5904,203.9740296,1.213745832,59.17200908,52.42077189,58.33039594,1,0
73.78033062,51.15734744,40.4282322,3506.104026,423.1605689,48.86438971,68.16445048,22.27581135,55.91355095,3,1
78.41008496,41.09282888,32.36816563,339.1143229,1675.46872,64.42054818,56.67890096,84.62283231,70.46520436,2,1
38.58507413,47.51552885,24.03570521,5162.961412,599.79861,91.81917732,42.40184067,81.82380282,31.24522424,2,0
33.35288854,51.17865545,15.52851664,1715.471404,325.4311392,38.13358171,61.10759312,39.60718539,0,4,0
59.42831113,18.06898858,49.63861961,225.2974986,186.4423441,76.5190203,67.20170135,58.86075857,41.75464631,4,0
38.95553911,56.87252172,53.98039375,4627.899669,1288.850824,59.76870299,57.59220113,25.78256959,14.65515648,2,1
62.65863636,35.30418163,47.37125945,1419.385383,783.6358287,92.70121129,33.27625771,68.98516287,21.91237227,3,1
54.05846042,32.70001395,84.86811594,317.3067808,504.9878745,39.83776757,46.37187931,30.90268126,32.4695214,1,0
19.6851177,24.68983479,84.56060419,3013.555232,196.1930894,31.90953399,68.95641553,84.40787344,31.52680922,5,0
80.95010403,23.09161253,53.30394025,6364.076243,325.4684864,88.71419987,22.33964383,21.73851043,43.53898167,5,0
85.91755346,29.66828745,24.12157774,6561.174051,2571.975308,4.924440141,8.136439552,1.480342282,57.57890791,2,1
37.74422619,39.36468564,48.66589784,9486.315257,587.3252501,13.63853929,80.161657,26.8508042,30.80661042,4,1
42.2459688,79.29888706,48.00357212,6068.17343,409.5934178,8.240443458,60.2283051,19.10524865,49.89243767,4,0
55.71730781,42.11180486,46.85730075,6.429643169,589.5489284,84.31099566,62.13460005,50.82864397,40.37040025,3,0
56.6891358,52.66625159,46.04562192,1435.274564,1207.632455,1.060742337,28.46366053,20.37032917,63.3873599,1,1
63.17088545,56.0072208,46.93074209,5120.202758,332.5444103,86.16571555,64.75056127,76.31898707,35.28520372,4,1
90.20409078,51.96597779,52.26916768,1368.316402,157.4994248,45.12677954,55.50497375,24.1370638,38.02683311,4,0
46.46105545,48.83834809,47.28917802,2760.508532,703.4582711,0.402527885,18.31344844,70.69681799,30.6399888,1,1
34.03405511,32.07059355,64.16645017,2796.627385,875.3873576,40.16451772,78.48566829,57.8470923,35.9437865,2,1
22.41361544,71.76391322,67.20737432,1362.510389,997.832782,18.6800841,53.17366647,98.62498565,20.41279679,2,1
35.3813992,77.10794965,41.78709826,7045.068168,1709.572398,62.44004875,42.07832068,99.9900977,17.93506785,5,1
49.33746054,24.76011959,85.42130652,2098.874418,371.1207056,67.93587899,42.44020508,86.95260833,59.39413463,1,1
85.89115727,34.63957114,40.39875396,1875.25578,62.67622935,48.75275704,9.695561891,75.99833693,12.91995792,4,0
39.64777402,45.80284486,27.64398772,10000,2542.735924,4.051952544,61.86673199,38.6456414,32.02204776,2,1
54.47575903,35.53193308,67.61556143,2040.695022,456.7605269,65.61288044,55.23714414,75.32767271,65.38356966,3,0
49.67154208,57.5894833,43.65183731,589.4984782,780.9546996,84.20387836,46.11839735,95.66755371,31.18248012,2,1
73.76786547,39.07591696,66.42582942,2158.901154,878.0230762,72.03242773,75.56970415,2.33775754,60.71851134,2,1
100,82.47584102,11.92662798,5046.295756,632.6321908,82.9957919,22.32281962,53.79147002,25.22385698,4,1
39.38262454,67.85822892,87.84911883,4499.8721,183.7897229,20.05095236,38.06455047,21.79983044,13.72090984,1,1
40.21121115,53.18861046,73.44586816,4661.750855,1125.664894,88.88879397,32.9998349,55.78763159,0.129353627,4,1
70.88321754,65.40479395,29.99046902,3693.248796,1302.700786,32.21934506,44.4241004,46.64470898,72.81810173,3,0
63.63782979,66.58850637,30.42445752,879.9651525,644.1136548,1.340481425,51.34940051,57.57685816,11.57822046,2,1
86.93414651,41.54078768,93.44531808,5943.333292,536.4218174,84.33916463,58.60027048,55.09622214,58.67966475,2,0
61.67856371,37.75674133,45.25240193,6717.238779,96.77484806,94.1821269,43.06053094,96.01070392,15.00132433,5,0
42.81415818,51.17214594,43.31630303,647.583013,70.14891553,65.55581974,32.4528853,55.21861089,72.93459795,5,0
61.81309661,62.92454187,14.67895812,419.3577741,331.8850691,23.14366305,83.720139,84.62320881,95.16956812,4,0
72.17407161,52.08590598,52.98443589,10000,297.832597,25.17444643,98.23280384,31.98202868,0,2,1
66.40964362,26.34505277,55.4456077,6082.231929,2457.338541,46.65928734,52.86573344,43.81006888,12.88108915,5,1
60.14548062,37.95763334,74.30986194,6711.4076,1224.585466,89.78310796,34.86439266,47.0413476,59.3282966,3,1
71.33349379,48.89040705,32.01843144,6524.591737,862.8696201,14.95976561,79.50908262,27.87280433,52.82607308,3,0
73.38591181,48.86501594,29.59426416,2340.607615,583.2650604,82.59736696,21.06485787,37.97902615,59.42304637,3,0
77.64317982,79.58813265,69.0192527,3118.781579,146.530358,29.13028087,43.30453351,59.85130795,25.65611124,4,0
62.97419775,29.21018086,80.13460142,2364.766966,3070.1513,80.85861694,36.07765897,58.01877633,89.68835403,2,1
46.65763839,57.58383863,28.57695298,157.6918277,376.0549988,92.02711976,26.80928899,63.64353446,42.95123667,4,1
52.93427373,72.33669662,81.63028173,4105.399699,90.46831172,42.7493872,44.39951534,35.18179154,9.575935579,3,0
74.13017933,84.07174618,60.75083683,2111.605548,544.6569995,36.50506541,32.71655842,31.58314952,33.6712875,2,0
33.66128658,43.93403865,81.83610678,3129.893858,1657.166073,80.2221319,50.25308928,61.16178828,9.910827594,3,1
57.37346618,57.37144179,58.59559277,2095.322331,1746.356815,52.94828824,50.54354335,13.28617484,79.77353396,2,1
42.13322375,58.54640536,9.55444165,2030.707463,8.821187933,68.44490485,37.57336553,25.30315435,23.49171843,1,0
50.57489646,52.93222597,56.96065235,565.462375,1739.323563,62.2829237,42.58973287,4.212773695,52.31208712,3,1
75.56903725,48.51732198,81.20287637,980.1574624,253.3967914,15.28888456,45.38302064,7.26108526,28.23317138,5,0
53.82198136,56.53963084,42.12507962,518.9654284,31.80169028,84.47903603,66.19692122,24.33832793,24.61531726,1,0
50.92873096,12.01630872,52.24070062,653.2231222,1505.996727,19.57751114,47.03141198,1.95292803,0,2,1
22.80287718,60.23104235,56.47732993,10000,1595.29691,93.22821441,66.49403482,24.54105921,54.95436507,2,1
64.92507132,51.89266855,2.009722403,498.5655949,725.5300356,25.05712914,61.71625967,65.49763231,72.47953132,2,0
62.90968362,46.66287655,93.42695151,941.1354755,683.4677288,73.38809733,61.43061394,6.110707847,17.10081047,4,1
93.26509447,80.70293294,41.9724864,2679.112032,1341.832031,28.46553935,77.75691941,43.67366778,1.369272125,1,1
43.8444353,39.87598972,70.11470865,2826.199598,1234.581455,31.77854086,27.61218241,91.31087869,60.08290107,5,1
54.38300655,43.95386016,58.26597728,501.616021,1766.587378,31.00018528,40.53633787,79.12848289,0,4,1
54.98767367,79.87329953,85.15238113,4735.524992,643.7054798,74.7892254,85.26597601,30.54375023,70.4883234,5,1
81.5490656,37.51908043,68.12112245,4614.183804,2744.841114,55.6815118,44.85366999,92.48054792,17.39012193,3,1
48.09408935,41.74827076,55.30151457,812.7411679,4447.087468,88.29524558,0,32.96464967,12.41768143,4,1
55.58043052,47.79461865,42.12969815,1021.840872,99.13158468,30.73727192,45.94063314,7.251549634,46.21156053,3,0
62.15793019,62.61101723,75.95701403,8341.275584,1515.266399,69.19925221,52.6987906,99.40559568,14.04651787,3,1
53.73218246,53.11703761,22.53117392,5240.440556,554.2334074,75.29485997,0,87.00225272,22.32222297,3,1
41.07132771,30.61061979,72.91780841,3589.969234,392.2517199,15.1482113,76.6787128,46.59327833,48.84954832,3,0
53.88179986,42.01747155,38.01910497,257.4359237,759.6139605,40.05893573,35.72575072,66.63765242,0,3,0
71.472635,40.8896835,85.04567324,1625.216044,46.07410204,48.28174944,56.5712623,67.12280779,81.06048115,3,0
29.46969401,48.84168432,63.22599085,2458.185465,564.9229092,35.56873899,45.48036909,19.44822307,41.09100331,5,1
52.65939348,56.38765488,72.88247536,622.5905602,1637.675952,32.2112596,24.23297162,20.00486332,7.67584969,1,1
35.9975837,56.27308634,61.63977628,1783.853375,192.0909017,68.6419894,28.58983731,46.95807034,14.56886577,3,1
73.90093258,23.35982369,24.9524581,2756.57616,444.6442981,21.58663977,31.29834327,91.15731401,64.79115946,2,1
19.5362619,65.95911481,42.78541673,1189.709427,2243.836847,70.93907453,71.71343818,0.999377486,55.02632338,1,1
38.82156305,53.78853269,73.44778675,4555.294838,447.6820033,93.50441964,47.04923624,78.25056359,74.66951643,3,1
57.5442375,70.76798071,63.33311635,5506.185912,354.9918203,56.51975212,39.56268967,5.752678371,22.93142888,5,1
81.31048058,56.66297491,83.61979811,1172.953985,464.6218039,61.14342367,31.30782175,47.82221149,47.41459593,1,1
48.68499478,66.51984437,68.06549126,5472.671109,586.2638038,6.893270212,73.92300443,63.78728331,50.66419779,1,0
38.89600947,56.99817967,40.66596219,328.0271855,799.7190558,86.44769036,79.28402545,68.67592671,57.38168751,5,1
87.62314139,70.19338634,44.07871725,5455.464329,1290.326344,28.54477872,73.69487797,5.847926362,68.18202809,2,1
21.03972199,57.83375954,62.05834781,497.279934,481.333213,61.50511655,59.84874678,41.86036174,22.06840235,2,0
6.023880868,48.5312713,13.71911868,259.7051063,1360.720517,97.91121697,55.79660084,58.38372605,37.14574331,4,1
58.800289,84.08652081,93.46883771,3079.785382,610.3763082,59.55026006,25.68124364,6.604553731,24.74625636,5,0
39.95891551,63.33555683,68.83493473,1915.621131,330.5726665,72.47094875,45.08361747,13.50945566,38.68470317,5,1
29.57534366,58.60616632,84.54069194,7154.334847,858.2406199,44.53196182,36.32279593,66.36489895,57.46081955,1,0
64.16712895,30.85543375,28.38792118,1353.848036,1011.891024,6.036584352,13.48975782,52.16381966,0,2,1
54.87601428,30.67538574,84.89130321,1015.462304,653.2449661,79.75993495,71.14086838,16.18286613,67.73428924,3,0
38.71842739,54.39073223,100,2083.854222,46.62462377,3.499884126,36.08340107,53.52393369,11.52044689,5,0
24.39391203,52.18281797,33.58243289,1826.121341,148.9507791,70.06578289,73.91883815,91.26923734,32.31574201,5,1
67.44914657,40.78816152,75.4280359,1266.741637,268.7113727,2.292157315,67.63492802,1.558758478,71.09854812,2,0
63.00402356,52.11474049,60.02219889,3549.975315,265.7259258,86.23052366,61.13435953,64.26337735,48.20024295,4,0
48.01648272,73.82940392,29.11132304,4275.876984,895.2662302,15.76360358,62.25768144,7.365043461,48.48824871,4,1
86.93273992,60.43103712,69.85767944,5751.640932,14.81526904,51.42714954,37.69372236,0.644944296,10.48434887,3,1
28.59830467,32.88487235,76.6720641,10000,1127.426969,59.71507045,87.15700303,15.06544887,13.8978516,1,0
19.48949658,48.32736759,47.97746895,930.4219349,246.6806724,45.75454074,50.86250862,42.29066319,63.53140992,4,0
36.1618386,37.92550279,83.31833041,3777.330776,296.8762745,34.07634893,56.0386337,80.2343999,25.27141136,5,0
49.08827967,44.18450125,26.66473186,1503.904545,600.4682153,46.78142962,37.01847333,28.17854966,27.62720317,5,1
54.86678899,43.79576502,30.10487707,3391.070313,194.6010931,31.14157539,31.37669478,62.56732124,64.09878128,2,1
45.17527884,42.83531626,62.73194791,1938.68596,1726.58913,43.81223471,59.54592018,41.1156638,13.75216137,2,1
57.04110793,31.17296942,60.50770556,10000,71.38746597,35.8912991,54.35026992,23.4331792,46.73087832,4,1
24.96921152,48.08517978,45.66853023,3915.826202,470.1399386,56.62048235,34.21295268,51.42471143,41.07268315,5,0
78.87529208,41.59088545,76.19188872,9140.527308,1514.620677,23.79241622,21.23146562,79.74644904,39.93285685,5,1
48.35697643,6.05826965,70.61788628,5404.875821,765.3650272,98.86565549,24.60153825,83.24923701,27.0391092,5,0
72.34591663,80.79458037,77.16278142,6996.072952,276.6213692,50.08699534,73.92267434,84.65195319,25.50362046,4,0
56.85450693,66.33154481,57.53727129,5052.794692,436.8309906,19.41620774,37.73492371,33.85578126,13.04089591,2,0
59.13506438,44.35548913,72.05160536,1843.890554,981.2321145,47.70667496,43.22182909,79.34560647,52.06662565,2,1
61.3953456,50.28228575,51.08699394,870.2085738,2897.298006,86.64151295,79.00680518,21.21784551,23.29627021,4,1
58.9541712,32.42518479,100,1387.631411,1788.978975,2.180679312,27.55698877,73.84251012,64.21861553,2,1
62.8544552,75.43584317,43.7490846,61.33137027,335.3666621,67.95541191,35.46010349,94.83844263,34.38612396,1,0
76.5830506,78.45933042,100,2226.969212,5000,54.79677968,34.62466343,1.374383469,13.53873776,2,1
53.93042339,52.35040592,60.69775894,2109.942874,2.808655401,16.95579944,82.36136962,44.03639312,34.05465295,2,0
64.18007515,65.35295966,32.48978221,2234.903725,22.41490991,81.74764393,89.86767001,64.77709884,29.72857002,3,0
48.20528611,52.62930168,87.36158701,10000,1389.092424,36.88846224,65.03126451,70.17757705,65.22758529,5,1
78.80234431,29.94911842,62.51802777,7272.699381,177.9777082,29.38020288,65.66769448,17.60877583,30.77499527,2,1
36.47215396,43.82264947,77.02248197,529.1834718,50.15528752,82.81251919,38.39289994,97.21832752,33.09474047,5,0
86.01880866,51.9789195,84.47711837,1380.789767,216.5530669,63.85250462,88.94656974,61.5265368,75.28866764,2,0
49.19684099,43.18178422,66.75911108,1654.714632,444.2403057,89.82590837,55.35392509,16.43406012,52.70668304,5,0
21.38449796,46.72020084,48.1551831,1341.360401,1049.146256,62.98837037,67.06220529,2.052251171,81.5676504,4,1
52.5620883,48.62900664,79.51426755,4805.837598,783.2471135,74.08176579,47.88950122,78.32641988,71.4761251,1,1
36.37896685,48.78682253,60.01511015,2227.249699,217.0494056,83.64458963,44.63934825,7.970473945,17.82093529,3,0
66.81287098,50.78387736,73.71715637,2546.595983,559.7676497,5.473963591,83.26084519,14.10509211,64.74877136,5,1
36.94752041,34.090924,16.92538852,5752.244803,2085.270157,77.60489589,60.79447359,57.48300269,78.1325823,5,1
41.07633134,39.24475776,68.93963434,4918.580536,1349.953194,61.37064818,79.02750922,60.35055034,78.32032831,1,1
12.20918538,30.73123601,47.2282835,425.4218517,312.291502,6.950779652,55.10656343,68.68871186,64.70239959,1,1
40.95387362,64.66723325,93.06619274,3754.394567,3225.752366,50.85779219,33.03266927,39.35140127,64.18807487,2,1
1.522413467,18.41529587,72.46174696,1715.105266,986.5027168,8.245807798,38.33314134,77.3898669,32.43347391,1,1
18.32194353,67.30385515,64.79715492,1047.178771,51.58760158,73.59472017,52.05930485,97.43585996,19.06544789,2,0
65.20829312,70.79524096,69.72619987,153.9393182,28.63498702,54.65017139,37.46999568,27.10949431,31.19456703,2,0
65.71600317,45.4672912,40.03118294,2003.898074,147.5306254,95.35735374,27.85077183,70.30286165,0,2,0
58.50915124,10.95294368,92.46513381,1317.546648,1041.138765,18.31353716,74.02834064,92.84686524,73.56988289,1,0
30.66047714,44.58034157,99.82740837,869.1044891,162.4168251,60.60334525,39.10259858,68.62867626,32.91767601,5,0
49.04577288,49.03723758,67.85827021,3559.103354,573.1109787,21.15821346,52.76385496,68.11094986,72.28326823,5,0
49.92794922,34.8410267,91.80807137,4402.323069,78.31972946,61.40649847,55.9226718,22.37725691,9.212510569,4,0
26.83270622,42.27172409,48.61703603,842.2763575,2029.493939,72.26497024,38.23693749,53.51302003,67.06562303,4,1
80.06796604,72.95292798,44.05772868,152.1354536,337.2275613,72.23043293,79.01598933,56.25228436,27.62798355,1,0
67.54724581,59.97390743,60.81849497,5666.517112,1909.922504,81.50739907,27.65716478,70.01295625,7.890764792,3,1
45.58071652,36.13153828,68.69882077,30.02901369,2318.530872,85.3550228,55.23250527,99.68214499,80.6779513,3,1
50.53771678,26.03601246,52.12026638,8299.2233,4.918003647,7.727172627,54.92235413,3.364382254,67.68279173,1,0
54.16765616,45.09474024,70.75536381,2963.520307,499.0986917,34.32671571,48.91490794,6.523266127,45.2948105,5,0
9.165302632,46.79814831,66.12778964,1165.145445,19.97208545,68.71225204,24.06174773,7.795006943,40.84844713,2,0
45.05645235,57.44298781,40.03386449,848.9908328,1914.820212,49.85862874,67.41635104,74.29791345,50.98775047,1,1
36.36031504,41.97024931,70.37586035,27.13938112,584.5256409,19.06759468,64.87021341,13.63537951,44.86571445,2,0
29.9675998,57.67249363,77.27056485,805.4875995,62.32081319,55.27095702,36.48862943,62.24518745,20.19310115,4,1
44.37799414,79.0273106,63.42938635,444.5545876,93.4758362,40.74356528,64.14974414,32.46688779,29.69869326,2,0
85.95373054,62.23251534,83.05296207,2841.535305,386.9692758,39.00382777,57.49815373,45.73199562,89.0179458,3,0
62.81685723,49.27867239,35.65192413,546.528821,2253.857255,80.97537174,24.38775709,21.56631598,100,5,1
38.5764202,47.25274293,69.35900844,2256.334758,944.4893216,40.75983338,32.92142171,86.61065613,79.06671263,5,1
61.45165563,44.64990299,36.59438587,2675.64635,1617.656112,2.645450548,72.7656289,58.61503242,51.9555985,4,1
77.98710873,67.70961369,37.71837284,1061.643828,365.1414771,5.806333889,56.1883237,94.45632636,31.55627418,1,1
68.49267366,40.59029831,47.38138333,107.0834538,35.34017118,85.62440417,38.71394108,57.45962497,20.04535265,5,0
51.1926074,50.67834063,41.15879633,113.8966112,2929.560636,96.060081,32.83048218,12.39080306,21.69293974,5,1
37.06126445,50.76796853,49.04008363,80.1019285,13.85772535,68.84093365,39.69212404,17.08704338,26.16830853,5,0
63.96446627,42.47323711,55.71699379,4031.137913,2359.867936,36.43682941,41.1104094,98.90739764,93.77910104,2,1
57.86970771,29.41301678,76.74308973,1148.219554,367.9506663,93.86003158,33.08073935,72.55651973,85.15705741,3,0
67.9038644,54.84461755,53.57681923,4773.323606,8.113326582,66.28030864,15.16471775,4.927875003,58.65695975,5,0
62.70343603,49.08494042,28.28748586,1695.490771,934.7744503,84.43335492,72.80026573,70.3781005,15.98467059,3,1
70.99105431,57.50360704,82.80135693,1809.909014,3151.527861,76.5852304,69.41267345,41.21730468,62.32639817,1,1
39.29529577,41.9959954,43.25819733,2157.750367,2696.357401,37.91393158,24.53489096,30.72083868,34.03457429,2,1
76.34788131,68.31231948,58.82559146,3745.14802,140.3755994,47.87022009,52.72622591,15.40607937,0,3,1
53.95199209,36.84839328,68.93073014,958.5622221,159.9790499,18.61321544,31.95523595,83.99039546,47.17751594,1,0
91.50521745,75.68060426,63.99220837,388.9164198,666.9191201,29.20141004,44.76865554,6.384137899,18.95217398,2,1
36.21624364,23.78545235,81.88359095,2436.179575,811.3540318,77.81256613,43.1046684,28.98354624,19.79866427,2,1
84.71927606,56.52155097,69.58006287,1187.930102,1075.869885,89.39783919,41.44331569,30.63828938,33.73980016,3,1
53.95821567,57.13146024,42.77380841,1752.831585,159.7861498,72.44604233,90.05894168,16.0905284,27.54192568,5,1
36.97163993,38.06664398,100,3123.408797,2555.48486,46.51736967,41.19348631,50.81848833,39.14357952,3,1
40.32228332,56.36590907,63.88666927,2044.401423,814.5242397,8.650926894,33.8347235,1.170262681,37.94173625,1,1
43.59305384,69.19278005,57.05319547,2904.954074,1502.099251,5.69479487,34.74837141,30.09755154,0,5,1
58.48331893,16.74771741,79.27850846,2357.1035,621.3373272,37.43255646,70.87553913,93.3629444,78.00694972,3,0
60.45670976,57.54117211,64.98901892,4038.872309,427.9264298,46.38217188,16.95795337,31.05295693,15.41558193,4,0
38.52599992,12.6009377,67.98456386,3671.879847,3024.196251,60.91206222,34.74754167,36.04593871,16.19004037,3,1
49.51290815,35.51502795,100,2291.931663,698.0513995,0.648952139,78.9364568,47.31650482,31.78616871,2,0
92.84540717,74.43749547,54.49757143,3408.036257,1613.164878,98.97228905,54.87972376,56.16933749,37.29162882,4,1
84.5508634,41.2732695,53.64478212,6203.952738,2451.078647,36.39388834,53.8384401,80.87086448,76.47449542,4,1
58.72647339,32.39180053,62.33157024,1698.334781,900.0174819,84.80946638,92.6429292,19.03212232,46.7355863,5,0
50.76006956,47.03093407,81.43031871,1596.98075,636.9215847,53.49667057,54.92695906,87.17463772,54.1616371,4,1
52.40062653,81.01859507,29.8693194,4334.894347,2.813622729,13.04394545,35.83627677,75.75493571,46.86340469,4,0
62.27035945,22.52476629,20.68888217,2620.799082,32.67396307,79.75655525,44.35845886,72.26503347,45.78653956,3,0
29.5441487,34.23035133,48.25769459,220.9615158,179.3665103,70.98270749,27.29135382,8.680457371,47.74323758,5,0
44.85246925,72.46147525,27.32154082,6679.985317,164.6442173,52.74360849,75.1187408,2.164068997,0,3,1
16.62831852,77.86553515,51.50337305,93.80056632,235.2378785,51.45530913,61.49123435,59.40127009,33.75203788,2,0
57.98446245,48.44853164,70.04999392,4139.700815,290.9995131,8.747960575,72.488283,86.31339625,69.05652776,5,1
62.94391879,31.41420946,42.18502273,4266.313591,357.1115532,65.58489486,74.25967857,58.44414641,100,1,1
40.33627075,81.43765253,31.46346846,9179.921974,436.5237258,91.12451558,41.71578438,21.32348654,9.892276687,2,0
81.47973527,73.91663588,61.38674323,166.9644024,83.2813475,9.324491922,31.10494296,9.051989795,50.57699901,3,0
25.48468674,60.18420482,77.25086969,2725.390788,34.62829754,26.35114506,48.96573777,69.95964528,25.72383555,4,0
20.7125024,37.81396477,26.10053123,1675.012811,896.5500084,90.23079734,32.54477858,72.17702773,91.1912976,3,0
54.48903637,49.26455989,76.40464797,1204.268166,616.6013203,28.43439098,53.29913751,17.25317007,6.15543098,2,1
70.94196605,47.59459878,76.34612407,283.9824211,469.7970999,65.39436722,72.64193762,2.81903155,55.62348726,3,1
83.67855383,54.96276957,79.08170204,2481.092726,805.0597549,53.48181649,46.63720708,40.82835132,4.819722512,1,1
40.82231474,71.76502157,84.3696043,1956.250226,1406.7189,59.6327605,52.9999018,58.27187021,32.0358333,2,1
71.57361667,63.19125562,100,331.3016174,446.4636476,41.57889016,48.12308768,70.60024096,39.14216673,1,0
49.22983061,33.83935885,52.87815903,2844.037056,819.8125741,29.99914706,66.05455145,80.99450092,66.74229204,5,1
46.547454,70.64744675,62.1914316,4017.695583,2455.8859,4.853345073,36.64435211,61.05374273,13.07082935,4,1
67.67319875,54.6969821,51.67123134,4373.735893,1464.18985,74.42809393,6.071074767,11.08806086,56.58457622,3,1
63.04645757,60.30598694,60.0395369,7073.443263,444.1018358,74.60934622,59.41737719,68.25816721,40.46944308,4,0
18.47215686,71.99811289,90.65746711,1580.20829,827.872134,67.07257401,69.75668843,98.41766429,46.81983466,3,1
79.53080699,33.32629626,33.09971032,9177.471437,155.9082055,64.36337881,58.9274849,90.55845846,63.95831787,3,0
77.60182708,49.46261632,42.77900656,6016.999045,657.7344326,24.37171322,37.19539009,87.16689093,7.936082675,3,0
37.48874597,42.02818173,87.54361873,1055.068907,3184.596637,2.234493377,27.29975804,30.21701534,60.26487433,4,1
57.91607067,26.48210862,80.40073014,520.5006727,584.3721158,80.87153969,59.88995064,75.07881765,25.77737867,3,1
59.88060373,55.20064966,52.73736706,1714.856946,2100.862491,49.11385357,52.82957906,85.1103446,67.39683637,4,1
55.21347532,87.67334827,77.08804002,1541.985464,418.5006637,30.68381307,47.48414745,67.83262046,48.36394086,4,0
38.99389692,22.39883383,66.82431685,2572.080081,5000,10.19319068,86.44926686,25.05617566,34.76179046,1,1
36.56753264,49.51579083,90.00549218,2626.787109,692.5161847,6.27215909,31.06399812,95.38339719,25.24935077,2,1
49.48891858,59.60814403,61.49019188,4158.7269,34.55066219,34.88667218,85.50074042,45.08194115,60.58237486,2,0
73.45458039,51.84617302,80.51264228,2139.375953,706.9713197,80.47370648,50.6356781,12.98055587,71.52379214,1,0
60.87200309,48.30307921,100,332.2002414,256.79553,91.87237493,13.28859046,10.97778951,26.67871148,3,0
42.58771336,30.51175455,71.9619831,5861.945963,26.4164391,89.67513646,46.41594691,64.75189873,11.67483586,5,0
65.43397421,53.49180114,60.98656332,1112.167667,1375.640226,92.00008347,69.18992153,43.77096464,57.35527607,2,1
0,38.64854034,74.4489397,10000,258.0724214,90.77253431,42.69889934,9.448387518,3.786726449,2,0
72.97531401,17.15117443,52.69438284,376.2138858,1273.862318,52.72247516,20.50442918,74.03645722,7.36218906,1,1
15.20572442,67.91888331,100,9528.251717,271.9864067,21.94156386,46.70970936,79.93251673,13.43249311,3,1
42.75118117,64.3757873,63.60142075,286.2695213,172.8612192,79.80465828,32.85655252,72.54156308,29.61373792,4,1
27.60660211,50.77491465,54.5413336,788.133912,2917.74711,21.37129749,59.83628802,20.22608777,6.59170277,3,1
24.10637049,53.43612032,43.2862199,143.0990944,359.08899,26.72072768,65.46799632,68.9775456,0,2,1
73.21653575,66.11477019,81.94440383,3663.490632,735.7897542,23.32543218,28.87459185,1.072280289,11.61389514,3,1
40.64597597,53.36509485,77.34374826,5697.340644,753.2488693,51.49824037,35.8839189,30.51121397,56.06186116,4,0
56.93007763,63.56026332,50.05291257,1707.860385,657.6457819,32.18275082,65.1328493,39.88215314,8.211398197,4,0
49.06158842,45.53776699,71.5290269,7915.099856,1969.224741,15.41560496,32.82311443,83.52469489,31.49325805,1,1
59.54081654,69.67975608,29.82888064,2676.983486,897.7694347,45.31734119,28.35683728,39.03943731,88.66746156,3,0
51.53643782,54.81178589,63.6994115,2982.814676,413.653386,87.39072388,26.42617736,1.126944619,38.77064675,5,1
24.34015552,52.91077915,69.05512704,5601.115059,1586.609447,57.05528549,57.04077226,35.23464118,48.56327474,1,0
69.92533639,30.94908367,94.14659619,1056.342673,159.7983984,87.83356059,56.18315439,49.89240984,16.34899954,5,1
40.12486834,54.30433781,44.58362395,1312.101579,628.6254477,19.58721851,36.31907939,94.90047867,94.08687134,2,1
18.86836203,37.52067624,34.43294742,7091.847389,2405.440594,16.69738737,50.10170792,94.10343038,26.46763777,1,1
41.43769678,40.4257591,42.09144078,6936.80031,785.5121295,57.55771257,80.54264768,18.08740382,34.29738289,1,1
80.01519581,37.76936558,33.26862999,10000,1358.477391,46.33289015,30.51879686,18.51465417,72.92646695,2,0
67.00443484,34.00647602,86.73314716,6963.417983,848.0381838,66.01726416,10.96514782,16.33814565,35.45664388,2,1
43.02695731,81.87157105,90.9727859,408.7379163,1462.925657,79.4626791,59.10151151,78.89219324,41.19721957,1,1
43.01484591,69.97008593,66.40433156,5207.117861,2312.923121,75.13072957,47.79197672,0.602204037,32.95779198,2,1
43.56729898,78.80551253,84.42589891,1582.077041,254.9769138,94.22611737,35.79949826,12.71771982,33.12919055,2,1
91.53495967,31.65657471,62.67916761,10000,148.7370606,39.82564092,63.04160475,53.79596316,49.26255027,5,0
57.63870904,51.06880625,58.09776705,1917.573799,529.3044704,20.63867422,66.78450289,24.75620669,53.82357973,1,1
58.60083294,30.59738562,53.33924762,2421.206599,968.1601952,55.09126399,5.834439602,9.235645824,23.91878922,3,1
70.60566908,39.56457684,53.79218017,2263.631386,206.1789422,11.07431202,36.94804181,35.98780123,20.8479886,4,0
54.77578318,36.22809525,29.04396887,1164.660614,3.287907558,28.88511233,96.35032462,27.42076051,24.77159778,4,0
44.81915708,68.5937601,65.28509527,233.9562649,335.9780057,20.78880553,61.66809832,51.11043065,4.968649645,2,0
46.07300302,44.05655483,59.1933218,6780.04931,2775.392618,39.65637168,63.52207277,97.92335938,0.239243537,3,1
48.56797481,66.02569001,74.90721448,4868.721843,949.8694572,11.1216575,73.45788557,12.43046368,47.42917868,5,1
49.25555527,59.06181334,61.87046993,450.8183577,410.4297125,3.184174455,50.3413765,37.27267048,63.46489508,4,0
64.55259087,84.55458128,56.74592597,4498.634715,171.1251732,65.67940046,65.9336832,93.19850179,61.77613233,1,1
51.03891772,27.80833665,42.5761394,2949.268745,352.156646,61.02489783,64.36124088,87.68730435,0,3,0
64.65280154,68.8884986,61.44306474,1578.547761,148.9089144,70.8358936,60.78082994,39.42710348,33.87337282,5,1
48.3856684,67.19661306,74.76474462,879.1740875,89.91331547,66.03864403,43.55976059,69.89532645,12.44770111,4,0
51.57270381,35.39931743,37.13322018,5892.532409,1897.911543,11.42946811,53.44117845,8.785701358,43.59343595,3,1
10.03598631,65.10700005,61.74947507,3613.801597,4842.787161,29.10788814,38.23276871,71.25410555,29.55441203,5,1
68.32655349,55.04217445,64.66085903,2380.493529,143.4108518,12.95266099,50.25628609,97.28577295,54.79779766,2,0
56.92976952,46.5878561,45.63870433,2821.508484,44.8522003,84.2972402,26.63018216,53.74881528,39.52117274,2,0
69.9602022,37.6409677,48.2428739,286.4489851,320.0610516,74.69036554,34.18752017,49.8490227,0,2,1
0,39.21335823,64.61221698,1926.904596,495.4107411,20.15270029,44.35375916,18.73186197,15.82285318,2,0
91.7674941,80.74718144,37.33157963,645.8992812,183.3506745,34.13092405,31.12589137,63.37881989,40.14462787,3,0
47.20820744,50.01024228,66.9984743,701.0353432,286.9700855,96.66149923,39.89965459,59.04372808,42.25276073,1,0
72.16365633,61.73195002,42.09291253,3247.956653,179.386051,59.41593579,46.72148046,65.19330595,4.858079807,2,0
29.20188146,38.13650927,81.25707386,7266.003508,1190.699122,80.11555973,58.04524689,2.608328668,1.588507411,3,1
62.2554781,38.30220581,100,1551.318971,997.44285,26.45910348,68.98514604,54.87234883,41.40613344,2,1
28.93168874,66.22977214,42.78486397,698.6320884,806.1800806,21.00529202,40.72431257,59.49348435,4.908317349,2,1
37.52462079,29.75635683,70.68415725,3138.745016,391.7966409,78.39169288,76.70209235,20.75301354,0,1,1
88.28062708,43.77179348,45.4651619,6148.181696,1917.876623,68.58724552,68.77222157,20.83328575,28.87148718,5,1
46.18635198,50.51041117,80.81908348,4138.776229,2792.87688,68.09779292,60.08187664,27.62181685,27.78884772,5,1
54.34865746,51.67058903,34.69483182,6092.119406,152.5791466,55.26345818,53.07298259,71.17215917,18.03998807,1,0
67.40135461,47.31360072,69.61173517,2307.20056,201.8649586,56.35783428,56.38241684,60.62660635,22.40657608,5,0
59.91363776,55.93729672,42.54022066,4181.482928,596.6158705,73.56975053,73.74102301,84.57626461,40.34589308,4,1
53.0083781,60.39283634,55.86030822,452.6938847,76.54870126,27.00024811,74.4715932,29.56585718,21.99592741,5,0
57.29922005,61.01956318,39.3794945,1284.395985,458.7971017,35.27684659,76.69893457,91.20680599,41.76742554,2,0
98.0683117,35.21294287,76.44700942,1480.672561,697.4196836,87.16367705,50.82653664,74.3706162,30.4882866,3,1
48.84762406,45.73767353,43.26039291,2147.993312,590.6387783,30.8865201,61.0993433,39.501167,44.19125388,3,1
54.02198093,67.92144293,71.03928519,7938.454432,321.4676649,54.63095714,76.87093013,9.526206563,61.95513914,3,0
71.01308792,63.41970781,53.11803943,6221.489396,625.4879557,70.2639464,37.5256793,25.69836625,60.98119613,2,1
72.11051866,29.40710823,57.71055256,433.4320759,2551.472148,99.99248268,43.63166293,95.67682172,72.20526178,1,1
73.74060611,55.27219851,62.95511815,569.0887965,184.5549902,43.52913315,50.32073326,31.03633759,60.95367242,1,0
62.77460444,20.32662126,44.76350657,1327.821721,850.9777321,42.80928766,67.99197476,32.99009601,45.96393829,2,0
27.13990175,50.70402353,64.20734227,1030.61567,35.49319353,84.25883794,68.30344301,18.95889311,29.16420906,3,0
82.66863065,78.46650525,90.60669129,2861.751584,54.9798155,80.55031113,45.38271778,80.68506011,30.30597693,1,0
27.07309214,35.78160924,44.43810428,6992.214527,642.0629536,73.10758817,19.82781091,27.56442302,18.05556734,5,0
56.0527093,37.48515432,83.43620287,9833.612553,88.69088646,46.32296374,54.92367889,33.02582484,40.11323228,1,0
34.914483,61.46044672,89.96195267,3180.508877,18.08020898,32.39391202,31.63367725,41.43481084,57.43468697,5,0
48.71723307,26.85797727,43.67690022,5463.426455,150.5233043,60.87304826,20.20127591,43.37282798,21.85830993,1,0
56.57524821,40.50867455,30.8989079,2234.598751,665.6500597,87.62232931,24.72256879,41.13407904,39.06955353,1,0
56.42714431,58.94661706,66.039218,700.8203523,972.1374357,88.37774582,56.52762016,50.37436954,23.06594428,4,1
58.43841508,40.48571228,49.05184954,2231.354146,180.9972527,10.84983451,77.22074722,81.45128796,45.23385825,4,1
82.27422538,46.46045019,97.37206438,2429.599906,882.7216423,42.83502838,50.77789032,81.92850407,26.2654154,4,1
59.07068603,61.16278565,60.69615081,4069.71232,161.1803391,46.47219562,54.22761309,79.83131338,21.51223572,4,0
45.11686729,56.32319125,43.95601184,744.9340721,760.4106128,97.76153675,73.65789878,10.11248391,23.00083263,5,1
69.28174337,54.00227594,37.05680978,1378.071349,424.7678095,67.79980152,19.11090182,79.96788033,52.58321935,2,1
73.78940978,44.91316581,81.79809918,1357.799721,848.5897752,40.72464173,60.40352843,12.02517735,37.58126487,5,1
25.4478437,55.55091673,48.57632052,9614.888858,4247.139131,2.605788599,49.76820431,12.47237701,29.28945675,2,1
61.9480014,48.1440098,60.87657599,1760.663992,2222.138456,56.53851601,61.32114918,94.78627716,46.53511256,5,1
64.02345485,56.86708415,79.1160549,4220.642046,3.43276065,9.607597564,40.33032183,81.93978447,29.63709456,3,0
44.04872993,42.54601962,50.31483296,4168.635494,1733.316632,83.44499573,33.64125419,55.24104669,68.16294734,4,1
77.51413627,47.26146538,59.08142343,925.8763244,55.0435644,75.25186606,52.81017809,87.49702045,15.65334616,2,0
46.99888826,35.15063311,59.6686318,2544.982997,2446.879491,46.05091599,82.98382647,98.93646426,35.32571218,4,1
52.51152907,49.47488585,73.66649023,6741.533278,264.8343621,42.92107795,67.21820209,61.06420666,4.880869458,3,0
46.53856351,37.83498705,71.81488671,1934.201087,385.0585464,89.73389656,39.8461446,61.2898437,31.3281402,1,0
50.31158095,33.28930325,55.59772537,8707.682629,76.89002183,28.84583504,23.18055928,75.44270292,0,1,0
28.07449826,53.87991722,61.27298123,724.1449366,95.27259476,24.90199621,16.35865433,23.21389524,58.65791306,5,0
21.19898235,53.19109664,52.56441977,231.1586388,1037.8669,93.91974328,76.32198904,16.71248615,59.16259418,3,1
81.89010126,61.74310602,30.44775186,6661.740192,2310.683231,80.92458368,30.89835424,75.958075,59.60425434,1,1
33.06077303,43.53311646,65.15201715,5645.338718,754.8236814,82.06255931,43.48973174,34.4904795,40.721812,3,0
30.17215301,56.1207927,97.84383522,10000,1006.602453,19.51938143,76.42422252,13.50703563,18.00323988,1,1
6.932197728,58.26196358,42.32561719,3412.622182,1148.285992,14.32959914,17.72197089,31.48777259,19.9914842,2,1
37.22076505,56.67160712,44.53940581,8279.037708,243.9323333,2.602954982,79.84529019,35.86368679,78.25430138,4,1
23.53820413,37.61519476,42.58544457,5262.507226,37.02753491,23.70415089,44.92719092,96.52276595,75.89192759,3,0
82.8403032,52.24045223,74.49183557,5581.907753,1.499599757,77.41904917,27.0283337,69.79597111,43.06387892,5,1
70.19634179,55.46210444,68.96970908,2525.927138,345.4258497,24.00384188,45.05298146,53.08563174,27.10914915,3,0
36.2369931,50.107677,56.82924615,1445.57088,221.0922561,72.91032836,35.54806437,96.88731387,74.21558557,3,0
95.04871611,18.70283512,41.63961877,8179.7764,51.47529074,25.19082654,58.81639598,90.31397405,22.63742097,2,0
69.63530974,52.40734436,61.84753583,1697.52053,158.3006808,39.5292498,37.03735132,51.20008566,45.7212302,2,0
43.50337233,83.18796559,28.70755745,2321.896454,106.3670951,98.31622899,11.76715578,90.56796354,73.79893263,4,1
0.011885703,44.59941097,62.86853134,1772.390832,1970.939383,24.48117313,45.58874931,40.43046581,19.09153751,5,1
95.81885145,39.07884353,77.43048772,2495.974998,120.9069211,37.63706273,22.86909895,23.04206654,60.73058964,4,1
22.20855066,55.6002284,34.97601727,1907.495118,617.1438214,30.10871805,54.08639768,23.26781768,53.0140199,3,1
17.09202506,54.68567316,29.34963446,147.4685029,719.3619675,10.96249863,26.25739335,66.23155244,39.01208644,1,0
70.45140864,67.89102748,91.58875783,6412.437282,627.3147884,48.98941421,40.23974394,50.10703207,15.16416002,3,1
98.79504813,31.13197766,47.76480721,1763.086629,83.45012674,37.86906633,53.65175608,65.8950847,21.889006,2,0
77.68545637,60.97070379,82.71895692,2667.074897,307.1175402,69.48870858,45.7508255,68.60759643,47.23627682,1,0
61.2781824,58.85633092,56.9200467,449.63676,42.10510503,81.7594547,55.00860566,2.23228729,4.416580128,3,0
61.89508683,47.86780195,56.76090366,10.1807992,402.9077844,54.42497145,63.60574331,5.403959235,43.26859648,2,0
67.06831118,55.08030977,68.76825399,844.2655007,167.1942489,3.219642209,26.84132601,53.26777266,53.5262746,3,0
65.1785718,65.44186222,42.32002287,3658.132876,659.7582042,61.89223562,48.71204919,19.10354778,64.63050432,3,0
55.62382848,63.0847307,62.64994287,313.3978481,944.2268814,5.539073002,0,63.25337688,5.041073138,3,1
52.08402208,32.85471032,52.3702117,7186.978854,607.6345019,61.63563236,54.94666603,55.21857392,72.90618243,3,1
48.74813744,62.3023728,33.59013113,726.3009372,455.6635841,68.50299493,43.98371739,58.57603584,82.38408735,2,1
34.92070822,49.02967092,66.74964149,686.7063538,391.9475261,19.77676276,30.33100473,30.24553798,50.25378919,5,0
44.38649846,51.09311147,54.73384386,600.8748279,1474.569049,81.93461487,56.31438845,63.98435063,14.04878546,1,1
16.14086372,51.09795487,56.85950343,42.24113361,198.1212115,91.10851316,73.45395154,82.94926365,31.79726779,1,0
48.03320746,47.74635517,35.79678113,4432.670416,1060.064106,81.30869641,40.47964505,99.80712536,38.81006887,4,1
30.22817786,67.87561246,91.82800736,6239.153489,1133.344547,30.51091902,31.1037102,83.84443862,46.76158772,5,1
27.92821366,48.7442306,77.53428373,2857.018523,434.6790624,58.66430124,53.30050525,55.74987597,40.54953882,2,1
53.59788302,33.20680807,79.28311768,625.503756,282.2608588,91.48151492,23.28786667,19.34295917,47.02912857,5,1
77.84004573,44.09705216,53.89110595,1007.584856,508.7203732,32.06647262,36.79237259,68.14458761,37.73133107,1,1
68.36633212,52.68042075,25.41634221,1938.371142,78.27897412,82.00278223,74.44804323,93.76537856,46.62767736,4,0
18.58998793,68.43822176,99.05834765,9259.988979,37.614615,0.947513126,51.2435846,21.18665397,28.48691447,5,0
30.20743727,59.04642027,58.77804984,852.470368,94.66943067,0.364670278,12.41066072,25.59956205,31.54533208,3,0
68.81542376,37.24197082,45.02400408,3946.34375,165.7620607,75.97116603,14.06016705,14.90085434,25.59937074,5,0
30.35025213,87.27784875,68.33603149,1736.500994,561.2287267,76.14475821,53.24171385,73.67216436,87.93148836,1,1
45.507337,53.97162966,83.34241576,1060.813338,1513.104582,78.89771879,67.24781152,40.65615034,76.59751965,1,1
61.00104198,69.13086107,59.53898888,1825.95455,214.975558,93.00268379,17.64757083,6.269563889,53.88235475,4,0
30.6331109,47.7242835,85.57150336,221.6072434,2188.690875,11.79063118,58.99425215,87.49499915,73.13272493,4,1
52.10751012,58.00038867,81.65999877,4808.688632,2479.23873,23.1984985,76.60687015,55.76719047,59.96153347,3,1
23.3194901,62.59202757,38.47237625,836.3728595,2553.487363,90.37249204,87.75717976,33.1094292,44.53177899,1,1
37.97264712,68.27292068,46.52419789,3877.451806,1453.970729,17.72361978,56.6244552,34.39829761,2.360716475,2,1
56.39563868,65.86052458,79.15074327,212.3889698,361.8253283,68.22292676,60.13605189,29.02512202,33.445902,1,1
18.14012533,63.082955,5.747748724,9309.855984,60.36863277,53.0463,7.336311447,45.54801724,31.6240527,5,0
58.80949476,45.27369903,57.01088614,643.3505405,672.9813611,8.319367685,91.99505096,33.70416885,11.67312067,2,1
49.60724402,41.42380937,31.38337597,6430.137881,654.390652,28.52636619,38.49019574,54.79463041,2.845943135,2,1
61.04979909,54.98911265,50.46892397,4973.887387,1517.566756,52.03722164,31.33057683,77.35172523,52.31798366,2,1
54.47828268,63.99692109,54.02359822,10000,4415.380923,85.23501167,44.89587731,67.44612834,48.11260806,2,1
77.2828086,46.65918949,52.83511244,1949.634754,567.6770739,70.75384896,80.23346828,29.44568928,10.8150755,4,1
52.50449005,65.97757949,48.95477496,3899.219498,338.7452717,62.18831615,94.16092095,52.87410115,21.35303734,1,0
41.41188918,71.78925118,38.05712701,1389.49237,164.5393382,49.60328899,52.50817359,84.01261599,69.03055683,4,0
52.44595006,36.25518621,100,611.3768939,3.849104776,29.86839838,69.96168345,6.820623474,18.05758716,3,0
60.86596058,37.44618944,97.34924008,1755.97912,569.2341847,11.92449113,50.86408097,7.829726699,44.2699726,1,1
50.97720141,47.89437412,36.75868359,543.6629433,648.6777758,40.90760346,29.24409054,55.6170068,35.25554251,3,1
50.81183382,54.61419002,91.64233503,10000,1394.094258,2.851849391,79.53487342,63.91151284,52.65908678,2,1
35.96016624,42.13149479,52.01069019,303.5958689,561.8746169,21.10558893,37.55745039,21.14130158,18.59730868,3,0
36.74198165,70.28304018,62.58374947,2669.032018,1986.023729,43.24833759,80.71061547,74.52201267,42.25208694,4,1
21.94789456,56.36100292,58.7345208,2954.221518,791.2686794,41.86051857,75.9708266,64.6263377,44.21806443,2,1
84.99153486,50.59170572,46.80502717,2317.08772,1467.748131,4.4295431,62.28072528,92.32892682,45.75452016,3,1
25.12273529,28.46135714,79.67704687,3255.778478,128.418371,58.90601535,86.57949513,16.89542019,41.97684645,2,0
36.14189604,30.26276275,62.51773061,370.5082016,1546.673894,54.96842559,94.64692066,75.13742654,48.61523301,4,1
35.63185469,54.21513875,50.46897154,2429.167875,899.498259,7.810430402,46.49513274,8.364309058,94.7942583,2,1
67.89848754,18.01106561,33.90821112,1015.716118,149.2883037,94.31630525,33.82411763,56.52924095,100,3,0
44.10100643,65.18956114,42.12809973,8449.048257,168.3433363,9.938277895,12.71460325,55.18951395,24.01959648,4,1
74.95484145,47.62769233,27.17239769,4307.357147,2088.382636,85.48341512,94.89364511,38.83850446,0,2,1
36.53018752,98.64639454,60.24447097,10000,26.19655701,0.030973192,41.20635982,84.45711477,54.88738252,1,0
55.57988324,84.61874376,36.06668815,114.8384064,496.7132255,88.2281095,72.70073714,0.437064479,44.6563115,1,1
33.29305893,47.27826396,54.68878975,1006.977038,300.8904481,1.97197322,35.17489265,52.01794019,66.52604648,5,0
92.90298256,48.40494496,87.40203707,652.3142752,875.0847504,75.78120319,80.76531282,21.71535498,47.12214749,4,1
26.24803162,64.93372271,83.98599146,33.65179879,1464.214252,36.16908113,35.99764816,74.34986191,41.46509849,1,1
56.1964142,75.54758915,59.35446212,832.5051269,357.5024737,73.82168001,26.16561733,4.306742631,68.2226649,3,1
62.67553762,25.42956414,58.25830548,3406.849586,445.3589597,40.17452054,45.82987138,83.15546882,71.71951471,4,1
58.27598195,23.20436802,97.59749099,788.3398489,3210.261114,7.090792233,39.36448598,83.80922267,5.33599853,3,1
46.29424682,40.66947792,70.41512241,2133.954505,1225.672333,76.75066954,61.92599571,83.28660124,19.58484532,4,1
47.40358601,58.74106375,53.4438708,6562.901254,1820.008089,7.125268532,48.97210146,15.25685267,37.36017602,1,1
50.87622944,57.45310386,31.47963766,3550.138139,462.0884913,92.2120436,62.55404789,63.04065186,42.4609406,5,1
47.05995997,66.04657182,67.87746436,1505.741704,213.3380778,5.097403579,44.17957054,1.436735918,34.35041992,3,1
69.27758234,32.00453707,76.58647545,1397.886328,424.6369251,47.93252778,36.69785258,84.79625913,50.85517945,4,0
94.21046003,15.25784206,47.36696951,1824.961542,1007.283798,72.30344309,38.32878904,72.29751935,64.90261973,2,1
38.8501643,62.87021293,65.8240551,584.5482997,92.71522112,39.32464648,90.89877596,53.11537309,83.06774277,4,0
22.60394041,37.57705591,52.7285341,3015.372127,252.2828495,21.72334746,54.50341864,73.05914331,54.47282559,2,0
48.23435903,19.72268203,56.31935202,1358.391078,38.20671369,75.90909614,10.32475581,9.432409665,18.69165804,3,0
100,52.17595619,10.24355885,5739.0439,452.9970105,78.42947048,39.59581973,52.86558322,36.31559437,1,0
33.92650864,61.89763532,55.56437193,4238.563869,1405.634814,92.2694984,51.93732065,29.12764918,38.11619397,5,1
82.78233611,48.16914302,79.38738605,2828.775635,19.97834591,37.61651104,86.90799363,97.26194632,52.866006,2,0
83.55401628,43.13227421,47.37194889,1358.624179,899.9408476,50.62517345,70.57397432,85.71179506,49.70420084,4,1
38.92823517,47.60956652,61.05052736,706.9081447,2156.453252,36.31284428,31.56564327,73.32756958,91.25991628,1,1
61.37966158,44.44125856,44.88098587,4490.362265,216.322165,25.70818219,98.36711507,93.37476352,28.46217162,2,0
82.56793246,29.77929332,67.20883353,1998.984729,946.382046,75.10329615,49.3767927,34.68433046,49.61876334,4,0
42.41744518,39.27978985,55.66953605,763.7093107,2954.371062,33.9651845,74.92659622,90.0879899,98.86778494,3,1
45.9283928,57.81919858,41.21516919,651.3898146,2622.010716,42.8149442,26.89983005,32.52382321,25.36982758,4,1
38.36638172,54.82517812,86.65102935,542.4113837,214.229513,40.36736576,2.036738095,73.27967197,43.6287174,5,0
29.70486539,52.52089709,78.57864027,4503.919866,84.58273618,71.26612256,21.83137019,73.64169118,16.37798747,2,0
37.0144491,35.07277277,47.90186472,780.150854,128.4003395,91.77956261,0,1.834987645,42.05217249,1,0
25.52119466,47.27745257,69.95576619,2243.711587,968.625194,66.67560613,92.24178655,36.10596983,20.4945713,1,1
50.68166937,17.3440243,70.74824006,1801.957578,1034.998034,47.15825961,54.29065838,1.943267241,66.17002259,3,0
34.60053538,52.67714996,72.8460247,2599.723699,897.2670482,77.92051147,31.50711963,99.70920176,43.68297148,4,1
54.67571824,71.43286562,26.11488208,6290.49321,327.6729522,64.09713241,59.0524806,12.21967618,16.6150685,4,0
18.88208708,27.88801802,80.13213082,6069.124421,148.8486936,6.061035712,53.78668072,54.28108956,61.01419244,3,1
56.61760464,41.2110849,48.60602074,1799.386234,695.4514682,9.566358642,62.41866791,79.05562388,44.49165097,4,1
66.67057923,54.93660168,52.84344133,46.45660534,528.8235312,3.791694407,74.19062802,20.12636023,63.82046943,2,0
10.12528715,68.79263952,100,1667.698087,1044.019714,45.68163262,44.20157694,48.50526681,11.3084343,4,1
57.4811314,43.27663076,66.03746761,2795.687106,465.800129,82.58534343,32.40321388,60.74287609,49.22061031,3,0
74.55337985,39.61624506,52.27355049,2447.739958,330.7651971,31.30831694,66.55550429,16.02047544,59.33354237,1,0
25.80717963,20.46615286,15.89411254,3160.940624,277.9214041,38.41601831,66.04665556,77.85554599,29.41556274,2,0
83.45144774,51.55157194,87.79528268,501.976325,190.0681858,90.94771084,52.01471616,29.93364572,8.524931826,3,0
58.38038019,80.6311406,33.09580658,3119.913264,247.1206188,83.69034453,93.55108377,21.10230763,38.95981262,5,0
35.89976288,54.16037693,39.93122193,605.0695793,79.70639395,66.50481124,41.24355754,55.82887464,70.70288234,5,0
48.88461845,49.66581531,53.37295402,4165.17745,340.7673609,26.68037821,32.00284057,41.03136276,68.14825827,1,1
61.16653825,54.83123466,88.32823583,1242.401983,29.80420064,11.70414827,58.36182855,92.02859446,29.28928913,1,0
51.52010783,49.83361994,75.46479973,3712.541539,165.0427632,1.605882268,36.50124286,88.00626982,7.922864091,4,1
60.77511985,37.80478442,56.8432498,147.1472296,1098.767094,10.70106726,59.91033048,48.33506634,29.22050699,1,0
31.58652814,62.34919874,66.16584127,1572.036686,314.9901021,29.25964436,33.33983488,35.92637747,28.28805873,1,0
53.38721648,53.38642285,47.99228614,3662.690862,882.6675773,55.17900636,41.99515434,32.55179816,51.16116958,5,1
21.72571006,50.26419878,62.79307379,771.9262093,1009.519353,6.400008275,87.8168084,26.75636231,37.37496243,2,1
47.77547877,35.36950959,61.4667349,4758.439499,696.2614419,13.62277783,41.88825287,54.45478537,21.16839471,2,0
31.92184717,69.55261898,79.37539791,2989.085651,2549.470474,18.10807023,34.02296912,80.49786047,67.60657668,2,1
35.28940115,59.97054118,79.34356245,2657.006505,17.33843151,63.1982093,73.41357577,31.07566082,43.51064669,3,0
74.7218635,41.70618744,69.87954764,1308.772953,1073.523933,61.5789799,28.97916099,19.00940897,50.88539132,1,1
71.82620241,65.02737281,52.75304885,1975.955944,2551.194319,55.07657264,36.1411354,47.54838062,0,2,1
62.18276242,42.53643742,74.83644589,2729.057534,1585.978071,25.05014247,61.53122241,6.90344168,0,4,1
28.15374471,38.26994761,58.16063068,1918.603783,147.0350962,37.11196912,68.76822848,70.12790061,4.061355464,2,0
43.67183101,38.60445324,38.36171263,3595.09889,316.5943847,9.668971634,74.40952782,51.83582663,27.98641436,3,0
74.261954,23.4339717,51.93424416,1705.877671,151.4303791,22.64606038,35.05556336,49.6374808,54.40890044,1,0
52.83433827,57.07313571,61.69053968,677.9672195,735.653602,89.77052265,61.92017346,30.04453796,0,3,1
96.3865908,22.53282682,78.20431567,722.1427329,996.3581817,97.96917464,40.67783601,90.46734375,79.82130161,2,1
57.86635679,31.57334253,56.32943656,17.46202848,305.0947465,64.76595856,37.88688733,9.048629185,44.26415067,3,0
53.84098233,18.86617986,35.81602578,1074.132137,620.3653593,91.6823292,74.06425565,86.98240089,74.00737482,3,0
43.81767072,48.70895461,61.13483367,4145.922804,939.3255843,64.27419004,39.00891208,37.67052024,17.85074794,5,1
52.6708181,47.7451931,62.2691208,4742.007813,437.6319011,3.319648611,55.56409192,88.0623516,52.59649835,5,0
46.95060327,45.0995568,63.71675258,678.6982368,1539.404029,99.6762585,53.11158938,72.87614583,42.12989825,5,1
64.16217353,34.36133458,78.39743032,9585.770649,1181.150102,9.895230169,28.58491247,10.41707267,60.44215783,5,1
69.13404634,32.4164937,80.3784648,2093.893054,53.48088523,68.26418014,69.32185711,83.15362865,34.15521581,2,0
34.28021079,56.96554795,48.11578255,7465.976004,776.4397864,25.28362031,61.20561787,68.21768337,51.83038023,1,1
23.37534093,41.74172102,47.67713084,3680.345715,214.644074,39.19811129,10.27418776,3.230191292,67.55488297,5,0
13.27589254,54.74537482,39.19602578,3845.083373,652.2848732,64.59341848,55.54842222,13.37026821,23.72059265,1,1
60.15982654,36.72126971,73.97631341,266.6366652,2515.171332,43.64873493,34.54053132,63.56280558,46.05610581,1,1
27.93266788,52.71594114,88.97640217,745.3499508,1689.981839,25.05460589,71.94150613,66.26005029,0,2,1
6.942188141,69.54917056,53.69836144,26.5617413,414.7051485,33.44461869,21.09200326,74.66514328,57.56257548,5,0
57.77157209,58.79248701,55.17138871,3777.69174,275.6998241,34.15481169,42.87046063,72.02454008,88.86656359,2,1
99.85999035,43.81379273,89.33565114,1266.788508,213.6823536,95.93239045,57.24049102,65.95199547,8.889098806,5,0
49.87858177,53.85798456,70.11115706,4634.499188,608.3101902,79.86130159,51.08680588,76.62389017,37.71546849,4,1
66.76981549,46.39002238,68.7247141,1241.714861,97.05503119,45.85487715,65.25916513,57.50857059,62.01203252,5,0
51.63658717,50.11820277,36.18166988,5133.311656,637.5183197,19.98209203,19.63156028,26.07913855,40.78543684,5,1
48.02220694,45.11583422,73.57456139,420.1949403,1.067623664,81.10161103,83.03828674,91.23766137,44.12748879,2,0
68.38152966,47.53497191,41.41727319,571.2057094,313.0718304,15.71824716,60.50289318,1.821403093,30.22501396,1,0
44.19450912,53.1814003,37.31959628,1250.533251,198.7017198,21.04622171,77.19436426,36.65617199,29.29619367,1,0
55.34784628,35.09961951,53.06456846,1575.216826,2838.426027,36.60133918,67.48480338,72.88702931,37.83264616,2,1
56.43395612,34.7618176,48.28414553,1286.367688,1039.337196,88.03481959,49.76779771,42.71560411,41.04178555,3,1
36.63819093,29.17186169,55.56800611,4327.286899,344.1998379,13.17866686,24.31603578,2.483440748,10.46396846,5,0
69.84084699,25.99593343,31.18036731,305.9366948,77.95363664,12.22341929,38.72893638,6.598090312,38.34945035,5,0
46.50080487,31.74075962,79.17632613,1297.971027,581.8606905,49.39749883,81.79126666,64.86373691,79.21334847,4,0
34.88509681,52.3919376,82.55372589,5446.435659,192.0770337,27.64105411,77.70875563,96.48645994,29.52165516,4,1
60.73019687,36.60818727,21.05315052,207.3978207,615.0375208,56.87279416,37.6080004,55.18636358,9.068625428,1,1
32.03064036,57.70421696,79.56915611,8559.757267,1443.206645,45.16366847,0,50.6757818,36.2145983,5,1
50.56362315,50.52070623,43.7894274,10000,765.2581147,43.49591064,45.74620531,31.83252131,22.1346797,3,1
49.81762007,20.4724368,77.13951074,278.215442,803.6352191,11.19729705,44.24594224,25.66906739,6.541454367,1,1
71.71791132,59.82463376,58.63107015,1032.852606,623.0168483,14.10496902,45.00454776,2.098498176,43.47921154,2,1
59.49396466,62.16197968,60.57551128,1397.559958,2096.753022,82.10785774,60.57078404,27.29548676,22.24294907,3,1
49.49946083,35.09205988,56.29804701,4493.57381,2149.453988,88.58827376,67.52425159,44.91104409,24.38214583,1,1
66.35532598,56.30287314,84.24258408,2718.477778,575.1383534,23.46835329,69.80599094,19.7949783,43.83568451,4,0
77.80415098,37.15252644,35.20823975,3101.556974,291.9494546,11.34605015,58.9141828,8.734798848,1.670635116,4,1
61.15620613,51.46505565,72.15680677,4250.382228,492.3373022,5.341667193,13.98458596,71.77278673,0,2,1
50.2070524,31.0325239,82.0266033,376.6182393,165.184435,60.82976137,43.17600535,89.46202691,56.77180486,4,1
23.76327535,23.10340321,74.32680161,5373.04946,809.2382242,71.53532125,96.08179567,93.67720697,0,2,1
28.69772674,44.25774216,100,3668.649492,554.6654953,37.28099892,57.4843347,61.79987285,15.58305762,3,0
43.89550591,48.14406581,49.42106475,2583.573862,87.22756311,67.96758675,57.35639137,5.27745826,0,5,0
37.80975596,44.0348046,79.14609645,6614.615267,176.1660735,71.29588156,57.1897188,74.086263,27.84658833,5,0
46.26057394,32.23954163,57.87818729,3614.983517,522.575153,93.53422814,58.30759245,11.00953053,50.70146869,1,1
51.1329985,44.00151407,84.66812153,675.8122966,1748.474719,6.487363784,2.337756378,66.97481177,42.80844872,4,1
60.59385509,54.03942129,59.84622009,1685.016954,668.4891427,19.22917232,45.20951366,77.93658357,99.79683474,5,0
48.59002444,49.32660455,52.24248436,2043.909992,915.3941606,6.85259876,49.24214336,72.58647108,67.17289044,3,1
59.73003288,52.73751546,86.12144408,170.4020126,331.2357054,86.79939333,75.62990799,95.18838058,16.72105375,1,0
51.2894883,39.94827199,50.16876122,9279.209403,677.8062226,79.258716,50.95345789,73.81462845,10.07362488,1,0
10.49066867,67.57576872,31.74548482,412.8842118,474.4674829,57.46420706,17.06977227,69.3209778,100,4,0
31.21329212,32.35739995,49.66306234,3586.637902,861.0030798,8.366341005,58.60178312,26.17431722,66.56430014,2,1
47.11824889,57.31340446,72.38065893,2117.062667,41.51946962,27.33123587,33.92350704,92.47686864,54.73424018,5,1
25.80610514,67.72836639,87.84077503,77.89943924,543.8692746,29.77198481,25.66428718,17.95438708,41.87129531,5,0
61.9985746,57.21362139,62.22258751,7760.717498,280.7731578,56.0743196,33.31681907,90.48966115,46.83803919,2,1
80.61501665,46.96213659,86.36394134,5728.322909,315.8398219,25.8043894,60.85008459,31.26625433,2.948168113,2,0
74.37523703,42.0755443,32.83650157,2228.638311,2593.662985,7.295986391,75.1752248,13.01635939,43.92597925,5,1
45.73114258,65.54131477,51.1347307,779.9763516,161.3941661,73.07623019,59.6585989,82.66830273,41.78078494,4,0
79.81452274,28.65537612,54.22849766,389.0378043,298.2960206,29.90802117,62.64046447,0.24954536,17.39652892,4,0
52.97334914,35.44813609,57.70881145,1354.805852,570.504543,45.2374177,59.46090546,83.20883177,26.53683866,4,0
43.25828058,44.03663352,61.68188777,884.8382994,1590.376859,12.7666635,52.02654354,26.2311842,77.87940984,2,1
37.73194673,68.56480636,73.81821915,2119.859802,431.2018861,80.25483034,63.9386127,88.47212728,36.87062699,4,1
43.95060627,55.69651454,51.10386324,10000,1089.641381,56.55318769,1.624490659,69.14791822,91.77928256,5,1
42.23646363,35.47931362,62.78057374,2566.670065,1552.434611,90.15856262,52.22176703,66.61833329,0,4,1
53.40832445,45.34538442,59.09754219,6619.945035,296.8699086,49.54715631,29.10149931,36.53195632,26.94674534,4,1
53.21147962,40.78515284,41.48220192,3157.00874,399.0520107,94.14256718,73.25805145,5.940297389,1.318036219,4,1
50.0609204,39.35316512,57.72666622,1934.480103,352.736502,89.18682044,47.0568939,83.00730982,9.764438653,4,0
58.73876339,64.68334338,57.1268094,5784.956186,1431.118734,57.64598565,50.61896177,17.09037952,19.29485736,5,1
73.8129255,29.42385306,56.6983887,1912.388849,36.28820646,93.38934381,19.89856251,37.22586419,47.88274067,3,0
68.99108271,74.13171284,60.63518913,6089.17075,295.0224148,32.30887473,70.33661778,60.03546855,46.67065428,1,1
20.30204063,62.42344535,61.51347081,1034.140742,910.0701853,36.56421627,62.54656241,48.22537386,23.01774201,2,1
0,66.36292506,51.35409642,413.6961423,666.7434458,4.547795131,61.13895765,19.86606352,0,1,1
68.68639822,43.05590732,85.45429468,5799.577834,458.571366,58.92009068,33.73954296,14.06163569,76.94232183,5,1
22.66242603,47.75088921,36.61038742,2655.940292,621.1329971,72.19239699,34.5272031,12.32462723,32.8558821,5,0
45.50469196,28.50272278,45.58059783,6597.173523,176.1030659,77.35191902,54.47198909,86.30078815,12.09274574,2,0
26.59773948,42.13006389,100,8333.513359,450.701552,14.9816286,36.1100318,3.155954906,46.87326953,4,1
13.96039125,57.40482271,39.2401729,165.3598951,557.2471699,44.41590723,58.69785925,97.70142596,45.11112926,2,1
60.82925456,69.44094593,32.92490651,2085.262997,1851.638063,17.68632121,6.781747945,19.85286904,31.93308838,2,1
65.18310321,33.39264775,74.6895349,1409.840728,241.7874628,66.21273489,40.24910887,11.03222969,43.71327539,5,0
38.46979199,44.51741095,18.45760292,2949.362807,1618.923979,15.79463724,85.93506931,57.69716548,11.12425399,4,1
0,47.7305117,55.2945218,4733.689791,826.8022963,90.4163684,58.78971656,7.998595794,58.99782108,1,1
39.07511103,29.06316197,100,987.9724427,16.44044369,23.06346457,53.33587329,60.24532632,15.07832263,1,0
57.83608011,58.87023863,29.10128156,2441.191495,1031.715589,29.14022663,89.70453071,85.06266448,24.86075862,4,1
20.42176862,39.14014502,20.36071029,3700.499194,28.95938806,85.09063222,3.280927624,4.789802147,56.2200454,2,0
53.6671984,47.06914473,30.01637596,433.1048416,4756.008908,45.84676101,33.6937777,79.98686045,70.09897413,2,1
49.69380302,43.22075942,77.96719137,5047.105138,1648.56924,2.39959458,41.97653657,39.4477441,79.6443642,5,1
61.58582999,38.15992241,82.4955344,2795.047742,282.3099833,49.45862512,67.16702466,15.94906338,66.39495596,1,1
52.39160737,49.89432522,49.74822406,8959.57064,238.0902881,8.454333538,67.51312726,17.60964803,31.8981954,5,1
30.53862118,46.76585632,73.66424808,1244.405819,384.2902659,98.53447187,32.67986582,91.87645437,1.474173272,3,0
73.93143003,44.42213177,87.80510655,343.3583168,352.2526795,58.81115705,69.95908644,11.06057519,75.12638964,5,0
46.82940854,39.07307567,95.74692829,2118.704561,372.6025477,25.65326176,41.93370465,86.67827871,74.26739972,5,0
49.45390921,54.79287006,55.07329438,269.1530874,306.504957,56.37176795,74.23279251,54.4244621,23.20059617,5,0
31.33464082,74.80425903,13.97056565,10000,776.4569063,7.686710338,29.34714604,3.905617882,63.02972595,2,1
41.13435498,52.09830849,43.58242155,118.3592902,143.5536823,79.98913043,47.53376802,46.44761457,31.69555515,4,0
32.30394572,64.94177322,51.4639161,4201.227335,1496.544965,92.53280539,40.19665369,81.74495145,77.53192209,2,1
46.5410788,29.14667112,54.82122407,2233.96822,1338.765187,87.44443882,71.12060743,72.62027876,27.12838344,4,1
84.2341696,52.36642159,56.24281198,1379.545237,517.748938,34.17576023,39.54437567,48.87824177,89.46628219,5,0
22.56197714,33.53947522,82.37789196,204.3295988,1532.389925,32.57681196,49.15102942,86.00498797,59.65301369,2,1
17.72877204,27.84612609,85.48856853,2919.908338,227.1061807,3.508761122,60.13622795,12.03647618,84.93862112,3,0
79.42340655,38.90942889,56.56652692,2640.023442,14.17724723,65.14003587,60.90516966,90.99410534,28.40506826,3,0
45.81352646,67.87849002,81.96969752,989.1947647,772.4014302,53.49047842,67.73905215,84.64412085,50.12574011,5,0
36.61854523,64.25023743,67.15322733,7231.23599,489.8577166,45.93463713,54.22249554,70.82768257,15.76802004,1,1
70.79809375,53.64507083,61.29011946,1087.691063,669.9181102,90.76309533,41.63502169,81.78877421,61.0997313,2,0
37.88768921,27.0094916,78.13088314,1792.013616,1836.800725,16.78789011,43.00602509,54.38155068,62.47603832,5,1
86.52019427,47.05579023,61.44504096,2354.225025,2803.264071,0.966626669,50.5134463,67.51624291,99.92559796,4,1
63.55851743,54.52550013,100,316.8545738,805.0886395,7.331645212,54.99184952,56.05980707,52.05099493,4,0
40.24177184,52.63304344,31.23177666,8071.88589,1155.327242,22.33714378,47.05656704,35.54285305,58.10235506,3,1
93.14616427,22.34309625,49.69658202,1407.785245,70.02384194,3.328554926,50.38406842,56.88607974,28.22924059,1,0
37.88570154,36.64523228,57.46962206,252.6868183,140.1645096,50.28437106,19.65492279,25.74653325,53.53448432,2,0
64.84190744,49.03883354,68.78905381,1469.596361,1057.01918,31.40904552,63.34710569,44.02791708,30.50271978,1,1
55.98585161,58.04436364,85.35920974,2750.391684,451.6138637,18.04830081,53.62224578,28.07754073,42.89651897,1,0
76.03482579,17.05808268,59.51202866,2162.49673,472.4223243,75.00840749,70.03740827,12.28877895,44.36289154,4,0
81.23022393,47.56814037,31.55540701,3557.828713,295.2382895,20.44513262,50.00321015,32.18618564,31.19237817,4,0
50.64008298,52.14573155,76.85027793,171.247772,747.8823254,68.7605101,15.23204843,85.19872182,41.57362741,2,0
34.93164259,62.74417983,75.09917532,1004.491318,163.8157568,34.92649058,42.83107621,38.10807706,30.61762076,5,0
59.19944286,60.39286376,21.16282681,5131.598895,788.7619458,51.18277607,46.00140154,74.8003649,30.50672187,5,1
36.4456926,58.73856978,59.92391733,249.7981766,152.7336166,93.38670399,64.85806611,17.51978542,66.91661629,5,0
90.26774495,38.0008924,28.19716339,5803.13573,52.76316754,3.735163482,8.59452911,42.44191592,44.38534105,5,0
52.73070662,21.37996794,46.70697805,289.1894127,320.8092583,50.02645075,50.82359034,11.48560693,48.67665681,5,0
42.69356897,44.10420864,41.94382146,5395.522426,210.2774604,85.44229603,60.27350432,13.86210634,3.567380775,1,0
53.69360612,65.02447738,76.18529396,1342.559216,1758.519802,58.79742484,36.77024229,61.74363799,50.5864583,4,1
23.05747421,70.90181791,62.33660348,2841.866722,45.21687803,27.6870517,51.4925602,60.74818174,53.2605866,2,1
30.56771923,60.65823653,34.28817998,497.7639531,155.4638393,39.76811351,37.45926982,21.33719074,30.04153443,2,0
74.00827816,56.44011234,77.60131926,205.378504,636.5331324,68.02656287,35.40854134,47.44231943,92.12574191,4,0
36.86211442,55.69459473,31.32388352,729.802321,524.7846931,89.08118943,41.831603,86.3306167,0,1,1
29.06178035,41.6582188,66.60227581,410.3946873,37.54920204,4.106637375,35.78616015,17.42015087,59.60917839,3,0
60.73305505,48.0490956,43.71978661,1123.669748,5.823083776,7.153882189,63.67236624,1.921053307,57.82012012,4,0
73.71408309,75.03604289,52.68645835,2167.006618,3542.821239,32.50515236,35.30096246,65.19951407,53.5395733,4,1
64.37906621,35.86162991,70.08541496,2665.730967,860.3105356,23.27796844,31.94179986,5.349820809,44.40531764,5,1
69.92095372,74.22168186,70.42898798,4680.059656,363.8160487,26.49308862,85.35857334,97.99402386,53.76698307,3,1
34.86409823,45.16957768,86.73938147,3203.433687,508.5553335,22.12699986,69.21480024,60.96202838,61.70438699,2,0
21.56378667,69.88148164,58.35492601,2815.289447,247.9968114,19.58250489,12.76973279,47.03963528,21.8528104,3,0
80.02667304,28.89777486,66.12901726,1591.973095,338.3418922,13.06239669,34.7046342,42.999254,47.47989055,5,1
43.54640322,58.78856302,51.24525355,1926.269821,837.6766007,93.39541318,54.84925943,57.30706585,35.41707895,1,1
44.98333967,38.94844796,63.63979765,1605.974016,1715.179264,14.41894639,56.47510134,9.062443672,12.65578999,4,1
76.56388284,28.77099212,68.78972096,5538.634865,162.800223,20.44037748,20.19014269,93.00190588,57.92924937,5,1
61.12460019,53.27801064,58.03380305,784.0960556,1467.874743,24.6265724,73.17130986,62.56420686,25.89098938,4,1
59.11775544,65.14207683,23.92499032,17.21207626,103.683068,93.30148731,66.50448838,18.39784976,2.553533131,1,0
93.3000469,37.32587842,66.62941793,3160.801164,193.649324,75.57141336,59.63803264,56.25810538,26.52223348,1,1
37.12963539,27.51476059,67.29122955,678.6780804,30.30712532,78.96994303,77.13456981,13.32565058,20.02752755,4,0
68.55680256,48.62232853,46.39653047,6624.966465,121.413889,10.47582595,59.04579985,1.755271756,65.71197523,1,0
51.1402625,48.68847007,34.31225928,5877.972066,1994.05897,83.6309875,58.97161759,63.05169852,43.82982851,5,1
55.37184558,58.22479441,89.51758301,239.4921492,492.1178569,40.81930818,81.15358544,64.84833419,74.55956864,1,0
80.56936853,64.24391857,69.82891022,337.4521685,64.67817216,26.28230262,72.02439161,58.36965828,23.33609422,2,0
60.15671513,49.10877228,55.41837938,2050.610082,2569.655991,57.57500835,33.16985082,18.34832044,61.8542468,3,1
60.76592158,77.83254972,37.25934234,2818.852054,1689.520931,82.21829058,62.66390357,60.34298585,100,5,1
71.45014675,53.36352117,43.56370343,964.3716032,1124.161659,77.86521511,36.7146427,5.651094092,48.90081168,2,1
42.70094541,44.80360241,86.05180794,3784.781564,2168.115417,88.99974826,60.08309102,60.92383556,61.54122156,5,1
33.21580665,25.82648961,62.75323882,2710.982633,198.9018378,92.8132186,59.53227014,55.40170191,57.33794161,3,0
29.10381612,46.0601072,48.98825866,1178.346132,1448.114542,23.81220714,22.33065375,65.52548308,4.448116814,2,0
10.67286821,44.95419582,70.19378462,77.0966819,936.9236664,42.38578942,47.56308777,89.54756058,54.64543244,5,1
91.1241426,64.40457194,43.71203625,4160.687001,1630.696492,1.462853921,55.30514047,85.03581052,47.66140802,3,1
27.93583269,56.93725436,90.01686061,725.2734268,1275.291006,87.93216593,41.27419618,98.06541916,33.50631542,2,0
45.57492753,32.30946318,87.0560107,5395.876341,340.3241532,15.45721515,56.29419885,97.62410329,17.89909064,4,1
44.463734,52.5838158,50.66851858,1635.683247,1191.18822,86.14748123,66.11795554,77.23196934,57.34958101,3,1
56.14813396,60.07296758,47.42659506,2581.698589,243.5439539,32.9387322,49.38813872,95.64196222,15.68990651,5,1
66.31474425,72.92047039,7.637336026,6189.493729,318.7028175,36.813359,54.49198953,86.72838859,93.34114012,2,1
67.20946977,63.31255951,30.36838457,5976.996529,91.34676305,3.913225448,77.66848157,72.75824499,42.85422709,3,0
38.33845123,61.41269981,33.2106045,1393.351192,2187.637929,32.68787898,59.46393166,7.538425464,9.417323805,3,1
46.65756572,50.90128992,62.70380682,702.9505702,275.1235971,88.83636828,54.01648579,4.904988827,27.15009304,5,1
55.65159901,55.82468008,53.47532591,4476.912966,588.2134553,2.554740112,30.83841241,83.75995675,33.04664154,2,1
45.02617748,68.74257351,33.09329025,1702.612313,397.1869521,40.6327473,63.42052023,48.96558579,100,3,0
82.14691152,30.00833904,54.37671915,639.7355821,2573.664362,3.139962981,56.60299899,81.46066844,17.88527633,4,1
59.81949903,44.75841009,70.10674295,7043.542743,326.4337459,37.09234251,75.67478867,31.29182707,37.09456842,2,0
64.69755572,38.41146877,70.556787,662.3297927,1206.031664,17.26406408,50.93757087,39.76498583,26.55429075,1,1
63.25762537,55.68729678,22.00659438,78.438047,1547.116556,25.22183933,13.67467,70.0186721,52.48146214,5,1
73.46947715,68.45333263,57.43473039,61.46530696,457.602857,87.75983732,15.99758262,91.53267369,26.95291466,4,0
53.62043117,41.0453857,32.33318446,2921.087124,380.0731627,43.60492206,64.71361528,8.776147448,11.52358335,1,1
24.06336104,14.14543449,78.03457394,3251.245459,1101.854442,27.37979914,38.59612805,86.14781446,35.11763551,5,1
57.99375904,43.81668882,75.68292833,1117.723619,1952.521797,58.9338378,58.73535502,79.30127249,32.51515392,2,1
36.97286212,63.70210598,42.03945547,1157.035925,1124.974773,14.21069598,52.28465289,31.55392707,25.19389056,3,1
39.42766637,58.06444854,44.67909595,1244.246827,206.1117744,25.93916074,46.66320665,35.52166141,26.52974103,3,0
61.72728038,56.42279372,50.77465899,3419.789594,1753.606348,54.62479676,48.07277429,4.646147722,69.61739495,3,1
74.76566143,45.80010047,14.94413211,179.6761296,392.271744,23.75230418,32.6922099,1.574061112,32.00649464,1,0
50.42543153,30.81453896,66.71936347,7940.146549,686.8504286,67.91277374,49.68444622,47.70061264,11.64680844,3,1
56.17666025,57.72941482,54.54310907,755.0961053,1424.350017,49.14913023,38.31013134,9.55396455,28.44710091,4,0
84.04429889,37.48577285,79.40350165,10000,166.992979,77.19890703,42.5548696,19.40018144,41.35839149,4,0
54.81506359,82.761451,38.03181564,564.4975017,1227.873123,94.82445357,43.52701911,84.67671995,6.593259086,3,1
100,58.55760813,47.61754104,4429.267211,725.3947579,11.58048893,45.4661346,57.10283913,80.649449,5,1
61.31019291,41.29027546,29.86949484,758.5380464,1790.499574,33.466501,68.44346913,63.36324373,61.68948694,3,1
14.78474482,40.82922129,39.91418873,252.9074081,150.9651029,31.95490629,47.40418342,18.74793308,75.75431859,3,0
65.06683242,48.6058369,36.36036008,6236.724836,436.7233108,15.11829193,70.47404673,82.86618045,49.80320314,1,1
57.6231677,46.40747117,79.91947358,5871.698471,1431.057875,81.03031373,80.75709903,86.79797724,0,1,1
75.79505508,66.75250663,46.03476302,1550.382161,15.53523072,75.9878704,67.09889302,52.33275937,78.38334292,4,0
63.46362703,52.79624255,62.48351369,3635.976043,95.20826086,48.44254708,60.6893707,91.25577719,18.41079101,1,1
47.23088032,39.02552392,52.38473192,2443.003057,3730.68132,53.77707778,56.53664419,84.4828625,20.4453314,5,1
25.51403527,78.35661028,34.61069468,5751.072571,263.2413497,5.9544138,67.30717418,73.13241767,43.9081286,1,0
45.81953485,50.73962497,56.63399154,1135.254453,2968.677381,55.55073523,51.78721477,73.40759157,74.45574617,3,1
32.98959092,61.53259514,71.98206664,2224.948279,161.2343772,79.1341524,69.69139692,10.5393474,66.33217835,4,1
38.389531,40.87660239,35.84481215,1992.935072,358.3989069,57.38275736,62.28211611,27.08360377,62.657028,3,0
61.77156809,55.44673442,76.18225581,1310.430018,1118.270814,26.53063701,42.80319078,6.684721982,32.20432368,4,1
83.39809009,54.66664987,43.00558157,6661.773121,857.8374557,66.75482723,67.9170176,0.868120923,31.80981185,3,1
57.8934306,21.65526062,50.34032148,544.1265421,696.1412205,36.148843,51.82960012,15.83095314,48.6485917,2,1
26.08233876,80.22912666,70.61366246,485.8230761,603.8464702,54.48732843,47.87735985,88.04871826,36.74822897,4,1
58.89205336,69.35966691,46.73127686,2580.507775,1483.455032,48.75653633,40.47601679,23.9874059,62.23294768,3,1
73.93262973,44.04207026,60.75149719,3214.400324,214.2497674,38.1175001,53.32037696,97.01539626,60.75294161,5,0
37.80434191,33.46595389,53.70618342,649.3204122,467.3925025,71.88779804,69.92925231,59.72909996,54.78353303,2,0
47.31965667,55.21342421,62.58736013,1486.419447,135.1632415,88.3876112,67.77880011,23.72584876,0,3,0
50.29376389,51.30046549,12.38521789,8787.802993,724.9566772,0.521251848,57.06787595,49.71308035,43.19970909,2,1
34.30203374,55.33503423,23.4063637,849.5463282,230.7265881,93.36165192,61.99287281,21.90948227,37.27865298,3,0
62.96560868,52.87366094,72.31934012,3311.122059,324.9827967,51.15151361,75.43393583,98.39735582,44.20064004,1,1
47.58103703,57.59361484,80.74362811,4042.945213,509.7927232,70.07318804,47.00067418,84.72649839,21.14188404,3,0
58.39064888,71.70958549,41.79026593,1783.321233,21.70835538,85.56245662,27.69159993,2.623878878,6.88035224,4,0
32.25015644,58.52154808,55.11943296,8319.013791,77.15404017,46.71036923,76.02259704,94.77760315,51.578462,3,0
41.25083399,34.25516752,65.89438506,4002.890726,926.5095254,83.49740734,39.40443496,72.10651073,31.09246706,3,0
64.44762716,70.43844279,73.86435203,1837.050407,448.250798,17.76198195,36.19323753,8.238125202,54.36732484,5,0
42.54333696,74.60921845,19.44645457,2527.275665,1600.742236,15.91675345,14.07604489,67.06377463,23.22714056,1,1
84.53927702,97.28085102,42.27919506,3538.947545,949.0949459,65.74713689,61.42566106,64.6926698,75.39776601,5,1
42.00727629,33.1475895,53.3484124,2690.863025,6.507146054,87.01430056,17.57094751,21.87887458,65.02662106,3,0
54.49369452,53.6432302,74.06280394,6328.405633,767.1755817,89.24261775,34.99482385,75.84467,47.42067771,2,1
68.65181664,18.76851945,100,1324.312249,78.72987136,64.37404584,61.76473589,8.706470331,34.66778967,2,0
21.63268534,58.29723735,55.43988546,1069.535186,1214.702784,52.54892302,64.43842505,48.94451812,61.31022194,1,1
14.78382376,41.77699553,31.86045076,721.7805971,3814.875223,33.13930877,36.96591704,0.992320716,49.81369538,3,1
19.48687371,78.85168692,68.04536154,115.5457465,606.061175,98.00004156,47.31693346,96.87374889,45.9646047,5,0
75.25168207,38.38077545,86.41991579,131.8994384,918.5265311,31.96956867,32.54810947,75.15636318,66.07163524,2,1
38.96283708,24.66225443,62.16028242,6121.936443,216.7272614,74.41861072,39.03206424,15.88520762,75.66340386,1,0
100,42.93104389,41.8670291,3403.276293,460.4303413,53.19817999,55.3243052,34.167404,8.689720388,3,1
38.71504803,20.36768343,79.15987883,3241.130449,1550.883382,60.85123425,39.96706642,16.05623778,13.74039732,1,1
53.69102606,61.26649182,73.27091237,2860.753895,146.5836049,39.34805506,45.1156992,76.66174641,20.49348186,2,0
80.84219905,19.02375431,39.47838312,5675.783357,246.8910084,96.48231255,20.70586637,5.889632543,2.439385059,4,0
90.12185776,50.42686372,67.62851235,1963.319753,471.6550941,57.16823261,72.6591233,84.04066556,38.43128686,3,0
91.23007153,18.8328227,79.94531135,6130.158157,996.5275042,93.77876305,60.20133186,94.21963388,55.00291138,1,1
74.16732461,45.19553293,83.63780085,1336.260995,377.1351664,0.759141617,65.85810744,67.66279428,39.46454263,3,1
70.48125052,74.65067234,58.67102049,7839.891161,2101.902176,57.26705832,75.80850649,21.296545,26.64695896,1,1
61.85053898,55.40971837,52.83841108,3598.518186,79.37645746,71.71868897,33.49574249,36.00900958,68.16144393,5,0
65.56722152,37.04759593,84.54547644,891.8930075,370.6502232,74.50801712,42.83211034,47.72398748,43.51391008,4,0
38.97628567,49.53194767,35.79678994,2490.923487,987.4194982,90.49768818,12.10331265,60.46247722,48.57457418,3,1
33.63602233,50.27025308,68.77158582,2284.474397,204.9330455,0.4401609,100,66.86630898,68.85587012,2,0
49.93251085,57.08945519,32.59946745,445.1479171,854.652252,0.033015926,47.00829369,55.42147153,36.91895153,1,0
46.59630755,29.49712455,81.30752545,2683.902603,143.5089752,47.22634608,70.774558,35.13139208,91.50535182,4,0
40.93543901,58.88850911,54.83908969,1134.070595,46.0865827,2.929370501,25.23677711,89.09172806,28.8046249,5,0
63.92774895,9.434125526,85.37166471,161.3062257,103.1906094,97.45325537,69.92776851,8.139205802,89.94870511,3,0
69.10610417,40.55173171,69.82825513,8907.630799,2127.234141,22.20651745,87.15181753,46.62560542,15.63162045,4,1
51.76813773,42.67589236,35.5355954,3077.399264,641.924909,47.26647294,48.79438502,77.55648385,52.93712257,3,0
79.55060162,59.49990239,88.49255464,6284.736151,1273.065361,6.113763001,29.78237007,6.087266529,23.93669578,5,1
27.16621772,50.33946279,91.02490533,3381.553899,323.557902,52.20484162,47.22407198,70.53352168,67.98915292,4,0
46.12681081,28.91655419,77.64572985,1324.755579,718.4829937,37.99561251,5.464769501,81.97116228,28.0441848,3,0
35.66355359,35.22510311,44.7682427,2156.552557,546.4816556,4.466002888,49.24226598,66.08312985,47.27177977,5,1
12.66926766,52.98020014,53.87972091,3378.691394,2331.144292,33.51242667,66.41934279,1.293689228,23.7364501,4,1
48.34638628,48.81398987,62.90854435,9675.611806,1101.31173,39.14360202,49.28484711,18.01370271,63.43062934,4,1
47.56504983,41.31313836,45.92579201,877.7600779,1049.076071,98.99214913,44.31720891,34.21130789,23.60621848,2,1
80.26899486,42.78749316,93.84693145,6237.774083,37.9695836,20.78858719,60.55136232,23.36900356,82.08537112,1,0
62.61623369,60.44251996,62.88652943,7734.138651,638.2191173,54.47796154,62.08049694,96.26521402,15.10007233,2,1
29.51626351,42.23461141,5.933039058,3329.76766,503.3742568,98.73155492,16.80188875,65.15939141,6.359302042,2,0
87.08185133,48.67863134,66.78711626,8032.561274,2103.120652,79.20192079,51.77645925,29.69709574,63.78880195,2,1
74.42067391,82.54904882,53.03685206,1521.888516,238.0156963,99.33675009,98.71970248,92.96974987,25.20890899,4,0
61.64195407,28.64476045,58.50146888,9173.855723,251.5860997,96.82983147,23.29967509,74.05941995,39.81906716,3,0
45.47031802,22.22235903,52.62761268,3639.877062,423.9337017,48.95395421,48.29162334,28.46072118,31.94397115,3,1
30.81121527,61.75384497,76.14092833,128.7405639,223.1044302,69.63758499,88.83492244,37.88815694,7.184793321,2,0
42.55586448,39.82035408,82.39375557,7121.36796,110.6595852,11.04431269,72.08350313,19.94288583,38.0751584,4,0
71.77497239,45.22643708,65.66106325,1987.69569,1558.252712,44.1148825,39.73206638,97.10739983,71.62289737,5,1
87.69172612,38.28265433,53.21377626,1850.375551,653.6569708,80.90185423,54.12270759,51.72964959,65.07842508,4,0
80.86487057,46.10299789,59.1732559,2507.359357,1580.715396,50.5335321,49.9577664,89.60566875,45.79481907,4,1
40.22301156,73.97807168,60.39199233,485.3853866,1422.923448,70.26990328,35.03856391,34.6499771,67.80670733,4,1
27.60765133,62.03192688,43.9513992,1899.918047,265.0757613,74.575133,48.51495785,86.08416031,13.51203538,4,0
52.81772494,62.93335268,71.57857297,5335.828828,634.7939139,25.34691412,44.40067734,5.388684843,31.86364178,4,1
14.63121269,28.75659416,69.20084648,46.81069211,69.50819398,87.56993729,52.25497876,98.20903175,49.89512352,4,0
56.46335428,32.73269395,90.8088248,956.144582,1974.457411,45.98224309,35.03233639,91.2034367,36.73962933,2,1
47.04794827,7.413820108,85.10699561,7.37281164,414.3644049,21.01851036,24.467636,36.32029448,33.82941674,3,0
40.67926996,37.85928768,46.28650165,1612.080254,400.2728685,86.54158818,49.17438453,77.47221653,9.983906692,3,1
18.10593865,64.3505478,76.40596749,3909.341553,288.4951641,41.78188061,84.30236436,75.22579265,0,3,0
60.27200213,57.75419774,40.98093234,4809.947509,493.9328419,75.03124384,51.64405853,90.12547971,60.44666062,3,1
39.34598321,46.67730106,73.91864202,8711.634785,232.0245416,54.80330722,43.36812442,30.72549811,46.08053933,3,1
26.60166329,49.66549574,49.66771602,2813.344639,375.8138349,38.18717522,65.0817161,46.55200053,62.54995946,4,1
0,39.66671686,39.53493553,881.6110076,1287.338552,80.9876415,46.83360775,86.49996126,29.06910145,2,1
49.4497019,53.07138324,65.60090685,7736.911605,1437.846284,58.44699316,87.3606585,77.85794541,22.18055288,1,1
85.44503193,61.48817419,6.508657437,4479.177639,290.1342668,39.05621024,49.92174981,39.34667187,40.16369917,2,1
83.22518429,25.76169819,24.98048851,2562.966803,506.4163474,10.95978703,64.00994126,84.57252329,61.35499122,5,1
40.85807487,54.49471532,56.45016232,3568.634329,1656.035238,89.54453138,34.90791235,4.695403923,34.21369463,3,1
37.95575879,63.98652306,61.64883533,7743.579577,43.28903578,3.546958534,60.06178507,78.2046303,60.04462961,4,0
59.37548512,43.77349567,52.6136246,3738.49167,1759.625516,86.31873484,55.50186954,20.67658594,14.84229986,1,1
30.03229122,60.51050918,28.41127403,1378.375907,197.932956,35.99615249,48.86987751,28.61209078,35.96382167,2,1
56.035838,92.21981667,43.64216316,3745.114002,907.903847,63.93387635,39.96484478,49.32148436,38.2471464,1,1
65.32160557,48.43485811,67.82418654,123.3353681,698.8756528,92.21997238,37.23939669,44.97345011,70.6597486,5,1
74.53866448,55.89960575,71.63563541,1465.312172,644.051311,15.17066155,55.64705328,52.05701069,45.19068495,4,0
47.99691847,38.92914375,59.67553765,1564.259797,1569.242754,56.69504756,62.57878219,54.47755957,83.65193796,3,1
45.926525,52.71876744,83.13667562,547.5823779,85.68709553,76.44328624,47.45674407,33.1527691,6.307880001,4,0
32.44034826,56.90407437,67.94794047,70.06837097,340.9768547,75.75838327,55.74535858,17.5227513,43.24797261,3,1
33.46239292,52.9226351,45.05088692,429.4683546,618.1900861,52.56319146,49.24170644,76.84812293,44.48495098,5,0
45.47042216,34.7045702,54.38995893,3189.343049,1334.030209,62.47394599,51.9705205,39.99761491,55.50232994,4,1
57.34731014,53.09542657,31.94267686,4862.843945,195.1292606,75.75269941,45.99110035,50.58408625,19.66600159,4,0
68.27169252,71.93293908,57.83722019,10000,1299.356383,84.10276378,50.35945159,64.46967184,82.11115849,1,1
33.93642099,56.72953647,82.24201238,1275.611692,408.1786208,76.18130969,100,90.96379223,40.32409854,3,0
79.85377138,64.42980784,73.70580169,2744.219972,167.5048092,35.40049432,56.23268598,70.75528311,12.82331218,2,0
44.57752798,46.44482045,88.04018652,8300.772794,1138.321667,99.67264011,62.90593917,4.545922559,39.59937524,3,1
49.57265411,61.24850359,53.94229512,548.3153872,76.23917719,43.45026937,58.76047211,83.85603634,32.17096193,5,0
35.05576642,54.18901757,86.92199589,3793.776633,578.5014896,2.446470276,44.74366353,98.93550151,100,2,1
1.515194795,35.73633905,56.13391547,4219.230806,52.80568141,36.26169516,75.87978427,47.24850254,66.24858999,5,0
67.68090793,54.77781507,89.43170165,279.5565838,352.5644855,12.77829546,44.17672459,96.95903365,41.24153389,3,1
64.73687794,35.12455005,59.56286505,5925.231286,735.1890875,12.14426157,71.10109098,54.73287423,37.20208287,5,1
44.37344886,40.50679588,74.14462748,5031.625708,649.7527832,28.15350401,43.31586004,45.96159959,63.77642156,4,1
51.33981434,52.83992461,89.50224729,101.9208901,414.8919292,5.337549418,30.80054962,33.14047647,64.97155401,2,0
60.31878435,54.4586641,56.13144743,286.5091643,448.3601003,68.85121884,57.30792416,65.75548758,0,2,1
18.74908286,32.16151302,64.36777975,151.1239722,205.742524,7.39888842,27.90663288,22.98204205,56.07482887,1,0
39.41894645,65.80978657,85.7772685,1222.747939,486.8721802,20.32895554,60.7128045,10.49342185,40.6991636,3,1
65.88529359,58.58009417,57.33993672,2135.699701,2450.435915,9.289971449,26.11682688,2.723710258,7.221404455,1,1
24.91421154,39.42907347,33.58215435,2280.090803,1520.115204,6.31677309,43.61983939,29.23801127,62.00535349,5,1
55.87115864,26.93622805,100,934.5588672,125.5409669,26.77516655,21.36540607,39.57708322,96.15470034,1,0
22.86836391,47.82643131,50.60471071,7277.54427,24.18659245,57.18989677,100,55.20766963,53.91989867,5,0
59.32859965,43.31084429,63.17512102,1377.845334,2168.735202,96.46855564,16.92080881,29.27498252,67.51071106,2,1
49.28717035,51.69710686,83.12013339,139.8605521,598.5047683,87.55566543,50.19627481,98.40595724,85.1029773,2,1
17.69736368,44.55325008,47.83012193,1070.998325,617.4715339,87.59339254,72.86608549,29.17451682,19.24344623,3,1
73.29478709,19.88814709,39.84264174,2272.157544,1213.917349,17.6067036,70.72771817,44.09753884,0,2,1
35.30816846,44.17479593,65.07474594,1573.870244,302.3059928,26.49071935,67.02684244,10.32761655,56.42165158,2,0
33.79495126,45.41571333,24.13847204,959.9651155,526.0812913,7.63933168,43.65543224,26.06265133,33.80971159,3,0
54.01138394,59.50491537,54.24187846,422.3526058,2770.362399,77.84683399,77.02177893,4.833213979,5.645663691,3,1
72.97274699,39.52700488,64.90077329,5130.502504,892.1560698,6.981630149,68.26782182,55.95086334,38.0457516,2,1
29.68356362,75.1801201,54.60096206,10000,133.5476673,55.66956708,54.24599235,75.10646831,58.18868434,1,0
51.233597,21.32539174,29.13098114,1199.383252,114.3822945,24.78755723,54.81161515,19.57098143,36.27570838,3,0
58.57633001,69.66751247,91.88355912,1441.961437,182.7910075,24.3445634,43.92154705,36.79109378,20.32930923,3,0
63.86211215,46.63521544,62.07076308,2887.298722,1164.384113,99.07250552,31.80695948,1.661622673,34.41232349,3,1
53.52883111,62.89377309,88.62304236,3802.244844,280.0739011,75.6779807,74.74301951,83.95220557,39.51308837,4,1
42.65944322,51.19702226,54.799275,1492.886926,17.29672237,83.69393583,76.24415987,77.99635249,0,2,0
33.44819559,67.09333304,42.39976037,7059.410208,2308.417664,57.19826853,32.31781718,6.325403087,36.43062617,5,1
51.72287766,44.18957053,65.38361841,2462.968856,148.7874851,87.10142874,46.9242967,36.48676093,6.391488196,4,0
28.55721976,33.52069362,55.68425747,1795.639447,7.68332703,64.54905392,47.13153567,95.52866138,56.4756488,2,0
0,71.30756431,36.44477084,3121.08182,216.5357942,94.61737048,49.34688193,39.20270561,0.97393561,2,1
58.73119608,48.29779031,89.39568518,9160.328761,214.3336609,28.1338586,51.28589757,52.62086767,65.31730511,1,0
68.07869682,53.3233771,47.55459554,4747.691255,438.5523959,59.53195458,68.93722923,35.5242861,29.77087327,5,0
2.741351289,68.52127871,23.1946723,122.5070168,2024.490759,69.01313479,35.05565383,59.61313881,26.42560733,3,1
29.80538591,34.52067137,86.56332108,1211.793454,1690.795319,39.2937305,33.07306017,97.81568756,47.36136493,5,1
62.38308522,58.93236346,49.91403968,1907.719525,488.3614305,87.97079824,74.73239484,99.75025035,18.34913887,3,1
91.14990939,41.15157865,47.84352215,1132.897243,423.3273353,97.98031631,40.74710516,77.4714978,46.96864385,1,1
50.41587415,48.01745967,24.69224826,3613.794608,647.7611329,49.37694914,24.73929293,40.4311098,21.69728063,3,0
35.43994118,51.08418448,94.81882973,5250.744047,223.1935657,39.06406548,40.29740116,49.44322008,26.08163719,1,0
46.34207118,27.49667208,34.21038826,3942.982814,42.87674798,47.19379286,43.3989453,35.67313281,50.13385423,4,0
77.49752838,38.31744436,61.16898961,10000,2240.450036,85.27367457,81.09925455,98.55746299,11.53548166,1,1
37.08071642,70.26609339,78.25240645,954.6203324,165.3231885,64.54684255,68.49652425,70.77603058,8.391567456,4,1
34.01615987,63.29286783,68.43433866,6238.072516,176.9171667,4.477237252,72.95041233,44.89314454,46.20563769,2,0
40.34512956,49.06040634,58.80691376,4365.296018,511.6249684,54.21699104,66.39947285,1.211527011,39.32750369,5,1
30.93342783,53.64685188,25.96668283,1349.091657,541.210391,1.730012274,68.92487343,52.04834144,44.21731862,1,0
52.45340632,45.58636242,43.80550328,3974.181867,14.88498972,77.8535371,36.23835747,98.39282017,48.19098092,4,0
82.49356917,70.34875079,63.75600676,329.6989272,128.092504,32.83122735,46.02795689,52.3060909,41.43438885,3,0
56.46158546,46.99471133,44.2565186,4672.436642,380.0512973,47.20074821,30.20169374,18.24266855,55.2023156,2,0
44.95292996,53.47763138,64.0671892,2279.980945,920.9289541,79.86781059,45.79023939,2.20937471,42.43590717,2,0
44.16377462,67.19045216,73.63486818,1037.163353,207.4503348,4.644881729,63.68209982,35.47037581,0,5,0
18.73618383,38.33942773,79.25005772,3199.399358,439.9504397,15.85415356,52.6916657,91.82280557,0,1,1
67.66219554,73.38183777,35.47641284,3078.484198,651.9717917,39.79603764,76.22961638,99.65541082,88.19872951,5,1
48.44325606,27.04307885,100,705.2165818,1755.648464,22.99251635,27.17168416,94.53679748,40.00179668,4,1
46.39040173,74.44463197,75.34958689,92.60699229,315.7038211,33.79014258,60.00476701,72.94199933,63.75604129,4,1
100,44.40986624,59.96571693,1705.483846,114.6883319,99.81747379,25.03394396,55.81427284,31.35740236,4,0
55.97505817,46.35951878,81.79073166,2528.50658,537.5348499,82.54144376,51.88352938,59.06861464,38.54962264,1,0
34.964179,21.64984743,100,6277.100829,1098.612805,88.3901815,64.80666845,53.89920091,28.66588364,1,0
41.47284808,43.17807924,31.22559798,7902.314259,93.10100186,93.70546336,45.70994866,70.70493049,100,3,1
72.96891418,34.40290203,55.49474715,2257.451163,442.2679523,34.09358803,61.02253208,41.88732267,46.33106056,4,0
52.26540821,40.88530482,12.4313668,4204.875646,14.35615798,29.70769578,30.8053533,66.9204005,26.62855236,1,0
21.23444043,47.94033551,63.85303065,1735.725336,27.30817213,23.40624926,16.72620044,12.1612115,0,5,0
68.38457869,64.36687422,67.30788484,4112.233546,527.6977616,83.01169113,61.14059245,26.56953066,89.34333607,4,0
36.63711829,53.11405027,59.21675769,687.490624,283.2823728,67.95518623,84.88020468,83.60030388,35.91804037,5,0
87.46595552,54.6151498,46.90932858,1391.180834,1492.018123,23.61719825,30.0791012,90.37489307,58.60572799,5,1
71.60096131,33.56720917,19.00970968,3017.235262,737.3528422,37.69938292,74.4438836,53.90082376,61.39993226,3,0
41.05356209,36.78868866,67.47067367,54.97453402,484.0108241,50.67117639,50.86846818,3.163561721,28.42923691,5,0
75.62032723,76.98087528,89.10868968,3845.3848,419.3115836,52.81400573,23.28616957,92.69735708,56.81131938,4,1
51.35711021,38.97198448,48.17963089,5415.181636,550.1226082,88.87277286,27.36989397,70.2064258,24.89654283,5,0
67.0554735,74.84312378,68.80119858,1528.188244,33.0233719,38.05661329,50.31569547,41.40279238,15.23934095,1,0
59.69465635,46.35408202,28.63711373,1782.308764,1786.397647,90.85240305,41.91075424,59.83789432,69.11161731,3,1
33.0728669,50.03431904,69.14426127,5717.114432,5000,44.13675603,23.74174046,42.97748344,36.0452655,1,1
37.12900335,66.0554774,52.13235405,4483.705824,160.2129217,74.63726748,16.11921438,46.53392267,52.96282084,5,0
70.59921635,69.07838633,44.75164099,1019.662038,102.6149228,93.025432,33.06561344,88.68098657,50.27302485,3,0
43.30449336,48.3378116,44.79272718,1174.580575,123.9931257,90.7575704,53.87618017,16.10842469,55.948299,2,0
41.92703074,44.1763542,52.12776836,3407.804668,865.4679941,5.69528673,49.87198495,10.36691355,1.086576645,5,1
30.89754841,49.16119327,67.64866631,2484.826462,866.445141,20.5704295,39.97524085,0.272874451,25.36773672,2,0
58.47198131,55.06936292,33.75673598,531.0335017,1506.70076,47.69054255,54.03774389,31.40003756,31.88812106,3,1
91.25049838,63.3695553,52.05769337,1112.886317,1114.901385,43.155429,70.8005344,14.74137665,19.21303318,2,1
28.64934171,50.06344788,59.17056444,6907.253627,477.8183437,64.08916648,57.88253021,21.99854951,50.7251712,5,1
50.48438913,59.28329447,38.01921551,3495.934019,759.1655304,94.47090508,47.57382657,1.123898267,69.67232694,1,1
78.24441111,74.57539598,95.93330403,10000,932.5319302,11.24047113,68.56144013,22.71954147,73.62961638,4,1
48.40717218,55.71964418,42.9300904,4370.311811,575.1601388,45.18586651,30.80299396,33.27115819,31.51988087,3,1
59.04743592,54.67479284,46.61126173,8540.614621,516.4782049,19.24110379,45.50160921,3.156749641,47.29914656,5,1
28.75212944,27.21633762,40.433841,730.7604464,828.7296176,89.41075984,45.97824129,60.79041243,51.14108761,1,1
58.56614194,10.53904795,95.96960174,4428.458632,652.2058398,96.45801858,25.26093483,56.88003489,55.53140236,5,0
46.2571147,55.82563594,71.05810457,61.27407387,826.1299981,47.87016819,41.60251675,9.703577851,18.04662317,5,0
69.71459991,48.57763653,41.26815988,3332.90513,759.1643162,10.40102977,8.500806382,59.50097775,85.51450671,3,0
73.74772103,42.27825988,82.12463118,1900.574989,1016.080286,78.52946667,88.24356095,99.86539186,63.16300461,2,1
100,53.65295306,64.01397389,1277.432379,823.5754024,69.71413505,31.25172423,94.44689528,63.81623359,2,0
61.59266346,49.09394406,65.14506842,5950.307952,586.7462659,35.46708266,81.72228263,0.267099337,70.08650142,2,0
56.51592633,66.91670376,53.11045582,5777.951555,916.0521136,88.7407474,50.76169011,79.53783113,53.35339856,3,1
53.88768603,51.29166302,45.01168026,67.66244477,477.5164501,97.58318898,61.29728264,35.36052762,14.31716442,1,0
42.93667414,38.79615072,66.75532198,2821.021282,221.3105988,55.78538491,40.22400403,6.365137033,36.52568171,2,0
56.76967687,64.85249358,49.0982554,1375.801357,1.135381408,56.57279113,54.15859384,29.59832137,0,3,1
44.0919718,46.74303388,96.33511259,1611.821963,656.7192573,29.75135051,63.0097928,32.17365163,50.37681274,2,0
53.36921953,57.89805026,34.6141779,5352.101473,714.558009,58.4506036,63.29104829,52.32442393,35.76965855,3,1
76.35195071,42.83883941,90.72313546,1112.49448,2861.840833,43.96423205,65.4954678,66.10837673,38.98694041,1,1
29.86914869,40.25259672,57.77362302,8596.682115,358.8797373,30.21910269,42.6333458,74.90556122,70.10002825,4,1
72.79757122,51.26252345,65.98171468,594.0134556,400.8761518,6.718519652,40.39280655,24.59030426,28.57514904,2,0
76.34230135,50.19242965,76.66315533,3260.547054,180.3164495,25.27078597,18.11647349,32.17705702,33.69692103,2,0
47.63862946,57.19740553,47.3950141,3345.186145,58.51629515,19.78546497,60.46438022,30.83817069,40.5493324,4,0
7.56290202,45.9703137,77.28496769,871.8397382,1185.555494,54.20419846,71.64757423,36.27368681,0,2,1
37.84356026,22.45460324,5.849122892,1178.019564,229.8055322,60.16700218,82.3196336,99.9656309,33.34840861,5,0
75.93989093,43.50839175,45.60020934,5401.767879,751.0435411,60.85717243,56.10345269,77.79433028,0,4,1
49.54263875,61.90727701,41.51874385,4304.00005,931.2199244,38.8181001,34.67040454,97.49904653,25.36196095,2,1
30.01395535,45.53935881,34.92987975,1197.387132,509.771497,42.12297337,16.05807713,69.31110595,61.37972633,2,1
39.90450158,46.30424896,55.70090324,2290.429207,1672.253899,83.42384296,70.83333466,40.62707016,51.18166396,5,1
66.81240053,64.79564759,67.71499936,190.9936575,469.2944494,47.62328135,14.07446866,38.97441836,25.12949224,4,1
60.93467136,39.32040159,74.05319997,702.4083049,268.2759556,98.77733321,43.18791845,48.8581145,41.01995546,1,1
45.22135802,26.85795173,64.81753514,1995.548902,1810.81092,43.961723,45.51386344,41.68697834,13.12526082,3,1
42.66351176,47.59053321,46.6861307,269.6879158,1581.879366,64.95809446,48.61089724,82.83262461,39.94141492,3,1
42.16483702,42.73739073,67.38032876,5560.885883,143.3395605,5.036299899,50.716052,46.5002013,100,3,0
31.55179631,35.5063052,62.4857139,3797.61069,21.04316313,65.33399244,52.76295113,29.56143602,86.14503301,1,0
82.30751379,47.36932316,78.72112336,8627.649888,75.43584596,85.14263944,1.692734758,77.48602687,41.31555325,4,0
43.55359062,57.37258471,75.53873406,3547.288666,270.1114203,94.24578385,50.2931182,85.44204094,44.00360412,2,1
74.34317042,49.86067158,60.60952828,8460.368189,2867.898174,99.73206116,5.408488518,42.04289561,15.51086713,3,1
80.42632104,54.60471609,42.05493988,2425.758648,654.0910773,28.21786456,64.64436146,66.78085719,19.9552723,2,1
69.96621796,77.20111548,46.94099688,2750.512227,373.7810088,57.53700648,38.89749688,5.880453389,49.05460805,5,0
41.36759375,44.85681708,49.00421281,10000,1756.536509,45.07179855,6.859265496,52.9464852,26.87768586,5,1
58.07460181,54.17522952,53.69467332,3082.749309,482.844594,56.38174806,33.71590645,4.498113775,62.60373987,1,1
49.51608787,42.36179956,65.36100855,93.81129651,302.9478912,15.74529572,38.59849322,2.919084049,79.24214202,4,0
31.92596279,37.3046042,74.3034878,3859.920273,2267.156481,85.61495726,73.81399235,61.29248505,48.31551962,1,1
56.48718563,41.2263852,58.97762614,7076.472598,1515.127668,90.95689433,53.93275484,30.33353824,42.54343015,3,1
26.41920418,42.81862143,60.32249576,4762.7394,1484.620584,44.96616631,56.88889889,74.25371625,0,1,1
73.75358777,55.39213696,62.8661261,2630.007936,574.4188266,28.04298616,73.62443268,89.60825606,58.69025613,2,1
40.70765405,85.2361368,49.68189374,3337.861459,1246.381621,14.08334277,48.07711424,13.93911737,11.40821746,2,1
54.02319312,39.25934846,41.49215485,10000,158.1301306,68.37648248,65.08375922,72.45228386,29.54977178,3,1
55.66575743,43.75062042,24.89124205,285.1155422,681.1948408,31.22318396,63.67722228,51.45199983,63.98939731,3,1
44.82190053,49.0531548,46.09701284,3301.044842,3300.466245,90.95385699,24.27061013,11.21192502,65.74395411,2,1
61.73387603,55.93698273,69.46290907,999.7027708,275.0728984,67.10124748,79.45967155,65.15926065,28.33731182,2,1
40.50192687,53.95326218,45.94177124,3065.707142,1265.272729,64.56853252,21.5939644,60.94668031,29.77711163,1,1
67.42594595,69.26143691,55.24385925,2806.600903,539.4264375,55.94021159,68.34733299,51.56418674,22.51702817,4,0
23.0804064,13.60411894,69.32862575,499.7822489,32.49568135,4.577633943,19.65853926,92.64712046,10.05365637,4,0
52.52759159,14.19605195,70.41378993,694.8378601,1151.821591,93.19224357,62.02473576,52.10796961,24.13011295,1,0
88.77857998,42.56182742,38.40934296,2915.644833,147.685712,62.79374933,87.23829756,99.05151155,0,5,0
29.99337351,66.45950281,79.94118713,411.6887727,798.5942712,99.40619834,45.74042687,50.92288138,57.07656454,3,1
36.44510059,26.51527953,82.54700179,924.392696,71.64589794,53.73564048,44.87288714,11.58520383,49.86309013,2,0
60.27815699,4.885514905,37.40300286,5409.897245,2347.971645,71.01108919,62.20879999,47.04712511,54.01323212,5,1
53.59163564,58.56769109,43.52326261,1188.437778,275.9370172,5.620955787,43.41207088,18.23287626,16.13989874,3,0
57.01260199,53.65485836,83.82181366,2008.644461,205.42717,63.17361768,86.36557407,59.71334852,10.12323591,2,1
59.7837426,33.6468739,57.06292957,8497.79769,110.6159365,76.46496116,53.84384499,69.31321752,41.33785686,4,0
62.69442937,35.21690599,15.60444105,773.0073583,2335.049481,77.85142949,43.59660984,46.84352787,41.60256412,3,1
72.19399684,35.45384421,32.00636991,1481.05027,995.5685016,77.01116522,39.19428944,9.770296768,36.31825431,3,1
58.19637314,51.65802976,55.0126075,2797.700736,1082.785738,22.62826273,31.3410306,46.86413986,32.76291827,1,1
45.17484691,40.60527086,36.73914699,4223.644236,553.5656095,97.53984776,37.44490026,8.145421473,82.76939444,2,1
63.45147402,57.41095878,51.73152459,6957.77151,515.0709172,99.51821206,42.98653213,68.21259555,50.65062529,2,1
87.9976387,7.180600056,60.64792427,7412.052366,93.24614806,7.559587516,40.24721853,79.03682249,89.26695979,5,0
47.34732507,37.14722202,89.24509208,4496.912377,656.4955767,93.64464228,36.83649452,96.23803272,71.72412564,5,1
30.50941391,33.10919059,54.19092168,777.5980969,226.8633288,28.94491943,91.97682461,14.88021071,82.58177315,2,0
72.14161339,46.15488982,81.45083599,75.36680452,3022.879943,68.92840818,29.39809847,53.24203355,13.13843084,5,1
47.59237672,41.92928362,88.57520324,1452.42416,1273.989674,33.81109207,52.93265175,56.75373675,54.82927477,2,1
6.54660908,61.9676567,88.68619339,457.876509,426.1735465,96.77543234,61.8504202,92.24765338,29.20586278,5,1
66.94843354,22.10994843,65.69509187,3717.635897,131.2785017,10.15038583,62.60215991,62.72766406,0,4,1
39.29343628,50.68237214,20.73421704,3246.421373,1230.928953,49.7746817,48.82785848,14.55096456,77.40007924,1,1
48.18933435,58.37504635,69.21649731,134.9031084,104.1359403,42.80477919,45.18594856,43.6351324,32.65768686,1,0
56.63960661,77.84971155,80.96799776,5434.548078,167.9190743,32.60234523,59.03094982,65.47625285,13.62245924,3,1
53.8099936,42.77351043,58.37865789,858.0234895,190.1191153,64.55339909,55.330433,70.02844321,29.63590342,4,0
64.18903634,54.86687907,94.8916774,1698.101163,651.1509386,13.10557434,44.8208233,86.30739986,20.09439693,5,1
41.29027259,22.94205811,77.19667123,3307.262214,1237.383304,71.66624181,18.76242857,18.05071198,22.65755081,1,1
60.26211596,14.12065694,71.36546754,1683.299296,301.8694108,98.05921238,40.64152555,95.15421468,34.45991525,4,0
44.80906645,62.67161564,81.72761422,1746.362374,70.77633607,80.45587145,27.06899673,5.913941202,83.27037983,4,0
64.77620962,49.9165956,66.66739703,203.6418844,499.7009752,86.00167529,36.656809,98.37621346,23.34206959,4,1
62.30734968,67.67769035,10.14379001,1539.703314,1103.011002,35.96367432,50.66446477,85.77670929,81.48176661,3,1
31.29122596,29.39895667,50.01722097,4342.568134,200.4774159,32.48866065,57.17472288,66.02727828,61.2209199,4,0
71.71964232,57.79853209,83.94336054,7401.542197,198.6917046,51.70483547,85.60905503,73.49955003,49.90678909,1,1
39.2807311,78.03226761,43.8481732,1600.733189,2353.404881,4.572661476,39.25187242,7.269200592,58.70300081,3,1
66.16115597,56.29558413,55.5305499,1652.786478,2465.969098,94.53581345,65.49251271,4.147986289,40.3413916,1,1
57.34574627,54.14872258,39.10327372,3638.30518,3722.290255,14.3785173,56.11920049,10.17657966,72.1512526,5,1
86.76367354,50.12834121,95.6784519,8582.136028,1318.790855,90.30130392,75.91995341,8.735981466,54.17450658,3,1
45.53068035,26.43677814,93.62984915,932.078156,166.7854191,8.3582222,61.52457439,54.73812335,0,5,0
43.01366408,70.33359404,42.3226221,1740.22812,190.5869909,82.26249277,29.83037145,21.54439871,47.4062983,4,0
49.61160788,40.8371354,62.94596001,4768.512404,332.6854218,15.19625259,15.53907941,86.02056372,59.59932857,1,1
43.93640434,57.56724885,46.39011904,2822.469386,306.335974,3.813161409,56.22523399,44.57486231,32.77496953,1,1
65.99883804,26.5544854,72.29889278,351.5785404,2508.505963,71.94894503,39.43098004,69.55104765,43.15639682,1,1
17.67378783,32.30810503,70.19366154,2964.42969,1244.998269,28.02653002,30.39372508,65.2873093,24.67855013,4,1
28.92635162,71.52631099,76.23411143,620.1364352,1029.909016,71.44961528,24.64844591,31.98530389,5.559358598,3,1
28.64394157,44.79046567,66.63836895,2141.372,164.5997878,55.50852505,53.21950995,24.31675735,1.240578227,5,0
69.00615184,71.79913214,100,2259.349383,1922.150314,10.88073902,80.15415399,34.24562853,1.573300323,1,1
84.21226745,48.82654011,39.4415247,6267.345233,1407.605983,93.21300733,41.82655309,79.66583738,56.72611856,4,1
47.91101563,22.37153341,25.78793291,1862.447598,142.9586705,45.23141748,61.80540622,58.62768484,0,3,0
46.62356554,63.381014,52.13819599,983.1898593,1639.41132,73.44472778,47.954673,25.35386625,23.33800183,5,1
51.40104326,41.15161523,28.64023469,787.86165,254.2354489,50.1020572,24.21235822,81.78464431,20.85866787,5,0
73.23756605,60.4803322,30.1507546,6220.423182,67.46194559,60.4361475,64.69622687,5.475938611,32.9460116,4,0
31.45293732,50.37816301,39.97370692,562.644652,855.6055273,30.27735924,28.10615912,69.9183375,0,1,1
54.76737965,26.85322658,41.55622189,1664.690763,848.601676,20.0360304,50.43253261,43.91008057,50.09720237,2,1
69.5039526,52.46442148,40.90763796,621.7113768,79.79616844,54.25702034,43.1695917,73.12903861,8.170965146,3,0
60.0218834,82.94334713,70.36437901,4452.436629,307.1803108,44.0218973,67.86154869,92.74612802,68.31013852,4,1
53.79163233,57.39479688,49.87621878,1929.488275,3948.547936,39.01132134,28.83698015,75.00340979,24.45585781,5,1
70.02092185,49.1372337,56.4097085,1297.631969,907.6237319,67.25671951,57.81739816,44.19653553,37.60967441,2,0
0,66.13015103,77.88465549,1344.020307,1047.689403,69.0506632,33.20405185,15.09756815,40.09434641,5,1
63.55750639,53.16002698,44.6735495,5735.974189,191.5375482,4.592005609,39.77789575,80.63509758,46.10602632,1,1
36.91848634,53.14301345,54.70908203,2420.788879,65.64691886,33.87444942,0,46.07055269,40.92535944,1,0
13.38734206,33.62562242,67.31519972,3796.139114,259.3680725,41.17645502,91.84197143,7.531232346,29.32223628,2,0
60.22405199,53.50772039,21.16864399,6820.200915,228.9714643,9.689216116,61.01113866,71.90553978,48.57621327,4,1
77.4731709,65.53165125,12.30188982,6960.465929,213.8269407,23.59008667,34.65305028,29.18519659,51.65367826,1,0
47.25102971,37.45906772,66.92234658,1194.764241,171.3017786,5.164179722,27.50688623,4.888822951,20.87163332,4,0
69.05749094,71.36743732,69.84028561,9138.000165,684.0731438,99.62420986,40.08702494,90.2751015,50.65919547,3,1
82.24556516,48.62440964,100,75.57154677,318.1207458,73.6557203,64.3375907,48.31010921,69.79300756,4,0
76.29828907,36.68345733,63.16189752,1418.834544,1373.373614,8.74501565,12.15830149,28.09610532,57.6473549,1,1
82.79929059,64.96448115,76.39479435,6784.296556,162.6211897,2.024937979,47.16831161,71.63865579,63.30938104,1,1
64.84254982,45.69808646,56.09054713,963.2486823,499.8333689,71.92878002,85.41283745,88.59023777,44.29802122,5,0
51.50867278,61.39272331,65.94454443,956.8225318,11.00157016,43.91921657,27.32107328,0.030707503,16.59623885,2,0
17.96068376,45.62362052,93.34513683,1081.284299,525.7335581,78.67967091,51.60770078,68.7852185,19.75888851,2,1
45.07875024,49.10260785,17.52014364,2842.673876,45.96620106,92.34760378,94.06619631,76.7011694,47.9971992,5,0
33.13506809,57.40340307,68.27232515,1730.537196,3043.378801,59.9300389,62.64303259,20.99274273,63.56909313,5,1
93.41885435,54.36345586,100,3891.937979,1250.777113,18.71084229,52.51847641,48.96238314,100,3,1
46.48228375,20.06702329,65.64068438,6758.832803,538.850527,78.2194036,60.1327291,8.928589892,64.54554861,1,1
52.46409614,33.1813439,93.01145926,3364.408993,72.45403034,95.58117432,41.9826933,74.67498825,10.73910606,1,0
61.02970752,63.94114977,47.41575701,686.227791,718.0643741,58.02312871,75.99262571,84.74560186,20.81818569,5,1
50.87204893,48.01795117,59.35905012,8094.978506,1137.58283,68.19974473,42.01339954,10.81866573,96.9629329,5,1
83.90102081,42.14403046,60.67049405,921.5851484,169.2855369,33.7474695,10.81636783,81.64602534,34.6402767,2,0
37.54701277,29.62138977,15.64817841,487.1837364,671.8496619,38.15276947,42.17393792,77.15701705,41.18786587,2,1
53.8921491,33.80395518,36.63644344,282.8241685,1346.514489,73.46544979,30.6653094,34.69133204,15.98957699,1,1
35.15058829,19.6730204,38.06249841,2486.101784,1169.669188,92.77710984,44.37611976,69.02895299,79.12758514,2,1
23.59954978,48.48078922,76.44132156,362.3107898,1299.608826,62.89883872,44.81831882,0.004812389,52.50833018,3,1
37.76461818,41.02343629,77.44306211,448.2015337,1691.712996,78.98479085,73.948464,93.17976545,20.6349663,2,1
49.25926406,35.50118164,66.48072885,1070.155466,2220.405288,17.16350174,63.90585453,55.03832353,15.15436778,3,1
41.41395551,48.97814862,76.48205794,992.4076598,416.0561187,21.19590903,55.26530975,62.03388641,47.68009865,2,0
36.1515804,55.45955946,56.71701175,2780.838224,672.8892859,53.20346868,49.94109177,66.46594135,41.10515437,5,1
21.87365073,81.39796898,84.03863339,5090.634536,1251.034632,17.65541922,28.82283982,56.13690172,60.80275543,5,1
48.33788855,27.32174871,60.17576885,4298.267385,955.5872097,63.49950702,6.376495247,85.67638875,53.67421183,2,1
19.90559252,67.39071565,61.15728095,913.4043379,4326.546549,29.16531854,52.26320023,60.97018322,33.38799128,3,1
65.20111927,64.59652342,54.68814733,844.3466098,11.01764156,79.15326187,65.89282407,90.77599912,26.40496011,1,0
51.64879506,38.31360891,73.68900955,10000,350.9692151,80.81103466,47.83332234,58.23316222,36.00144629,2,0
20.84897001,53.04853932,51.57602367,24.81104047,263.94621,46.37874558,39.30291354,17.1122422,26.23297883,4,0
43.81581846,43.13550126,79.52862754,6353.812058,243.3916218,18.0810635,59.2900433,91.35625558,36.74511168,1,0
34.95687189,52.78532871,37.35701719,668.4127734,201.3679529,64.67749611,48.33335599,68.16274984,40.41102322,1,0
56.38349021,72.6369652,38.02167491,8828.527179,987.8861378,99.27870183,83.71488384,69.92389944,17.55172767,5,1
76.80900892,59.08409349,73.7485351,1257.052365,70.85470201,62.25908979,74.65456684,98.54817506,55.76699655,2,1
12.49655061,57.6291256,58.22911571,1741.340581,1082.624556,3.577469071,69.19016114,7.519655421,30.73930714,5,1
52.30052158,43.5453602,50.92217168,3683.983219,945.8364815,1.729397577,65.15468228,42.85926071,18.95289124,4,0
46.79734409,27.73915003,77.80115465,2657.786937,231.0038594,32.03619705,24.19665171,23.9095393,31.20981429,5,0
63.42680153,46.87297684,47.85477172,1147.909997,233.1740849,19.57838069,63.25987404,63.04264647,46.05645392,3,0
54.26393256,68.09912232,55.99597491,2421.171859,792.942005,81.30512071,57.52651915,80.68116837,42.075955,1,1
34.96061337,27.09248215,87.984559,3935.86453,1148.963036,84.4805667,62.12849457,96.63107089,50.55295287,5,1
43.61892129,34.17365948,90.78284692,129.7715776,1673.118109,25.86187713,59.85218974,45.4596107,62.45865313,2,1
34.07948286,51.89401604,91.44796421,33.787469,1529.189159,32.56447769,59.05525176,78.62182306,72.6235051,1,1
71.52014277,35.23017823,54.35748446,1837.838367,2679.255815,23.62469677,100,91.7051592,47.13715407,4,1
50.42623297,38.11214829,84.6140581,424.1260611,696.6427087,90.83825474,48.4762866,68.33254325,13.26494032,1,1
88.02381372,43.64602127,41.02094344,3275.007964,1914.494302,50.26493346,68.72674762,24.27325524,33.27222994,5,1
48.78678372,29.51573894,41.86194251,722.5956809,1322.349428,65.61370441,40.58020379,60.78541511,14.89204039,3,1
35.83186466,35.38817231,12.99088295,1701.400234,1800.507557,41.54820867,65.81283168,96.99520478,82.42135184,4,1
19.72571215,60.55141875,93.45736404,660.7093564,9.355774969,63.10141935,68.7863978,98.75538289,89.68502206,2,0
13.93720647,30.38945327,42.72040302,2385.430656,2702.836509,38.58553767,57.28852154,64.23598237,56.25777994,3,1
18.31728114,26.03191798,57.46934841,370.0760778,513.2489907,33.96784377,83.38493885,88.69877579,61.46147107,4,1
55.34253302,40.54962531,41.79351316,70.13400353,1280.315105,63.44800732,32.31447927,20.03493638,46.27357983,1,1
60.17450046,60.97933254,73.90330497,157.4556073,108.8428513,59.1062078,40.25558117,24.6078605,49.15139789,2,1
18.37618596,47.04617288,52.48732679,9254.244055,403.2668499,29.35279542,54.24760172,95.28876129,0.063644542,4,1
67.90076628,43.03128383,33.90366219,460.4544698,253.3709261,14.93484503,67.61613707,13.52353755,38.15169087,2,0
40.33877897,50.66538196,68.83325128,3697.922018,275.8634711,36.85766938,53.58859043,19.11064381,17.97117344,4,0
52.93586024,23.81438851,31.3253995,211.0298622,105.23184,41.51976391,75.71518073,42.05485991,47.03391344,4,0
82.24441257,57.42058481,43.25188549,343.4067889,1310.944402,62.86843334,36.76620258,58.95842878,38.50975387,4,1
67.93678632,55.75152547,17.86221771,2133.177447,7.428231815,91.45287636,27.18843021,60.3817219,88.67054906,3,0
44.62938704,43.86037289,31.52083776,1875.741927,299.7611095,3.618479753,56.16256673,29.19760087,62.91569222,1,0
32.17615549,65.08886768,63.57058339,9083.546155,153.3261238,24.36610125,48.45639448,92.0613898,47.11279956,2,0
6.963691973,33.08755852,20.70927924,8692.304391,711.405452,19.37159423,60.85727441,91.50999076,33.32650782,2,1
35.61693362,66.9186349,30.37708551,4537.051246,234.6944619,50.22944087,49.45195418,39.20680531,81.90053647,5,1
45.77739522,52.31740498,59.95262168,2764.677483,239.8020544,42.9700807,43.19960419,43.42917694,39.25113385,3,0
30.25640946,44.95171115,49.12786208,1820.690025,536.0730477,72.90376238,48.50124857,70.24971168,48.29184904,4,1
47.37486066,49.70189547,99.84073272,1321.001456,846.0278081,24.24159125,50.5769779,66.29958964,41.05624011,4,1
51.53703766,48.39102851,96.67793092,8817.349683,103.4536724,59.44983657,43.900374,38.2297015,29.89615236,5,0
45.50288036,68.30424345,42.64155074,2770.767992,154.3936218,88.38572636,45.93735907,41.42442515,40.91265556,1,0
36.99994838,33.84981309,71.14275237,2595.884205,227.1377141,91.06777399,41.92813326,34.80389434,0,3,0
53.37309344,38.56221141,74.98565114,791.5104193,2912.017007,95.87846047,67.1333024,23.5385007,1.307339969,1,1
58.83881299,65.54454338,48.05042284,143.4700214,404.872813,77.32611521,53.88042009,45.81383629,48.74076354,2,0
28.19201845,41.06697597,30.08916927,8711.570125,731.0153123,90.59879063,95.13504944,68.64341319,79.20499226,4,1
78.21864759,63.50799616,59.75403101,1129.475417,221.1751406,23.4530872,53.21409103,74.19667053,48.7055276,3,0
48.02823735,75.49153975,56.5430865,1753.357414,539.3967913,19.75809444,38.98285059,77.88736483,21.99077863,5,1
50.37699246,43.9730746,51.28471006,365.2826199,61.60780053,0.648808378,100,37.47320135,3.928656148,2,0
64.16428847,60.2204349,68.84633736,5440.622857,28.28800563,70.68443574,58.27252755,76.46359943,59.61318151,1,0
54.66432263,32.69461578,44.98540786,84.06232037,505.9932407,93.74671878,69.80249574,0.651631569,25.82012122,5,0
69.06273268,61.32099947,36.96004905,5387.135527,406.8748766,18.6935345,61.84205966,47.70499377,56.08088546,2,0
55.7424833,52.99135979,62.18165941,453.4630646,117.7615345,63.69435754,62.46022059,79.39044001,49.74662895,4,0
37.75125251,57.09557423,67.71940185,6529.552412,930.780348,74.64597592,60.71308103,63.00447206,51.95750981,5,1
57.2300705,40.31641892,36.46710112,3925.474771,3958.521833,92.76142351,27.9583087,47.40631242,40.84004268,2,1
27.12547585,25.08374877,78.56181222,539.7862106,402.8772151,64.6860224,57.35058095,64.46420066,49.59110962,1,0
52.17119412,57.54878097,24.59037724,2502.874385,783.7223794,97.02937327,23.50277392,90.69460031,37.01363997,1,0
49.33540019,19.04895271,48.43773083,1124.762525,2636.949897,34.4673141,46.51274327,56.63818006,24.11733664,3,1
45.83766285,45.23974262,54.83982928,588.8954984,1424.821682,34.99285338,35.48765087,79.97861915,15.91252349,1,1
47.42924977,64.117728,47.27552575,5880.865256,498.2288499,54.301251,57.14940372,98.07427252,0,3,1
12.36301909,52.87846604,48.69879053,1550.142615,1069.971311,38.35018811,56.68252495,70.55682021,35.47226094,1,1
39.02550185,79.22513967,97.42148965,1525.204265,109.6965838,0.142572829,59.62291782,57.33257639,77.98445457,2,0
51.85689802,65.37663729,42.98231822,558.5791534,574.1221715,73.17720251,55.74593145,3.748594713,58.25200231,2,1
53.19712784,40.19152418,100,1448.978115,261.7597979,75.17170415,37.86349316,37.44778983,45.69272796,3,1
29.44649718,50.4097007,68.74253559,6158.208295,140.5917523,74.69746047,44.77993021,56.54427335,21.64987514,1,0
75.31415682,49.28943946,61.84110275,1353.563103,444.4923089,34.50206666,68.40792323,79.72065717,64.93348064,5,1
32.67650304,26.26734855,69.52480707,9084.98722,112.3431219,52.22894733,71.35713355,43.81047896,37.0172672,1,1
69.38914401,35.89401625,100,8773.524036,960.4764328,35.99735182,27.06433803,96.00582758,79.37335784,5,1
58.54388724,41.5885864,40.12813992,469.6058698,487.3979096,1.603640003,19.38144735,27.17937526,15.47281842,2,0
37.0754538,19.45669246,37.59164162,585.532031,605.9687545,56.24489413,35.46221234,74.45671952,21.2507618,3,1
85.50621785,50.71240202,44.90267607,5956.19439,126.6115131,12.37606661,70.90415164,41.90314171,18.81825139,1,0
26.12726336,46.26392233,60.64286294,1496.498077,120.4459317,8.004132409,74.2976806,48.59884946,2.947040739,3,0
68.38308347,24.90659148,25.4845775,13.15072839,700.5326411,75.54990687,31.50576239,80.25020339,16.57388287,3,1
70.01164636,56.06319298,60.44678479,960.0861686,3360.284116,0.950620242,56.14618707,29.62152617,42.58040649,4,1
36.58759582,60.73809117,93.87094267,2731.14214,80.96252069,95.90084436,86.68862666,9.68120566,22.19497438,1,0
77.849306,53.40551718,63.02814781,4817.323383,269.1969895,51.52553641,58.30622954,52.02555846,0,5,0
44.99906971,45.13897737,54.14629082,429.4939039,1628.855054,98.30164307,78.4300657,52.87946118,66.85683244,2,1
55.77387259,58.87163228,47.63679103,351.4268279,60.01336465,5.799757247,69.9745314,79.71677722,0,3,0
55.20643678,60.20330541,77.97023409,7656.705074,1669.242029,58.35295489,31.79602588,96.83192062,54.73070712,1,1
47.31382517,54.61105355,43.48334454,4172.695244,594.3507286,34.9327036,46.20037153,5.530068633,40.78036474,4,1
66.21616546,37.63081624,96.92791841,2673.182114,419.7595018,84.34824928,50.69508957,59.16894737,92.93432041,4,1
65.86977441,54.14901148,98.66719495,4398.439531,296.4806706,36.12227352,52.08266776,68.12785303,64.92393704,1,1
15.02936054,67.93220976,65.13501597,1680.333129,282.0520445,26.04875791,68.32657907,98.58013507,27.38488511,1,0
76.08680486,41.05056412,59.76969824,4262.107745,291.9991165,85.75531271,58.17369525,94.25902143,22.44841094,2,0
16.75016024,81.46909009,80.61319616,1394.704361,1728.88982,37.46530917,0,71.24507647,77.56819202,1,1
70.65092409,42.11553599,81.89597004,839.5170196,1029.290215,1.683331986,23.74319454,52.17894112,3.103222572,3,1
72.53410274,50.4861052,43.88016538,3917.057953,886.2588851,39.02891008,6.2523817,16.15239223,44.7719984,1,1
28.1806714,39.91271606,49.46889734,1632.486964,1282.562507,65.4522269,53.50730481,38.41765552,36.72198842,1,1
41.78371424,53.34906254,33.55305131,10000,237.7708564,25.43595388,54.80975299,58.51223251,31.41934828,3,1
27.88590663,23.86667461,68.18129877,1289.973607,769.9574001,43.19875924,55.66449917,72.52003966,48.83784961,5,1
45.70157939,41.80937302,73.33255767,7642.673807,493.0470493,5.671513828,30.82143465,63.53995575,44.73899651,2,0
43.83931432,33.61818199,33.00148724,8107.511517,1220.230496,58.80927915,63.4828801,71.41228018,51.43501857,5,1
65.59321065,52.03007522,50.8960219,830.6337328,295.9889291,75.62949239,64.32524993,42.91525046,43.47439131,3,1
76.20617492,64.91671063,33.05492165,4801.74942,824.4159598,41.33125614,24.89701866,72.76272906,50.44203513,5,0
77.91367622,59.69009281,42.0240038,1702.582159,1711.097901,42.02326328,20.67923597,14.3741256,42.33412982,2,1
38.75663947,14.42510959,71.0203412,7485.770264,411.5329513,8.828249858,49.99736628,16.25863118,23.51432782,3,0
45.81556253,80.63104479,45.33035867,1794.18893,55.15608727,20.19408645,85.83564547,16.28321458,40.10003151,3,0
16.33123616,54.42919911,53.98348088,4091.294804,580.6203061,15.46753031,83.99485484,89.0864957,22.14033601,1,1
33.88259867,38.35251289,27.45376544,1887.518132,339.6846887,48.16877687,61.26808721,7.603406331,20.49058488,3,0
69.29703266,52.35691878,63.73980419,775.5380214,892.3432341,52.9255541,35.40006657,80.15083727,31.59624993,4,0
82.31165647,52.64284734,59.1145336,666.9946268,2413.285712,94.89401313,67.73685319,23.3570898,37.01442098,5,1
25.31302256,39.99726925,45.420815,1662.406268,531.8162212,7.323150428,40.9515147,46.84299405,40.88063266,1,0
38.15071482,52.96875001,56.21971405,4225.554353,502.1725918,59.98679732,34.64985927,91.59565955,62.90947068,2,1
49.47188486,40.88791569,63.60589761,2787.151517,850.4064863,52.64985273,7.120663368,58.59372297,27.53839794,1,1
55.60322318,43.93457011,43.70263702,3500.313248,87.40336106,51.62330979,52.04764397,21.01176862,44.92129816,3,0
33.8079296,39.70581296,30.47474912,995.2210222,233.8943621,87.31592874,37.40265302,28.40900603,42.95069285,1,1
58.48122089,28.50993065,96.11148865,1970.071694,2010.440733,20.55384707,51.92860759,92.04466239,24.78429281,2,1
40.52321306,52.18754705,47.33454591,136.2327255,886.7909926,4.077327434,4.012846075,42.71439251,41.84351966,3,0
49.71095458,58.77949155,58.06479794,5103.54823,10.82818669,67.22715076,53.39653345,58.6985483,65.06803538,1,0
60.92568496,57.72325394,80.2167947,10000,183.1537373,34.51574641,1.377576721,45.99321966,44.66265542,1,0
50.1284454,62.29887879,100,1567.070877,918.6722244,1.758991621,71.75880507,37.8438088,45.66459823,1,1
41.27228219,54.86510315,35.110271,33.07259071,1156.493154,25.13740073,60.43782468,22.32791269,22.36679173,2,1
47.80780392,42.00911753,68.99654427,558.2393326,1465.363342,30.93267742,44.42670457,68.61915005,89.22147128,4,1
48.23274082,62.59495797,45.84895429,3171.203889,276.448751,61.68383768,61.2543972,71.82420263,23.79109074,2,0
42.5997794,29.6372369,49.22419391,2840.863166,2139.250639,17.2585794,30.43851475,27.48850916,0,2,1
44.82407875,36.48992926,45.59575958,4651.593278,644.0623081,41.3054348,51.44751031,78.90108431,61.50460301,4,1
81.97294341,35.53699893,37.48690064,878.6226287,954.0018011,48.24754444,65.89548077,85.45352003,37.12957401,3,1
61.21838896,66.20084089,59.17417276,4327.095027,726.536755,45.92373914,0,92.06750962,32.42395448,3,1
44.09039364,64.14182771,30.50994626,3494.102638,104.7615421,97.39407667,41.05551281,16.12124139,26.36115549,5,0
63.93908809,57.30957856,78.93615133,1169.430112,2639.952864,4.550423779,49.5471174,30.39236836,86.79286561,1,1
43.3236102,66.07894798,61.10005872,2365.593866,104.8851412,95.09681865,46.07412765,86.03533475,48.86475697,5,1
73.46249275,36.81075826,68.44869946,477.9503332,235.3701003,58.1937214,79.14203652,19.85402028,53.74378054,1,0
57.39284384,55.2289268,50.67622776,1807.531916,1344.007968,79.5727715,27.5219775,0.346845924,44.06539059,3,1
47.85395712,48.12238357,52.65592132,6390.874434,771.1188953,43.0392618,37.57681513,87.08273103,46.75124034,5,1
58.95433852,62.70323156,65.7512781,1640.350173,1456.864113,45.38378813,11.68261947,32.64494418,74.96561526,4,1
18.58247696,48.27163651,36.71898735,5489.631118,580.1003643,87.9326499,80.20573303,41.44975251,33.72863347,1,1
27.46465062,44.22585667,52.84019131,2676.648823,378.5583217,89.59344963,45.07419715,44.63340257,3.576561362,3,0
26.12149987,58.11362778,42.80772972,639.1219479,2039.254109,23.86888814,41.23182224,84.82746007,61.70136636,2,1
52.8588619,63.14253751,42.18862379,2610.413876,29.54060703,19.92418786,48.95034635,33.78921446,52.41754031,1,0
84.65029999,39.97482208,17.80323519,2115.558047,1551.077357,49.62351739,62.72471657,89.22798859,42.69949532,1,1
94.62600292,49.08386493,86.78653179,1525.691227,209.9419098,90.02770271,56.94726807,61.6939138,51.76883104,1,0
62.76102203,34.1233905,46.26922494,382.2405137,1510.984633,32.23550934,100,52.7286724,30.73139449,2,1
60.0168895,12.52908474,83.2675211,1617.205495,119.9113243,65.20146153,59.07871777,32.56145071,40.51731457,4,0
13.97884532,53.00689447,81.37584643,226.6362299,694.4176366,70.81516877,40.69509142,24.37116963,36.70749365,5,0
39.14652401,59.13358034,34.28000587,311.9811884,1752.176348,77.86746649,38.77286525,62.40584428,25.21279357,1,1
34.24432496,53.93100214,38.23177529,1613.13415,513.2634024,56.39244579,42.14482095,44.68941601,69.72931958,1,1
37.58304803,20.75657423,100,1093.177437,1098.123603,40.24551783,19.96326151,91.05160099,4.693534315,3,1
46.63712363,44.73725855,95.01851884,7792.653926,1306.458501,96.70159888,50.79728415,49.16387161,99.0220543,4,1
40.55818845,16.7247836,59.36962973,1413.400668,1066.943946,61.13307533,65.66936212,51.17949167,61.93405523,2,1
10.41400379,70.54551661,65.14746213,4254.694357,2075.73868,72.85652116,37.73272799,41.67232811,0,3,1
64.95820512,33.70918127,47.38307194,2266.648125,473.6780467,34.49828457,33.85239887,78.9262997,34.39584176,2,0
28.54513949,68.83105414,68.64705428,3653.055863,152.0818202,66.9949181,80.31890293,42.48391981,35.7863521,5,0
54.78493728,64.18804466,45.65636199,903.7855166,39.19344111,25.77976622,21.47033687,26.93419997,49.79716572,4,0
91.48165339,36.49114471,19.35292471,8537.025629,226.378403,24.50969175,8.64363247,86.20308743,15.26554323,4,0
31.61230817,33.00822573,33.56888427,2265.63268,123.6382772,71.47222018,26.94196113,59.68282214,40.80063358,3,0
0,55.25555325,60.42185496,5339.32796,653.0635472,52.13947363,19.19134566,59.15102198,36.97201505,2,1
44.27991556,37.33513944,37.37865529,1362.606723,163.6000777,68.32766104,57.72452128,61.08222072,21.55954094,5,0
72.0191927,51.53726963,58.6544507,316.7861265,31.76951147,26.94384907,42.78590999,71.88397482,18.08119421,3,0
89.16694908,42.75758614,38.50677921,3359.921317,29.32274677,59.87233411,45.6062591,31.30679893,62.97011617,2,0
25.40900811,23.28262378,44.35292155,23.36973319,1424.985654,44.39336497,73.05868354,3.384437083,0,5,0
59.93398446,16.54297971,77.06330613,1934.745668,716.1126443,59.69602868,36.17330278,81.05931609,51.9469734,3,0
40.69379086,53.40026373,64.94961095,642.5585012,354.6398825,29.08797322,65.50178823,12.89050539,59.93775767,2,0
47.88103291,41.57663381,59.80671157,2961.552242,1797.175879,71.54509636,80.22645598,72.18197372,34.53604154,2,1
100,41.70365275,77.57927946,10000,58.22570024,80.59293662,40.88675004,8.231529829,41.30932099,3,0
19.94059343,60.43795759,69.61217187,1873.119274,3142.606172,25.99164739,64.74045711,37.5307842,69.08737499,1,1
55.07479323,67.60163415,88.93126583,5102.986658,766.2983086,30.06205599,45.16364175,6.302606983,22.37871223,5,0
59.35386344,45.91182918,50.80281475,2126.514043,162.1476704,66.11542697,68.48196258,52.22136796,24.95868928,3,0
71.7157265,44.8910194,51.40730043,2054.584988,909.2235525,69.55851743,18.57021625,65.31357728,27.61290797,4,1
51.95966307,57.5021455,33.97781467,7995.984943,1153.044099,70.40996844,17.0897551,17.14331412,69.13313998,3,1
56.16101079,29.64596645,51.42038565,6620.894032,448.7732566,68.26985048,42.1746457,37.16276184,72.30734367,3,0
42.16702865,53.34729582,79.29539789,4622.541878,1582.274286,39.2807717,32.22150382,93.0239491,5.102744138,3,1
55.38253882,58.27828958,85.99974745,1054.020824,130.7047653,39.48536744,39.66581781,44.23891171,65.15601868,5,0
43.13615449,60.20345313,79.20610336,2362.429069,261.5127213,25.48176236,45.60946835,80.2543569,60.47270766,2,0
62.4314378,20.94870946,24.11616267,760.4110088,78.52465804,15.68336999,64.40027064,92.71847451,78.83987026,5,0
42.60779328,38.57967095,81.66290425,1760.511517,189.4673136,69.25773794,41.84678843,97.4345825,49.6277008,1,0
57.54200788,36.82605121,23.22962753,1986.184551,218.2125016,9.318878597,33.52277379,89.83220197,38.89349699,4,0
49.41474373,51.49830432,77.96234648,5344.952921,1997.258181,93.77922868,42.96973246,31.74053292,68.63041716,3,1
72.52100502,57.2111687,52.64430947,6790.911482,65.06322462,82.66863037,34.6170944,96.25728862,57.47259479,1,0
48.97212553,72.45065611,74.05066628,1606.48253,446.0754343,85.750574,31.31988996,81.23952417,96.12246035,3,1
14.53935064,42.57551779,33.35103304,53.58913044,608.1113935,90.66688146,17.73966373,83.71755836,63.96769612,3,0
75.23843001,42.53641253,83.42335265,5936.592279,1831.68024,40.86049707,51.38956232,1.517298417,43.83869941,1,1
31.88535398,67.24508028,30.70050508,574.4938367,4858.562757,84.67007234,38.62588587,95.42388633,10.64739049,3,1
36.92467323,54.44865408,46.63090178,2917.646602,1119.951595,15.80613003,69.32557478,77.80902238,25.47707057,1,1
38.08677412,69.01477267,40.03810744,75.86388816,2826.62246,2.164179461,21.05207816,76.79674965,4.101125549,4,1
77.48876186,54.33092005,24.91430294,1530.010262,1237.550421,78.48913947,39.1583289,8.152473093,34.6234491,3,0
7.28651572,32.64325072,61.89055135,10000,2641.863362,7.4796648,86.25814441,23.25685411,63.15168983,2,1
100,30.00307468,96.12178236,318.394442,982.8056611,98.85246673,31.20780966,96.22616651,39.90822279,2,1
71.12113618,26.72731626,100,1653.345114,66.4995966,67.47964296,45.26933496,50.06770748,65.54313172,1,1
54.46477828,59.93077752,61.94311574,1100.825045,411.2248539,75.34497102,25.68312034,39.78580182,48.43934334,5,0
48.90211999,67.82895235,82.3336255,7064.419297,832.1176266,24.58038563,23.03144974,83.99408171,29.92269276,5,1
55.7110815,77.74043212,64.64189276,6105.472726,345.5111413,67.38653939,80.94621966,8.734041411,42.19062888,3,1
60.42244857,62.64657998,69.9776639,814.2404212,255.4856211,4.321993725,53.42078985,41.69420163,51.80241728,4,0
62.90431172,67.44257866,53.15702698,254.0205479,689.0619517,83.78257199,52.67357676,37.57007744,43.48058496,5,1
61.11208932,41.29975501,63.90153851,2959.643874,2168.465242,16.9624093,16.0736753,34.9851387,43.76710572,4,1
51.79161363,32.65376275,70.74957409,1230.085718,28.48671512,69.73580668,57.17482776,30.76922437,20.77374731,4,0
46.05323159,62.75118999,48.43080542,3344.996976,1173.071161,22.44805012,73.14843892,21.00749568,29.17559337,3,1
46.97453433,56.26521128,58.450114,97.94074291,1026.202961,6.845316943,72.98954122,17.2910803,96.4615199,1,1
46.10183439,51.61166562,58.83139762,429.5306614,2658.35475,48.14936785,63.36666459,64.04061169,70.71166226,3,1
72.67540194,55.81057221,76.52806635,3478.645353,2135.577859,16.92862103,27.41028845,91.93948412,3.15397758,4,1
61.87113445,54.84778224,38.67935657,716.1830236,1149.169788,72.94439883,56.26246834,50.88516452,0,4,1
0,69.2572529,58.96915583,5847.086211,587.8569048,23.75658434,63.35169921,29.79745523,41.90481054,5,1
63.11801553,69.42478377,98.24010938,181.1324117,182.7938174,34.24725562,14.1111283,15.91601977,62.33682236,3,0
53.89472389,58.16330529,83.28120305,728.0572217,630.3808452,56.74392513,27.57440817,83.01433651,27.00145406,3,0
49.62582487,62.68704309,86.98358098,10000,1159.734987,28.49682776,67.76314643,97.14920565,65.5414682,4,1
42.22963094,57.71093829,60.4886368,1702.590612,1808.151024,37.79881162,67.52091553,34.91554015,41.49136413,4,1
72.4822544,43.08245402,66.41995127,3641.722608,1247.421842,81.5621771,19.02833933,29.09504256,35.92346801,3,0
68.95052924,61.34847012,80.04472333,605.1115327,173.7957225,17.92098496,65.90042919,60.1492953,58.9028794,3,0
34.54244664,29.08257397,91.20511059,2823.816059,732.4054598,8.220158948,51.90606798,77.5328981,26.70310518,1,1
58.14104574,65.80837328,20.96794174,3885.043075,322.9814473,32.83577851,65.62017909,45.54028035,32.83234195,3,0
30.56686531,32.0821559,33.69117386,1132.718092,7.398641118,42.4376767,37.30957353,63.00731499,56.75418155,4,0
22.4076367,54.2870493,86.18888203,5296.470657,178.7358074,54.26592821,62.90366993,71.6549068,39.21510157,5,0
37.46565551,37.32269062,54.46221288,2774.61416,96.12726993,37.24236962,66.87657549,96.05922879,87.71940683,2,1
67.24786945,58.30083475,46.56558421,1478.578995,1479.77764,78.99117002,42.97330129,16.50373305,57.34563532,5,1
69.06250091,49.49112161,34.91678026,2446.909978,239.2708394,3.931948767,50.35505092,99.73824938,55.72034571,1,1
60.2617084,26.07866063,48.89966597,2579.453662,268.0403235,43.17675382,37.02956741,39.21566552,38.76238385,1,0
64.50191574,56.31049447,31.95261433,542.8944864,2573.833101,38.22559147,83.03277897,72.32001427,61.86886692,2,1
60.32356574,41.33118835,100,1546.169923,381.251086,64.75784908,47.59456121,57.2414378,31.93480568,2,0
37.1703681,63.21720081,59.55127896,1262.180581,7.705502488,96.62762519,31.5595135,48.6668617,47.05944378,1,0
58.63845089,50.01988533,58.84098916,1536.993883,267.0882068,51.03754066,35.68348172,69.80753687,17.09267382,1,0
66.0081905,55.93131478,71.7615335,4295.263642,101.6302056,98.68768469,52.53541202,39.57538502,65.98603481,3,0
65.0858266,35.63646567,79.24690339,1976.459922,86.78881529,30.22493949,65.06662344,12.61099813,47.26511743,3,0
73.77826743,41.16001653,78.91776313,8456.081606,64.52330043,3.086813254,23.2834631,48.88933831,89.56282659,2,0
64.16607694,43.12042046,81.47243888,1043.045425,719.6638526,16.56631675,86.95320006,52.19158707,99.80745959,5,0
57.02896415,62.8505372,47.38308898,1612.04056,167.9328607,39.51248848,56.17350588,20.19021534,59.08298629,5,0
71.40300477,75.16065632,54.0426639,4638.781098,358.5846849,31.63339092,59.32911946,93.56193563,41.71063278,4,0
49.46957482,37.92242372,75.38063311,2369.136758,1584.503984,9.705413098,48.05620912,22.74756466,16.3483872,5,1
32.36250698,66.15272217,49.45221877,2375.775866,441.7878711,43.26601077,50.38517935,40.92275941,62.61874508,1,0
46.73866072,17.45483873,59.89786736,164.4463529,1978.616648,33.81157717,47.03433724,15.49296868,45.2571141,3,1
35.1019471,32.08715898,67.97527529,1525.483343,551.2254138,12.26192205,70.35591938,53.57966462,53.45087098,4,0
36.4964345,35.61832316,75.70370165,947.1490896,407.1108207,29.61171306,49.84142825,30.76376081,83.24468469,5,0
47.10962659,29.71236966,24.44638075,10000,1110.281025,88.64360554,65.34100437,48.927252,19.38941778,3,1
34.15160158,26.24617415,74.294913,1106.047689,60.79249505,30.20488655,41.32304953,22.46169165,16.89239579,2,0
43.84076941,56.19498368,55.32551884,6475.364243,74.99011054,71.39554232,53.91281057,5.377512795,34.08935154,5,0
12.12770666,46.78898453,74.14915422,3383.200284,844.3818139,61.20470797,33.92159312,77.92266511,60.53002874,4,0
54.26587415,55.69108096,75.53863385,1250.714723,533.8910974,42.71811624,74.33056465,64.1086284,53.87168101,4,1
50.02410951,60.35709029,92.15830122,2352.725671,1250.101671,23.90256368,33.32505519,34.07393557,17.60778721,2,1
33.65822738,53.9842549,87.06907295,5507.809004,1984.134355,36.90146993,43.50041111,4.749422468,58.91382252,2,1
63.18491337,59.86644764,86.93143325,6446.202466,393.2981196,59.21072135,43.70079175,86.55750627,9.969679528,3,1
68.75140275,48.95701571,88.87340638,524.4671878,725.8846669,35.07532147,42.92097225,16.97950049,19.05645814,5,0
17.84880271,32.19509918,65.8275797,1244.606692,555.6331261,21.48964336,64.44991539,93.07422183,37.11356707,2,0
34.74550443,65.86721271,60.64370174,1224.911712,3196.787114,11.64627489,43.66684471,47.85953786,26.16421885,5,1
34.617153,41.16331801,77.45634166,128.8627863,1422.684913,87.97669379,77.87849061,34.03867099,62.24648722,5,1
31.20193798,35.96605552,74.64161903,2735.684423,1941.953848,44.03129758,33.63049828,74.17594769,47.15946208,4,1
66.58949684,47.33123186,53.81867527,5789.343876,234.7885314,62.52083217,53.3875494,87.68394061,84.13902944,3,1
46.12347722,36.30783621,68.09646818,1441.735097,1184.576954,49.04103611,34.48428021,37.07135636,33.82036587,3,1
44.70970317,43.73854427,59.29807066,4041.635722,246.8230645,87.25665184,58.41945565,40.73437522,36.94494622,2,1
9.922752712,55.16080882,42.92134183,2964.169227,187.3054953,54.69348524,49.68100546,43.31582193,70.25956523,4,0
62.7083606,55.22512609,85.80921483,1413.126435,2309.734216,48.07814179,46.89875911,92.23230615,37.72697992,4,1
25.2148321,36.532549,61.10398485,456.167924,15.59454419,92.46009904,73.76949933,69.25639915,77.35013119,2,0
51.19865261,42.68441941,100,3706.636583,2690.860133,71.9689596,36.91316258,24.7646117,53.52070526,4,1
55.54753876,66.11499507,27.4901546,5784.081568,129.3207599,11.15499073,61.73030315,18.49996975,0,2,0
77.21317192,57.44600177,48.86442454,3473.697001,1369.345218,17.77044612,34.62080175,23.03676634,69.43926035,3,1
23.82359202,81.12597559,60.65277673,54.12070481,258.2855371,78.71228629,52.253704,26.35638892,62.81817033,2,1
0,67.70192261,82.74762195,730.9300858,345.4912032,83.58513212,26.08849344,23.01834913,63.78331515,3,1
53.6769909,67.16439603,67.98938745,216.0350792,195.4505556,54.51908291,36.74965707,65.85064472,0,1,0
86.01022363,29.18197174,66.20945508,2534.605139,704.5729465,55.44552279,48.35713909,11.59335107,23.42525097,1,1
74.77892706,61.45790527,37.45472415,4237.640018,342.2858184,63.19329629,86.29298335,38.73584897,25.28237916,1,0
54.19318831,49.20339797,36.86117206,351.5544003,856.9371013,43.91157743,52.01607741,62.5053573,18.97196581,1,1
40.16727629,41.73527295,66.45009321,5466.7393,12.61682354,68.01991235,83.09336632,29.08599739,83.5480633,3,0
66.14245193,52.52023011,32.71788012,2432.476269,53.23231945,10.84812576,54.40646583,6.52743847,39.70580405,1,0
30.52907601,64.17817302,49.36244499,3513.249077,83.98727164,96.12792424,42.25831511,8.182392285,39.08597643,3,0
59.52715539,57.51247387,70.01834658,10000,434.3949228,75.01548238,80.78713045,12.59667763,53.80020776,5,1
60.10940318,36.82289298,40.35351455,262.1721265,1349.038633,63.1174204,58.74035244,83.58430249,54.2325417,2,1
71.20419815,61.1368837,92.10711925,6944.702554,1752.676925,31.6322057,37.14556812,65.78635056,0,4,1
100,40.43618687,84.47872688,404.3772341,224.6295086,16.09554875,59.41142919,6.45224111,23.84106157,4,0
57.84831934,53.25024678,28.57160003,1497.475879,683.3473655,40.93429638,44.148105,39.10688792,4.680285555,5,0
39.82072749,45.44974899,41.35257514,5720.27276,1170.073912,66.15767406,10.21931608,27.85851728,50.00765233,2,1
49.48851376,46.71700622,14.28445511,7101.506421,272.674381,63.37097434,68.71946319,57.80401116,32.77768964,1,0
14.6184819,61.49364463,44.34817275,2117.917262,420.7618821,38.26411551,71.89868111,52.28059497,40.38468911,3,0
36.10573738,34.3970942,75.32776953,2704.979647,593.8265841,61.32863938,86.7588406,48.11240234,0,2,1
41.81435124,79.17792611,51.72210115,3694.518524,115.904877,81.37482956,58.44287384,31.45123704,32.25369438,2,0
39.51823204,22.68370896,69.21594487,5364.952232,21.06063726,2.628477234,45.02553152,13.7799772,67.8782563,4,0
53.04709744,41.03498475,29.55331363,388.6562573,132.6602734,45.06210479,66.69978855,74.23763829,75.23623708,2,0
33.55160135,55.55317835,75.95950509,4983.288161,788.6276,75.85552285,66.99640731,87.98567688,57.97158549,3,1
72.42061335,58.7647125,48.89781544,1969.150858,61.17510778,54.61444705,82.76562366,94.41509092,6.613367664,4,0
50.0041413,48.49286419,60.24339365,1796.913432,168.2769947,65.14760879,49.10744754,5.861897061,71.48504507,2,0
49.81399358,49.13913945,58.14250997,1654.420775,329.8152247,51.66763926,46.68842055,73.99087116,58.10005638,4,1
43.44210567,56.15825128,34.56902958,2135.226514,64.85530982,99.18745447,35.6891116,72.65034594,37.07027415,2,0
53.10381368,46.53395784,36.93831337,8704.025007,170.2568804,5.462153649,60.74924173,94.71096141,0,1,0
66.50196529,70.89771887,79.35588938,2383.572077,1937.72388,49.10448218,19.03476664,25.29145945,63.83987377,3,1
32.65739569,62.59023671,67.97984315,9184.176719,15.59023339,9.141654911,65.52174746,74.21790383,25.19584175,3,0
36.83767022,63.09236527,81.00098083,596.4144575,847.7408101,15.97855621,61.75670244,5.462628877,48.65414553,3,1
43.92547942,35.50764915,66.49316471,3863.541635,388.1379078,38.30383504,61.70140405,63.12457208,41.70984652,1,1
23.08258153,48.80917363,62.8598127,5017.76481,893.3771946,15.55400915,52.76450473,35.08478241,78.45987461,5,1
33.61484281,45.49301077,25.47978763,3410.14674,710.7298188,96.3687166,80.65956495,76.89094395,36.86582535,4,1
40.47558253,34.91597936,54.59266606,2801.243779,202.3656258,94.67897767,67.43986931,86.33042864,39.62216025,4,0
67.48778361,55.40246276,59.45231359,2495.936857,1502.949997,33.61096462,37.85845617,36.48210422,79.46538476,2,1
55.25122658,41.93531363,99.06214397,5918.344037,541.725185,63.9747712,38.21641901,52.55860927,23.54444391,3,0
53.87179823,59.83105745,73.73913264,5171.964863,1383.190091,53.37533206,32.40652373,11.74040624,60.35807129,1,1
67.01795924,33.94712656,90.72122363,391.3127371,416.7176516,81.55869805,61.02566666,41.69069652,35.03460693,2,0
47.25256423,75.78560919,71.95075412,5663.245247,3343.166966,62.74456098,29.99722158,36.08003933,14.93645095,3,1
57.809297,36.55501012,45.77393546,1603.657783,1177.444706,0.025245449,71.66784287,18.31234598,40.02902467,4,0
47.93556494,53.28953506,62.34248432,877.8701017,2703.945016,76.31743856,76.45946617,89.44786248,57.29262784,4,1
55.30724699,61.87788966,64.72447293,6115.326496,577.7749185,74.68481213,32.41967462,14.8087838,73.842746,1,1
38.34482685,41.44039355,41.2168886,1697.032568,513.4936301,50.97227056,46.28902931,63.57393575,76.86734963,2,1
1.223656834,62.78702965,52.31225247,4956.483423,1126.680855,90.29189732,50.33241963,89.01426435,32.63089814,3,1
47.31441676,31.56224603,55.88466013,917.1455356,1698.154943,90.84462057,67.67966321,91.19685799,15.3187692,2,1
78.45496272,71.78176549,92.11239665,11.81118446,2662.635559,52.39116767,82.18686751,79.32396998,32.03152751,3,1
68.52430804,50.21223897,18.38518949,2052.319669,313.9031724,60.79882312,16.29015214,17.61411339,10.46173117,3,1
69.30794969,41.05382888,84.11636841,316.8424989,1282.385334,99.65220719,43.63638565,81.74314092,34.56534501,2,1
74.72261444,45.51227341,41.2640953,4211.85956,189.2319039,29.88202348,44.67966609,27.65648124,31.45836791,2,0
51.77315182,62.13378904,32.55841625,969.2030132,630.9767664,32.46172423,21.9866029,92.23980274,58.1872551,2,0
53.94631415,41.23317062,83.5988426,1759.049584,158.6126168,18.27739027,40.29779961,70.90866814,0,5,1
37.64696209,38.75963466,74.63796138,273.1684877,341.4294817,89.58669392,58.55537889,78.5267561,21.65980135,2,1
43.67854288,46.67695104,85.09037405,1013.388181,2143.084829,74.44883899,44.42642194,8.50324535,21.86204239,2,1
62.315423,32.34556831,76.01403895,4562.773836,126.3442373,10.56428489,19.10757663,58.27651134,69.67818131,4,0
74.07768874,77.30815862,100,493.1664248,800.6098589,98.17673512,100,82.11421269,12.15389056,4,1
47.21107449,41.50408113,71.17447674,3125.218016,719.0637987,73.09617082,55.3235573,86.15903528,45.66643399,2,0
40.9962147,62.47425179,56.87045248,7482.175906,102.9382087,85.05221096,52.2338826,2.863170473,36.79678964,2,0
50.01055918,53.14205125,66.85852755,3416.772863,315.595261,4.815078917,28.04147274,93.91592326,66.07606317,5,0
62.02413498,35.23198924,84.86938257,4998.369086,662.2238088,50.49609189,55.21412324,4.33387333,54.89579661,3,1
21.12290368,49.91067936,44.41249349,346.1370318,165.7951079,69.85982867,46.71572432,61.45186797,43.0310933,3,0
4.076380937,61.76004169,46.96222835,865.9749505,1290.048853,54.29465846,12.22953175,69.33875276,26.13332814,4,1
38.98926301,47.17607997,53.82079971,6748.237985,2864.92486,66.66474657,28.5948912,10.73452912,0,4,1
25.58575148,67.89669419,17.90834402,3766.910224,193.412089,81.78740636,65.89852035,4.801186561,46.17714139,2,0
39.83719605,65.32273089,62.76156817,3061.237931,165.5327127,37.4337063,88.880353,78.49121545,53.26224496,5,0
47.04439362,63.78372282,22.27742592,3269.850366,485.4802857,84.86686756,57.3433081,38.46706248,0.628309688,3,0
40.93503182,43.10514842,61.06118626,1604.333372,1101.916148,16.29161048,72.06166557,10.71125153,9.157645892,1,0
79.04935069,33.80236328,77.30579512,136.7393585,264.5836891,27.0886055,46.88489383,76.26678164,46.30824933,5,1
56.53489529,40.79618592,50.46247079,4603.569419,16.06413814,4.334561993,48.26907679,84.91630701,48.47854216,5,0
56.00948719,52.94361411,93.5423174,3406.263629,623.3486845,36.44268113,71.81958055,58.73861908,15.23381725,4,1
62.44414288,58.1868007,30.78998201,1920.55129,2509.847136,37.99095448,83.25554578,16.12368084,25.64838216,3,1
27.22333764,17.42642893,83.82521363,6900.552394,397.113377,80.52705972,76.02193387,1.522247149,0,5,0
70.78223575,49.87830198,73.50274113,1229.140853,435.9673539,65.31306703,28.67273849,70.08024813,74.4315976,1,1
48.48471427,52.37133838,25.67933503,1045.787621,2776.482139,43.67225582,48.66082219,55.01396748,7.503139816,4,1
63.40961234,45.83683616,100,6185.897213,948.926248,65.21139786,55.55049369,65.07971417,53.55648478,4,1
28.56285534,69.36910759,58.72509429,4783.465463,1016.010098,5.278335052,44.80644073,81.31846702,39.1259826,5,1
18.92482468,56.32670111,42.45031956,2170.694284,661.7123251,18.0271536,57.75715087,43.4227777,72.23984049,4,1
66.35779316,69.65287862,31.8582561,420.3208568,2938.695043,62.69478552,66.41153623,12.45154688,20.19364768,5,1
57.52819052,46.76059219,55.59963945,726.4878354,934.0265187,64.13668192,70.05619504,93.99832854,41.53131776,3,1
31.95896891,64.06216239,57.45186255,3203.329812,1803.285518,77.41346587,83.71740304,54.52621272,0,5,1
32.60673837,74.52599592,62.05291057,1458.6002,961.5235978,40.29997591,43.41117791,61.52941191,0,1,1
72.50869569,69.67540174,54.04407688,5432.33501,1062.770099,72.25540966,22.7193367,93.34114296,54.9083396,2,1
26.21176214,33.6178761,72.6645062,8984.498594,274.4553921,68.39803326,57.16469188,93.15836563,0,4,1
82.85345907,46.19485884,52.24740335,4914.082049,289.3255215,96.33933784,87.67622062,57.20946067,34.29456164,2,0
31.98758531,44.82252942,21.30071766,1422.253866,1222.229751,21.51302264,40.4604828,29.76114247,65.2823862,1,1
62.76783851,57.33881803,57.01277009,4663.236394,281.5845425,55.16795638,63.73693954,99.7113634,58.6671214,1,1
43.42763049,60.29530333,12.65044693,1299.010016,661.8368548,60.17644421,63.91491585,68.081709,23.3853628,3,0
62.06374862,37.41660989,67.07541262,548.5253922,229.4550877,99.86478849,53.82884095,40.84366769,0.28742159,1,0
39.11771996,51.01757771,40.41399539,101.890469,1358.542652,20.11841422,50.13849442,55.98368029,52.73737154,3,1
46.74414188,19.70109002,63.2672071,1461.897232,93.67783277,52.321802,31.53141589,41.58340503,73.55641957,5,1
50.81838351,71.62917509,86.28149963,7016.481017,1414.965654,34.61853077,4.366758552,88.83051523,23.44404803,2,1
29.95625088,42.31438639,41.02502609,819.3128903,738.5109012,52.58929686,27.76298587,48.24993749,19.91717854,2,1
64.81648691,50.8379591,81.22512517,693.9549904,165.5303219,23.21286021,42.19391702,82.3528376,26.87745093,3,1
39.73572867,45.35525429,51.33220867,10000,624.770687,4.761237843,71.94845375,84.01762978,54.29021777,1,1
45.42800169,67.19041363,95.06389604,75.9660789,265.5845682,57.25654539,47.93743875,82.43323377,70.71294016,1,0
30.11301251,7.437403379,52.69694774,4622.285379,312.6196375,33.58543159,39.61948562,72.21886125,9.009829715,3,1
0,49.75084487,43.19014029,1163.037461,346.5092135,18.19414017,32.18029116,85.48777168,2.542954767,1,0
46.17944475,48.41271864,73.74476901,114.6261017,52.33021329,32.39355661,63.13611657,38.72295796,98.49990805,1,0
98.25230843,43.19545419,51.28420541,7495.892641,3412.771887,4.928020145,77.16714333,11.46632061,35.5669303,2,1
65.69208576,75.89339818,43.17100972,451.2212433,25.63404094,95.04422341,71.26871444,84.24542044,46.32231989,4,0
49.61479241,36.69005812,50.44320299,2407.408493,868.9444033,58.1147915,62.122994,49.81684157,22.70172898,5,1
44.74218342,61.57694266,59.10786936,960.8397985,371.1888063,81.47686813,20.48774507,12.73760325,52.24905774,2,0
50.44931786,55.34379183,86.84360262,202.2449295,830.7899494,42.31181975,42.96651514,11.53125222,64.00152187,3,1
60.9423823,68.92278879,21.31824509,153.635111,352.3536907,90.33146676,88.94608458,15.9242394,47.49490429,4,0
26.38374369,39.99216373,60.46161318,368.3906104,896.074641,48.33182216,72.43900984,75.09732597,83.52145193,3,0
72.28643389,39.00546651,72.49807189,222.1250448,1045.2047,57.39453222,19.24993564,71.08566735,31.83138525,3,0
64.30762631,66.44104861,63.8689715,4288.333635,938.3738267,49.17939801,48.88818954,20.38186802,33.42793817,3,1
64.36371451,56.37981962,86.19730339,1994.065215,96.79633509,73.32782959,57.26196865,84.69234181,45.78515878,1,0
58.76951478,26.8259398,58.5130934,1259.721088,855.7708888,56.66560776,34.75683074,28.12947955,51.62404114,5,1
50.39233315,41.91042478,56.30897116,1625.756695,262.7894198,27.15989236,3.815919572,79.29855833,45.69868155,4,0
63.45722472,55.79573981,71.84659094,7932.97644,23.37941591,14.55395313,51.9764809,48.88059077,7.889624326,2,0
61.83628267,62.56646332,61.9862763,7249.002508,428.6832191,60.61243889,34.24483485,73.15486825,47.81287915,1,1
42.91918578,39.8115402,52.19182523,3772.927604,454.68343,48.91799615,34.32316522,38.13876631,30.64566038,5,0
38.52796454,6.286160153,70.32288079,6480.195067,503.6484899,9.59756967,42.9063928,34.71405971,25.47557465,2,1
52.03712591,57.84834779,46.94943414,1155.435025,976.1472405,39.56174658,47.32648171,84.1359599,40.81205137,4,0
80.98040303,31.69518965,47.77645696,1439.479917,295.5115558,51.4776422,49.81834412,3.530225451,15.96193282,2,1
25.21785849,19.73991803,49.44011956,2853.517634,302.9968262,82.68932338,32.32020202,97.47369473,11.6152169,5,0
20.64949468,7.515111125,87.0613832,2931.515427,49.97046641,7.610105583,45.59580941,64.81795583,0,2,0
53.29521682,62.2097129,0,1971.602224,928.7848453,34.84953482,14.85153259,43.24833882,83.68093321,2,1
51.01775404,51.92926176,67.9119767,1535.767918,671.1417644,82.26561227,56.22078131,62.80545312,53.89328298,3,0
53.46683329,46.61515429,60.68543628,10000,343.919092,64.84239318,0,12.27409465,37.08089697,1,1
54.87906396,70.83536544,26.38259082,5163.181081,977.1365875,28.99583218,44.21019839,51.40524553,23.31941908,2,1
45.53595491,59.55987025,66.19453558,1712.683501,616.6409601,84.5335122,68.38372307,98.50955233,0,4,1
79.79726877,74.24450064,69.51503984,3898.06621,506.7637247,49.32935806,28.81318625,23.52694378,21.78677809,5,1
17.98192043,29.10896792,71.79278463,942.3315145,572.8453587,49.83518913,64.32860407,72.2278099,57.89665843,4,0
33.4300595,49.48174064,6.963438739,316.6460209,809.2466057,97.65873392,73.11465424,43.49713758,63.55435759,1,1
47.9349048,25.74929938,87.32778824,1303.589901,863.0538575,94.71165032,0,65.24581485,56.05729984,5,1
17.13622378,46.55926502,45.24526591,1547.377817,272.8188199,35.85326834,46.97274193,20.48872287,43.95979889,1,0
46.48291191,46.27076219,73.73135494,50.02616777,121.3501116,14.05791287,0,47.04649826,72.59685365,4,0
83.22940331,59.39920456,74.82147561,5058.82731,136.2835731,32.56667323,47.63583109,98.00927139,31.78656945,1,0
50.41772977,50.68345822,42.46605829,1335.082762,815.968555,3.048326031,49.85657578,19.5287151,67.1297229,5,1
54.61401811,59.35110707,73.20919905,2605.490089,1650.056752,2.076788671,0.349120282,63.64450278,30.38543891,3,1
24.7967047,60.551602,52.29013518,230.5238717,421.4234727,39.55221363,88.49676724,57.55977488,17.97146728,5,0
37.67277184,82.32393016,18.57245641,577.1041461,148.6013001,94.10198227,55.72031615,56.50515863,14.85717549,4,0
42.49607239,45.27055017,83.35483851,6613.483401,1130.44749,87.13573412,33.01953136,61.51232897,13.38758947,1,1
43.64569806,35.88465949,44.49910074,2814.74663,1429.367272,51.14428339,79.30758855,50.22379737,56.47670072,4,1
75.6328759,53.69125423,42.91013075,9004.288426,1700.103237,56.52263812,14.08773559,1.693075026,21.43136072,4,1
61.15382121,37.96579959,51.93868264,10000,746.81346,0.593349675,25.41657933,90.00968115,14.17427887,3,1
27.77084086,72.22941153,65.44473451,1394.977173,1577.064352,21.55011558,4.010889527,82.69788275,57.84338049,2,1
54.93009557,45.75172942,58.85459178,1064.899487,12.42800335,2.477412693,86.02090393,17.41676809,48.19925976,1,0
59.96443497,41.51635448,70.96133849,5863.316403,90.74623097,75.45395327,56.64692743,41.32731774,64.06479957,3,0
72.80298077,42.93026418,33.21021267,10000,77.71642944,14.5645796,63.1880358,77.05489807,52.81498778,2,0
81.61081373,60.77626135,45.15227259,2979.849318,997.5172834,86.90471025,56.02002468,98.00623154,21.1722105,2,1
29.69811616,47.63379525,57.68005855,4756.295961,57.69687904,64.33243137,61.47535522,95.11370464,41.90256041,1,0
33.78284978,40.3749977,97.95774585,4566.28533,548.7217869,22.94186765,51.56155428,89.93591997,43.12832477,3,0
24.84844282,74.98027876,57.72374923,1317.095341,511.9989724,15.77203171,55.41842685,15.83738973,17.02103354,4,0
45.31960282,37.15745239,81.70444527,2561.852489,297.6670407,62.76247009,52.15206872,91.4475106,12.38437565,2,0
59.32716749,50.53349111,60.77110338,5370.307471,1634.67391,90.08369803,37.82816389,87.8444913,22.98195977,1,1
69.74669033,59.78459227,50.32682725,3495.351437,149.4813155,71.83602189,49.0675047,37.69499112,90.91455892,5,1
48.48097953,25.52997334,55.06551152,64.17293496,347.663209,34.85466516,55.47189147,39.45225945,29.68139764,3,0
43.60304953,57.20390752,56.63160576,1231.609347,1190.383534,58.73835953,52.21098239,45.9908922,70.82166978,1,1
53.03515984,34.17338487,72.07291478,468.1223329,24.71574236,31.07616954,20.44455784,65.6175631,28.28348726,5,0
33.29714197,62.34174171,87.49222535,795.6967467,894.1147507,99.91495668,23.10026663,26.0835616,62.22097049,5,1
91.79077443,35.56023482,67.19361695,7077.132304,1355.986734,74.88391885,71.65682868,2.294842944,62.56229139,1,1
17.84677946,60.39153548,83.74155357,112.7731867,2153.755326,61.43816398,43.86011908,14.12295246,63.8147627,2,1
53.69481158,66.58749599,40.70420525,744.6176833,1671.895073,42.32591428,61.69450694,44.01159076,49.69568355,1,1
90.47212438,62.92154788,51.70738982,1111.319247,307.8057441,61.81522903,28.15760181,28.20025694,74.43416447,5,1
50.13599689,53.76974972,45.51394932,2878.252954,706.2154085,34.16160625,20.53708247,76.4516561,49.45884923,1,1
46.1992193,46.53048586,66.28889182,2291.363663,64.35525796,2.886483946,33.12806775,10.66900705,82.83824323,5,0
42.85109154,41.35370635,52.8208323,738.7356152,238.584683,39.50885224,45.54869858,91.74652256,0,1,0
46.39216636,72.06552036,74.59545874,538.2451962,79.16916338,93.04808196,36.69719401,89.53271799,48.70715619,2,0
77.45696949,39.5075717,41.37996577,810.6977509,302.8879155,62.63010948,75.87867046,90.87568169,47.08308981,5,1
5.762761773,34.4440089,60.86061947,2094.657826,1664.752298,8.395570307,53.59046603,73.96099986,16.58700385,3,1
80.66867403,59.98053403,73.73715822,948.9763586,341.1469436,88.49936134,86.97877237,10.69999715,54.48960554,3,1
21.52085695,38.05794795,18.6939445,8846.689288,660.2430033,26.88748493,58.08816308,43.81375714,2.747933111,5,1
44.66695342,35.74904754,100,1870.109091,454.4543126,24.37694931,1.748983642,13.14053718,23.64539186,3,0
41.41511159,28.34593607,54.3369623,181.7861695,491.3453705,29.70909688,71.12083213,98.76991928,0,5,0
61.7710654,42.75635241,19.49920173,3919.859967,2793.914996,57.72022361,19.80896755,33.30384234,78.96566292,5,1
18.03751296,48.75927464,63.16187797,1196.266799,280.9570896,54.46880934,54.61067334,58.53305419,34.21126265,2,0
59.24345332,53.64637591,60.66886936,3179.521556,789.6377035,49.14137546,34.50631885,77.93930542,94.17210087,4,1
90.48619247,64.26959366,58.36211241,983.822554,435.8681858,71.75368635,92.85422069,92.06160842,60.07374816,5,0
22.73651991,57.90346885,79.82382226,2537.103599,50.47639141,31.65377313,78.79195855,75.55477258,51.20245533,2,0
53.79412335,47.13691671,74.94889943,4437.236264,537.6266548,78.20645216,35.16358717,67.45037788,25.34430764,2,1
36.76035644,47.02706485,65.95752382,7893.631743,1342.787467,17.53216784,47.45284664,46.5981782,13.84124911,4,1
58.51774412,57.65236203,69.00311268,907.8882664,83.18070748,78.26207891,54.89196139,60.54001338,53.07428935,1,0
50.38295555,69.08855244,57.91283101,1223.259451,57.70553228,66.38101053,67.26828143,9.416380885,38.21214977,4,0
37.17026182,51.89471299,95.50981698,1872.354883,133.4403673,68.32083095,50.58303825,88.3922542,6.518242113,4,0
59.7574457,42.96303719,30.41607963,7859.081244,1156.49624,48.15533971,29.50210201,54.37773088,2.078539587,1,1
86.0869622,35.10700998,62.79303348,6949.652185,1029.870151,66.70015327,35.64882722,4.013505043,16.03240677,1,1
46.18192417,28.32192103,61.30049262,282.5307909,665.9600774,7.979704656,49.91036407,91.99021257,85.52418063,4,0
64.39515884,59.99404508,76.26560812,424.4481651,505.2299615,85.1551117,74.68913958,48.93019738,95.33194795,2,0
24.13454084,58.66967785,43.12292245,2052.616891,1753.735766,5.554723349,58.55675721,86.85891416,45.12472868,1,1
30.87127246,58.66045288,25.12654795,338.2273282,1164.336618,14.87415099,34.53170147,85.68879542,43.72356991,2,0
59.44812556,48.0701083,63.13646032,1272.021799,1336.804952,57.67897085,62.96745555,81.57515875,31.5919907,1,1
79.68232057,71.10402119,65.62460984,481.863529,1342.440262,73.94114555,42.26030322,6.14030193,16.63786629,3,1
57.11226698,42.73822258,89.79198819,3032.13685,823.3820218,7.625156435,67.8081601,24.70666454,74.37947644,5,1
43.73883939,64.32903856,34.59275907,8957.074459,490.013008,92.07648141,100,87.55478725,86.83940985,5,0
49.98582811,49.41885658,83.09387533,10000,1600.077062,97.36076488,42.82347258,89.89910561,17.66452285,4,1
24.99184532,40.87473853,100,1411.168547,2083.032343,60.5950173,66.03210319,45.80688624,37.92904054,5,1
62.09030653,58.88795461,52.44470225,2741.476099,19.27518891,48.12434554,35.09213336,44.00414677,28.75334248,4,0
67.64666125,56.14454178,34.18115561,5819.407242,42.34507517,74.13949723,47.75472466,17.51406339,29.49402313,1,0
40.95819334,55.35459139,51.86051267,374.8605423,2550.353344,32.83573523,50.59124574,96.84107887,69.64770639,5,1
40.59915704,51.21917633,60.28009935,3509.336526,259.6545845,49.32644341,46.1263268,21.31384754,7.200961366,1,1
55.31756459,49.43160377,71.2757575,1577.024294,1653.185124,91.61510268,99.26027378,19.09367844,51.66174227,1,1
41.26560528,85.82557989,48.1721054,692.5677469,393.8584441,95.56554252,43.86813851,66.07289701,58.20595268,4,0
48.67734771,67.76384968,91.10397068,1546.276655,101.4489858,92.70691161,61.73703078,24.2844303,36.44622066,1,0
91.99443578,60.84240342,37.7093537,237.0006864,67.0907715,26.2448067,11.39826261,93.8771611,62.32669567,4,0
45.05948599,51.67698737,25.21589696,3566.337923,136.1637934,23.24690402,58.63993127,1.090699532,43.69129601,1,0
42.83319696,65.10735801,82.13420849,874.0370007,230.0317406,29.76645059,72.84109185,0.575326232,70.42824803,3,1
37.04916389,57.76992165,14.50757938,1119.308778,536.3548614,44.13111124,39.44805315,50.48768014,1.944867377,3,0
64.88383943,50.39307129,55.91740462,387.1886251,967.1826503,31.41674128,0,48.80624599,31.28061847,2,1
46.37551654,45.44653512,100,5999.875803,3438.064657,37.42127957,49.22696462,16.33640219,38.20467143,1,1
37.01253923,48.78623994,59.75912894,2040.36285,466.0101876,62.06369521,50.34367701,49.4519563,0,2,1
76.42608065,2.443613962,37.58464699,2546.925944,584.1559491,76.25256771,64.48150101,41.16611052,12.85118166,2,1
78.39206009,53.15901259,58.85205072,2527.954795,590.2072471,73.55581983,90.21806071,89.03295253,19.66001864,1,1
37.99152869,42.6728588,58.98398423,1585.406637,620.2399063,81.44235671,42.39892699,0.925392022,63.70514987,5,0
12.66920097,73.89004997,63.21299881,641.5478147,583.4186031,3.218440322,32.87423753,97.6269805,22.32891634,5,1
70.1502738,50.29016106,73.24525964,4101.037355,7.050783941,4.773378968,26.66164397,62.43927643,19.54802532,4,0
36.30740348,32.16554871,39.21777663,407.6525274,1.381049063,78.93829607,53.96157234,15.18434456,60.43714452,1,0
65.81251198,49.25179769,93.7509611,329.0220506,82.21671342,53.30788223,59.58708518,4.676001381,0,3,0
10.59792365,34.30818372,64.90228569,3715.123832,85.67325795,57.81406738,39.08689211,53.81056586,0,1,0
67.85194677,57.10111124,74.53588093,702.7538701,976.344418,5.258686021,65.57365491,23.4890166,30.9601925,2,0
25.77656141,54.36421047,47.437012,1099.19224,183.4460403,25.53138012,59.30768154,30.1165537,3.807330798,2,0
64.61528238,64.36759447,85.72764274,1934.371142,1800.860654,63.83543049,50.86463379,24.51321648,4.758017634,4,1
50.28546136,38.13677312,54.85895182,1789.974815,2111.63685,85.91818901,31.95170559,65.01723136,54.33584479,4,1
30.92121161,50.51012144,65.55105027,3698.960253,2980.213633,91.69833972,40.36271369,55.35289621,61.89934595,1,1
41.85927374,29.52467307,41.33787846,2929.968266,2238.572137,50.04194958,1.404894046,7.797442352,59.7216054,5,1
63.72636914,60.52242173,40.06136747,3101.81395,253.8406709,54.54742327,54.71574128,52.65265332,67.71941651,2,1
52.11788906,57.78306771,73.76410613,3755.860361,570.3156581,83.30496311,50.52682577,79.11897656,71.028358,4,1
61.68825961,57.43707532,51.1278634,1038.530983,154.338819,53.76246007,53.76957982,8.119459082,0,1,0
89.52881169,50.02428547,42.92353825,1167.299167,1312.782721,51.68585255,60.08638031,88.97389762,51.260299,5,1
18.71516777,56.22159336,47.13633316,1728.748265,1754.494693,90.50840378,57.71642973,57.83066494,26.75979501,4,1
82.3442515,74.06508662,73.97906143,1102.177256,1524.599499,78.99327211,47.79233639,95.06244693,21.31439385,1,1
52.08711875,45.72358614,47.41924278,10000,454.4346885,90.90725264,50.97336086,14.81412177,54.01036581,5,0
32.02431903,52.07967776,57.64690137,5046.863456,1137.284868,21.82470548,21.91367167,99.35649994,0,4,1
23.39372749,33.70810551,60.30055501,539.7302779,82.13945212,52.43754867,38.32558709,64.4272866,0,4,0
46.21759218,36.97608558,21.65302228,16.82958532,32.86159714,84.24721286,51.00942107,56.74941995,55.8393186,1,0
68.43300224,51.4671994,30.57747189,131.1763296,1119.459635,11.11478275,35.28292848,51.52796241,52.19465044,1,0
47.44901759,66.5590032,66.72555778,839.3935088,443.202638,79.46621543,67.20301592,2.36543731,43.4183164,1,1
80.2230986,46.15578764,45.25941278,364.1014425,4331.748776,18.29733834,36.82735838,93.96391915,18.00216488,4,1
20.9764862,46.46125206,81.13449823,2286.450895,81.85143108,80.8118755,54.32610822,64.39944729,58.59574086,4,0
49.75822104,43.89672133,79.33614209,5855.683738,1548.287817,61.20009376,52.33131314,9.16264845,57.0075723,2,1
24.95213111,41.97864994,74.38337333,4003.955901,523.1151213,19.32359915,64.92555187,2.095217029,42.13261288,5,0
57.27263765,54.42457184,96.39543575,728.5432167,1404.265795,47.33541793,68.01582348,5.078363924,10.56697397,3,1
67.7377478,27.54113532,58.33821345,1528.975196,1359.171919,68.19051665,63.88065222,60.93957634,29.36879136,2,1
41.58476413,69.21409365,72.97763852,2127.184693,1981.47461,63.38529009,7.879875972,61.40154149,60.94584194,1,1
0,40.01866553,48.31198047,4985.445638,282.8865909,42.72471962,73.88296296,49.96672918,73.17978057,2,0
53.97896294,60.82855228,100,5481.319495,2393.381898,89.93665289,80.54616448,30.67658207,31.83658492,2,1
58.73477103,30.95002104,99.67267305,7214.461886,131.5855879,51.92634145,40.35751431,53.17427316,33.7581758,5,1
58.0858951,60.03260196,60.23760869,2135.432304,68.41910208,50.58672985,54.73293825,51.63018209,35.9577723,4,0
74.71564384,60.07916912,67.7317246,3555.205334,451.9657466,6.225058994,32.1833664,1.941555988,46.87232522,3,1
28.57892641,55.76303108,87.18595199,355.6762623,1409.712234,92.21203898,11.03242987,28.24692303,25.4733175,2,1
63.60432211,35.08357217,57.0572099,2499.221233,513.0833274,17.71165687,35.22569469,5.318534147,0,5,1
73.85015025,53.74322284,46.86751858,857.8180136,1414.215685,52.83446934,39.19721921,90.01547514,69.81922504,2,1
14.42824832,32.25415723,77.47979502,1695.406628,1046.539211,80.35676014,42.90298537,72.52231628,84.86722368,2,1
56.39303652,46.20855117,61.56878492,3015.779868,187.9992267,21.5453277,30.8217182,99.61151702,24.69000351,3,0
39.91640338,65.44119651,63.65988899,891.1209248,2378.889004,52.737329,35.33149666,30.21712633,13.33366578,1,1
48.36954654,61.95052891,43.31457314,160.7880133,50.16542374,24.06849092,49.77987357,87.84858478,36.57248694,3,0
56.95352967,50.22774414,25.64655703,30.85974706,1828.422771,75.96949978,34.59546034,60.30542679,35.31240291,3,1
40.25542872,35.37790136,64.7228482,67.2262396,290.4343688,56.43411679,60.87048665,45.31254069,64.88796443,2,0
36.48583842,59.68381568,78.09924083,25.15437551,554.7547126,85.59758604,63.63321303,22.25731113,41.36598604,1,1
50.68304835,50.29071857,55.48386502,350.7985074,439.0322976,89.45580029,97.60775492,73.83921653,20.18442924,5,1
28.25508122,15.19526603,88.72859039,821.2929837,150.8338673,64.87334824,72.51359864,90.41407489,7.039763736,1,0
28.28349742,61.73944739,45.92167349,750.085892,354.7166123,72.53912462,54.86206117,23.53083981,61.64085462,5,0
63.58746566,49.63650749,38.9059109,10000,171.4802962,54.92200999,37.59471407,17.5390335,54.98778103,2,1
27.0241193,68.03676872,58.65539386,1095.876347,182.4107876,38.44287331,55.87494703,69.6221915,66.51399695,1,0
63.32625002,33.57094222,58.34814849,408.9055089,165.6752647,64.8117923,56.5319192,97.69731627,15.79533123,2,0
59.25182586,2.349442802,75.39937463,2366.084957,537.1357614,90.82886235,39.73373822,74.99551011,85.96092249,4,1
15.48386542,54.18625788,44.50074352,5854.885969,1279.3183,41.66803804,65.67462794,28.4580739,0,3,1
36.44870695,54.37345515,87.36188474,3400.17377,673.2621312,31.44100264,22.03803971,41.99554241,57.74002554,2,1
73.88218806,24.63992559,99.33833925,1053.280601,1789.487236,38.84369386,45.11200329,38.43176355,0,1,1
30.37668938,35.32250681,59.21711946,2473.981215,809.6787032,43.53976302,61.11716919,85.2095018,20.24171546,3,1
40.71191475,91.32826616,84.9942084,3764.282618,935.2452677,7.356102898,44.24831705,77.13707789,79.02557326,5,1
59.24121787,45.41584079,38.87005859,3907.012349,881.1503731,49.84418404,45.86491193,58.89754348,60.78410636,1,1
65.66781019,60.96438465,81.50443082,3294.683186,477.483359,49.43142481,47.24428278,27.49591104,26.34448961,4,1
44.96922228,40.24010259,80.94552817,6139.423134,935.2419369,58.84438276,33.28797519,93.79885277,27.02907393,3,1
38.04979611,18.64545652,77.2687456,6123.097127,57.80519287,36.28200305,73.47801863,65.33152248,42.51555277,3,0
78.44739723,47.4461263,59.68873822,2594.915299,1572.042003,61.3107596,29.63924656,97.04766464,52.85352477,5,1
84.77799328,46.0159316,0.915021175,1685.600898,1203.385643,87.82163103,56.36318655,58.0117033,71.28948457,5,1
69.57716102,44.00182642,47.16545713,3078.068162,225.0737253,95.54709905,58.27295797,82.11927584,28.59414988,2,0
51.70636285,48.28038747,47.48167965,5114.742341,1168.926245,58.36122161,31.02756198,81.31053794,0,1,1
33.83468557,53.96402407,40.43490124,17.00441529,10.17855929,4.259095397,51.46208509,33.73287768,43.92421568,4,0
33.39111187,47.74824573,62.44486009,10000,195.950032,96.92359973,31.80735655,96.4020723,28.56422906,4,0
60.45028211,31.03990748,51.62073109,605.9585128,53.88443184,70.58620609,77.8208495,2.19414676,7.484157381,5,0
58.36796442,57.29277187,43.5077598,1906.044501,1212.127763,33.59636486,27.22434126,76.87109088,47.44172288,2,1
78.03197186,20.75942367,38.82399704,6167.872037,1128.05713,14.7157701,36.92205812,96.55570858,34.67215615,5,1
63.00900185,19.24463814,45.68974029,764.8331364,1344.042925,14.34186122,25.51549983,33.89082033,47.66280516,3,1
19.93839396,61.08770742,82.42998424,1943.347051,3.593412976,16.77444061,22.84602546,64.81105878,17.638895,1,0
71.03895235,57.60530408,46.77949891,426.7035115,556.4925425,4.557252161,81.82430582,56.22232498,52.16776326,3,0
30.03878745,49.13906952,49.70122587,1507.95896,976.1798513,90.21541887,60.85549348,76.15073097,7.072545081,4,1
42.32057456,29.06827243,50.8660477,584.8910354,135.1147783,54.07682328,52.80586851,86.61779216,19.30671526,1,0
55.00400413,39.38133589,66.77987028,1355.914759,839.3795054,69.99594127,36.86846073,60.30445693,33.92714422,2,1
89.9133498,46.05879878,69.12498977,1402.648171,70.28729383,82.81085093,68.15223622,81.59045864,83.54546037,1,0
100,26.06159047,0,10000,160.055316,79.15410063,33.51555121,31.22855759,59.62063421,2,0
62.13446118,38.91457013,80.43270428,10000,516.7007297,88.26056237,65.87278589,22.85870587,66.92981261,1,1
46.33606763,59.78495507,88.72736068,365.7785103,848.0484071,96.72546225,32.54977447,43.06676895,75.42692583,2,1
60.69011297,71.40958046,38.99626925,3883.539705,126.1366798,43.90706147,37.10984596,67.77365996,100,3,0
67.75310852,43.70847871,40.55403511,159.3969942,163.8729831,95.03354667,65.16564772,18.72469489,41.03972669,4,0
43.58664749,61.34732531,50.99493224,91.97154311,182.9736105,72.32899483,67.27654688,68.03521922,75.51002308,4,0
85.90422712,21.28909894,44.87991961,333.9140895,218.1830701,7.066819031,61.94945868,39.40936486,65.31588136,2,0
54.60141518,59.89176862,64.47853748,10000,205.5193825,68.17831212,29.00651768,79.55752739,64.90081258,3,1
59.95486178,37.94077378,21.06949427,8483.723273,402.2186493,68.67166596,41.06546269,3.68358171,84.35599045,1,1
63.31848504,54.61018425,37.64144784,646.7459625,848.5669945,90.58605638,53.13797482,66.79826378,29.51717423,4,1
58.43173221,46.28371373,90.783944,529.0387417,461.0479874,37.29321325,33.01438076,64.98223366,27.5328744,3,0
66.77881001,69.80621015,41.43560065,825.4234646,1196.794204,58.49115003,77.4192552,94.09354761,47.99413784,3,1
37.65493627,36.88346527,84.86856556,2174.204542,1016.285283,1.218755101,1.961061121,71.33675536,35.4325057,5,1
38.83396492,59.41409446,67.10676391,2529.850212,108.2223693,33.20752422,34.42520969,79.63018964,47.96252132,1,0
27.99691534,45.80738805,23.81464571,751.518925,40.05975465,6.224372616,39.80866994,90.45910159,79.06871963,1,0
58.79002461,47.62541783,72.7065839,4239.428181,1682.604292,52.18729728,0,67.50519183,28.04633193,5,1
65.57873007,47.2421916,57.64665396,1111.248931,66.558402,81.74476505,22.0754174,29.0153635,32.38302594,1,0
59.15545732,37.31490343,50.89065888,7658.194596,128.4535447,20.64426921,62.50579025,86.97737996,44.35777509,3,0
83.48984867,49.78851551,64.89914186,3207.650167,17.90551345,52.74410456,50.60567273,74.75781195,34.29203935,5,0
49.88807962,49.06027667,69.49266971,1719.971719,791.8128332,20.40086365,81.46272044,42.4437604,0,1,1
63.37483311,53.61860373,74.15183644,4680.68639,698.5286035,12.06884678,80.90452892,71.05291726,25.49680893,2,0
28.16598248,51.26757719,83.56505695,5109.838843,3468.338375,51.09967919,58.66092757,86.76888772,57.18433106,3,1
42.25800595,61.96991824,68.16271826,1029.506571,1743.815501,7.914862095,56.26476498,97.56521314,75.93866877,2,1
63.91075515,63.85262924,32.48731822,1245.249084,423.2503029,58.73546311,51.31862217,95.2351504,11.13453581,5,0
66.98204221,34.24065017,50.52709085,8244.515154,371.6446727,3.133746068,0,32.53278268,11.01794002,5,1
44.12066105,63.03158751,100,540.0404055,281.7503454,10.67149719,22.10880973,42.16937137,40.75584507,1,0
48.56801496,32.20495359,74.48982121,129.1935743,132.2836935,54.99974855,52.01351006,10.9536605,0,3,0
19.64252507,58.81783832,100,1815.712895,118.87765,59.14074129,62.32051417,24.7544287,28.87574493,4,1
42.85941598,59.29608177,87.90868164,4846.517358,113.5123762,2.898693009,55.79339624,88.24212085,0,1,0
67.80766327,21.33024663,64.83604143,4430.865103,96.93428764,57.3376788,32.15070065,36.08499263,74.2265325,2,1
61.50410032,51.3946887,66.0281414,7559.635951,220.0886502,83.85025253,68.74812565,62.05526586,20.76672114,4,1
60.01331443,42.9725583,59.2683992,2285.567405,292.9977817,72.23161773,79.64888058,66.59656183,81.32085466,5,1
50.99547374,38.61852113,25.24390768,316.2971266,2607.320272,13.11851039,68.75979201,78.18292751,67.83803384,1,1
50.14126317,70.26278496,60.36094505,2665.216792,691.0976337,59.24746476,69.79198659,18.28000302,23.84206756,1,1
36.79357721,40.19481289,84.21349105,4520.5846,3511.774479,67.22525001,38.81548404,30.48131346,13.20100908,4,1
63.9765684,37.90434606,48.0072001,293.923976,372.7671493,3.723120175,71.51868245,44.83363415,35.16135627,2,0
58.41945889,51.1354241,68.23905998,568.6092079,489.440516,85.53476687,52.91517279,36.48410612,37.38383439,2,1
59.84037696,60.28384619,77.03182092,37.10044791,313.9348594,90.62673973,60.23111057,98.29052329,48.6536736,5,1
39.47930315,47.87527121,41.80639121,2701.640309,161.5829435,85.04522734,57.30863686,83.49408032,20.58641776,4,0
6.933141603,67.49555819,50.97394271,6534.059114,123.607656,82.4631468,47.57025789,47.96867546,58.65987184,2,0
71.94305424,57.96463493,39.64177019,3332.024088,2321.490473,74.49651985,32.7999505,87.92686261,46.63320137,1,1
40.42325088,17.3268302,43.55668787,10000,3462.678403,63.34320313,48.35726673,34.76529476,31.49012108,5,1
32.74448472,42.05799555,34.24789433,195.3237376,36.75933995,67.8627005,69.73523235,78.58283239,22.19898361,5,0
63.86957824,41.57236851,41.99103077,6999.166463,130.340739,80.63952933,41.17048389,22.36755981,35.37787542,3,0
42.1597472,57.1904143,88.38911362,5047.127428,440.6573846,66.24984584,67.86694525,77.23220452,19.5774687,4,1
71.19872768,10.62774415,41.69045942,1131.689352,164.9637384,32.77269567,64.74141341,45.64534032,41.46096737,3,0
62.34011899,88.23514563,62.52918438,10000,361.8949384,37.59611022,44.02125206,10.7499321,42.13596713,5,1
63.67138646,57.96539142,49.94262493,1018.769817,110.5791425,89.70574684,77.77600207,27.32624546,46.54268209,1,0
22.68088578,52.23315206,83.57731874,6602.922338,487.7977633,1.71220858,42.88906658,40.2274624,84.15606024,1,0
74.23887971,67.72351575,86.22324593,6379.563651,253.6278684,69.88205812,80.19093725,74.92929117,36.68888201,5,0
55.22501062,85.15481079,77.28139964,4252.211236,346.9744596,95.47775524,58.68253963,7.298271473,65.11494668,4,0
42.61445722,63.06119967,66.12269106,2486.697789,79.24889793,70.622817,49.68268163,65.95469951,45.73968492,5,0
52.86776935,64.23219645,55.37880926,383.5094882,447.072142,99.39119882,32.24397239,71.60136409,34.04389245,3,0
14.47529534,51.96035037,36.16250592,2277.679766,3271.849208,68.75449055,48.2347954,65.39213699,37.02101825,2,1
58.17305623,47.8771137,98.87057762,1323.881219,318.9898884,3.436302922,45.92480973,76.06696382,38.52933977,1,0
29.41256984,42.86306834,44.80653964,4713.783518,1672.753291,82.70098816,24.83407229,17.8168616,46.99419269,3,1
22.94659428,37.60832012,73.27292694,4258.05482,1482.222957,28.46299119,45.64769155,58.71033551,16.01698087,3,1
19.55281628,39.6947885,81.19131145,7244.32353,2430.217646,44.60572257,33.9239364,94.11449472,3.366490414,3,1
72.2537675,29.74166053,48.89439006,44.82368624,1248.935497,31.20919159,61.71983538,61.07842698,56.35743484,5,1
37.41473213,48.86192824,80.76025055,4968.067198,862.0996489,26.85541062,76.12560951,61.1336347,62.45309581,5,0
80.6745542,24.72998634,75.28426407,8364.303816,1553.607103,43.14057037,25.46168647,73.64396421,58.64089582,3,1
39.28397074,52.86374786,94.55927671,4671.966269,62.92698921,37.87514484,84.24615457,33.32042321,43.87430046,2,0
15.85284085,49.45504088,50.61307067,418.4568282,497.1535076,63.33385818,47.42897931,70.04759013,59.18061569,3,1
27.6695112,52.20402948,34.28271965,254.3187231,3626.744023,81.3151201,30.4995723,91.62338333,57.83572565,4,1
74.7162324,42.16802645,49.89020489,63.19670723,1174.351205,29.70886532,65.1550956,1.089547303,59.69073397,5,1
46.88203644,96.15290555,64.17707085,2972.600188,2617.723777,21.37211528,41.07091043,87.01130411,18.51147947,3,1
39.03425407,70.4017385,61.16425454,2980.103819,1209.973676,66.68952709,48.36526648,21.86183313,12.57620507,4,1
53.20036452,31.3318625,52.13124207,10000,1662.798181,67.03200658,41.91443512,45.59232737,30.28576883,1,1
60.03565472,53.49302131,21.81605082,1522.708662,980.7828853,90.11312393,33.66524136,85.2347801,39.56539726,5,0
72.34797632,40.87990786,69.40965992,1209.98047,1143.368185,1.594568645,64.47994065,82.39121275,33.95197182,1,1
78.9699846,34.7828041,99.44688958,2937.8907,592.4896352,85.30406621,44.27397194,89.19274781,0,2,0
42.80462708,29.89891893,69.28502476,5239.360489,2064.123586,52.10021729,21.26696416,94.04167926,83.0423153,5,1
23.47904628,56.48325036,72.18271038,8283.116615,1394.553341,62.13020892,61.02120248,44.71569568,33.14885028,3,1
41.73069678,39.77929647,71.44890612,4875.546102,1485.729715,9.137144056,25.88835298,65.63638108,44.31761041,3,1
55.20561013,64.51739036,67.9409334,1668.902264,894.2583521,43.26149329,26.93479655,39.04784405,71.11372477,2,0
30.72482148,64.90673322,78.63331934,3022.868944,290.5913786,22.73024072,73.8521241,35.07167175,0,1,0
30.8569817,70.60871578,67.90747362,5820.068402,29.02402273,25.42250301,26.07320202,43.15954106,27.2076532,3,0
56.87575763,37.21419851,53.74645661,2023.622207,2194.798447,50.40951147,3.671102861,74.30761348,30.32206816,5,1
49.02695297,57.13048416,44.0802218,732.6673903,705.744036,81.24559504,62.4572297,50.14407471,31.59224886,4,0
50.65593991,59.48681325,55.02052689,557.9892857,283.2204466,74.37809301,43.92273141,81.40596744,35.66283523,1,0
34.83009331,42.88732737,66.28258993,1,129.2015413,59.09999591,45.64689758,74.52184772,76.17836996,1,0
45.39198572,38.42342064,53.67834078,3800.077555,1415.324688,53.94181928,43.70999213,2.047846112,56.83647189,4,1
31.51533711,74.14280999,66.28677366,353.3021872,1448.852648,42.73060432,54.63339878,63.02381571,63.95088172,3,1
67.80396822,53.41243814,68.78300267,838.5032831,1347.794682,97.27099736,34.94561516,43.65711233,41.1780068,2,1
70.70498669,59.53951626,76.66358863,1060.937174,828.6963614,56.01925542,79.52229749,45.66289892,5.015673846,4,1
13.07624276,37.66885982,85.65589938,2465.53273,364.5844764,25.39663983,20.47539039,81.83730539,0,4,0
31.4097828,31.710733,61.56014837,1522.280605,290.0052861,23.0090792,58.89749833,54.76079861,1.764806919,3,0
20.0694149,41.45825338,33.8444687,3368.782494,6.873257763,61.13530308,62.84242008,88.56218235,48.9941426,1,0
36.99952131,48.13967919,53.09791806,171.7392298,1434.724941,52.28275273,34.80696478,71.28055924,40.79424282,3,1
48.3312406,34.0366999,60.88125135,396.9593325,73.19475206,0.769780295,29.52531109,55.28400088,34.74590881,4,0
21.00709561,49.85232787,23.28462488,2074.714289,797.0359147,83.00653722,70.34348428,75.45379762,30.78557733,4,1
31.56280374,24.67242218,87.7732904,1232.78154,561.0643729,70.41223542,30.18278492,3.834905093,90.29303939,1,1
29.92085256,33.19928866,62.84755825,1052.135545,598.4026877,66.18292897,37.86672118,2.708365483,19.42741023,2,1
54.14534659,60.06366872,67.62705669,208.1405221,2090.695943,6.87806577,67.74617925,8.334932692,63.1954864,4,0
51.38688674,59.0568578,87.31052925,6782.003328,25.70044412,36.20558502,50.69482467,43.75653251,40.0478234,1,0
35.56524893,44.12184852,47.3971434,3531.19999,1187.627694,93.53822607,14.05712665,23.54501456,38.47651221,3,1
53.53641744,34.73353536,71.48083862,389.0216363,42.76484064,86.25892413,84.94118289,98.42612944,69.41593872,3,0
39.06639831,34.58894673,57.80271754,201.7737107,31.12041168,28.55429379,39.39978482,54.2290139,76.56325957,5,0
44.56689779,44.40097631,56.31826266,10000,449.4393132,15.70588841,41.9448542,66.24157461,34.01126358,4,1
83.46904181,59.66777737,44.55615224,3429.315699,52.12178297,44.90879572,55.11568505,27.88201362,59.98006798,4,0
76.80922104,63.92368537,93.31206427,1621.052046,1245.26369,35.58303787,62.50153594,32.17969086,49.09728405,3,1
24.00837526,42.55202397,52.4899992,3629.278955,603.2747425,68.22263767,89.22208583,33.54619141,40.18592847,1,1
66.59464836,32.69761361,73.98928494,4235.843279,23.57500195,96.64348101,16.79863701,69.87357052,45.10637357,5,0
66.22793109,54.01765457,22.49985225,4541.86782,33.07494319,36.300145,66.51904418,47.37062077,22.79977963,2,0
27.03473422,37.64697544,83.59977059,1949.558016,758.7795522,6.222417265,64.86019388,51.76836525,32.34751517,2,0
66.37555288,42.22621042,81.04422312,1685.739755,1312.378933,89.76140083,47.25670178,59.20029822,25.48411801,5,1
80.75863837,69.87914136,61.94868221,33.26803318,460.7174294,3.794973024,65.7454739,76.88116562,62.53441791,5,0
27.54910388,62.40673143,55.46115068,7833.741755,646.9913035,95.27658972,68.68548035,9.036974851,37.61997211,3,1
31.64994358,52.36961468,68.00000011,2773.784434,1286.868437,66.4579428,22.3607443,77.68739122,7.557149385,5,1
70.35322934,30.92121498,100,681.2812939,754.325812,94.16892084,84.99533012,56.32350689,21.91406942,4,1
55.42990622,53.17094851,24.73526602,7562.350901,203.6663414,19.96596866,18.82475494,66.90954449,0,3,0
61.0295255,65.93985936,75.64054775,7392.909563,759.572023,4.069979525,27.29367438,32.75517648,27.63768495,5,0
56.81178433,44.36549501,41.76765396,10000,791.6903529,48.82099783,44.76424653,40.93868368,40.94112663,1,1
57.81391842,70.26671135,59.60163207,6215.76716,1059.728988,45.06234146,88.49881026,23.11658197,36.59660378,5,1
23.47055743,69.39117934,55.04239762,10000,775.909736,33.14922733,43.8348674,97.92999974,89.50385879,5,1
70.94635413,74.95599248,51.43363484,841.8659137,2785.287518,95.76564744,49.3613222,49.70029725,54.37265102,5,1
73.39179985,54.5786469,59.79069742,5540.223444,175.8077352,82.25837322,78.64157208,99.60769158,53.26129633,4,0
45.41218512,58.8108755,37.31657709,5195.296488,2414.229839,66.15820214,43.99363715,48.97859781,0,1,1
49.130461,71.21280932,80.58360872,787.7602686,618.3403885,16.28582916,26.43126574,21.97512644,30.88394865,5,1
19.37784995,56.71090906,24.11712978,310.8778926,891.6863692,73.43234082,41.6553033,50.74523967,27.83342982,3,0
60.28509512,42.48148838,70.79529026,10000,83.80997558,72.70124547,77.41583668,3.95955718,20.34797003,2,0
61.44114883,43.27185745,53.46928295,1053.035393,383.1721363,42.50681736,51.41729994,90.47698014,20.00298336,1,0
48.75617966,53.57832431,36.58150212,6141.313178,1173.584195,92.47859097,88.61316518,81.85502512,0,4,0
72.4870672,30.64157867,64.04766741,12.40708465,981.8232107,16.69778822,64.75869853,72.58205207,8.103669883,1,1
43.31845538,47.85111627,28.86097827,63.74692836,32.77376085,26.73375624,37.10382127,60.98267154,61.85233507,3,1
61.29211852,66.44820677,60.79427643,1881.355422,632.774311,6.322433925,51.02152609,57.98342337,36.4271327,3,0
29.60671323,17.13119223,31.54246184,818.2412065,73.93629727,79.54509582,32.93563764,99.67282141,27.33993954,4,0
49.52895698,73.01723153,69.22544169,3512.013371,4388.957876,62.17593861,36.63133939,27.7997434,39.86471663,1,1
46.51291484,66.83561328,41.51285333,2501.122171,1820.727956,31.49403057,100,77.96843654,69.18476697,3,1
54.50615844,43.10353076,50.98011966,241.9575224,17.04482438,16.38136636,70.3724902,58.14047702,40.10526302,3,0
42.60946142,58.15086242,65.87898776,532.4616499,1565.210573,4.014777003,67.22195978,97.58805438,53.50935327,1,1
47.37054809,50.0472159,44.54915776,1473.310519,2014.89916,16.67455686,37.53639369,82.78031833,18.83487894,3,1
66.52094343,68.44985553,58.84072001,615.92587,349.005339,45.32846463,81.39168133,99.8525113,24.53425123,5,0
41.26471526,64.74024714,29.72338998,4713.860245,1016.949964,24.7176969,71.98831204,58.83249945,48.84942213,1,1
17.86845799,28.99893915,72.61751207,1613.923709,466.8658072,25.89821774,87.63242579,20.45439575,87.31634271,5,1
84.99167808,58.8089362,95.29827611,294.2672728,851.907966,87.55763667,86.66228297,50.36870357,75.74437149,3,1
77.62908157,46.9155822,100,1986.939821,332.7971802,51.51376735,20.41821424,71.11111341,54.57070174,5,0
24.1547461,51.24248856,61.82336293,285.696546,311.5465314,72.92519731,27.80321021,77.43603862,43.785844,5,0
63.7941561,39.07742149,75.76408282,414.1239742,441.9209451,3.571094903,29.92424369,0.050998902,75.02673389,3,0
39.94050459,76.22205604,24.38748654,821.7707956,125.8544607,36.51633557,31.12118713,50.50270885,59.86695808,1,0
55.26974431,65.6009273,90.05468653,5888.235,1422.943342,47.91693474,56.46904729,23.523458,0,1,1
55.88448258,38.90343254,75.52457009,7755.342687,343.0253456,18.64168552,38.66393096,87.49118333,13.6517288,1,0
45.31184399,29.9808409,50.3213311,5250.546843,408.8599291,12.01915414,91.45197082,15.29054441,48.45350813,2,1
34.32468669,44.21491054,84.74361601,1219.744672,1795.865225,87.03037785,88.09359764,66.64562496,0,5,1
36.18917895,56.51753969,54.91047847,954.2029865,549.1340031,93.94316271,49.87076812,26.60621903,17.56027488,2,1
31.67616169,53.60308766,50.83949634,2389.899634,628.6555546,7.880669805,89.10652432,35.65421432,22.50462641,3,1
33.36355584,68.79699237,69.50669851,3838.818316,2507.960987,34.90187125,79.76269254,94.05592608,33.59585234,1,1
48.6564342,61.84879583,38.73291,10000,1742.359199,95.82856281,40.98586882,24.04481254,32.81424479,1,1
35.68480022,64.54353539,80.43249529,423.207345,148.5498121,8.316173313,9.815693119,9.500276182,32.77198932,5,0
63.64104131,54.90283101,38.88020376,151.6449233,512.7702721,64.36413729,45.6406323,6.928490144,60.63268793,5,0
79.74492311,29.16051905,38.9989042,3556.001669,2840.581373,97.2221371,37.10755738,50.46151101,33.36940336,1,1
38.39893517,47.06452203,41.80620423,5355.408459,372.6388481,97.82236686,54.1301125,64.17114823,30.3842467,2,0
54.78809001,65.9013461,75.19000075,5619.210148,371.628464,47.12233309,51.78456574,32.72936436,6.270697396,3,0
59.99370221,49.22715607,47.66449277,3403.933092,173.5604458,16.27491078,51.26035318,69.02597418,65.60865505,4,0
59.44004542,57.54635553,33.04008431,9238.372528,97.12246681,20.2084315,60.47369483,6.103371857,23.21256215,3,0
51.51910536,45.21877527,47.8864,2146.207593,1078.597286,88.96013951,25.74956106,85.73346449,12.8242418,2,1
64.85364837,34.55282227,59.35915259,7353.770371,1175.846761,91.16830043,58.22720555,81.65672097,45.32726437,1,1
59.64497905,48.14983904,36.38055033,10000,2779.349072,60.78796439,41.20767694,98.54962714,20.82646844,4,1
25.24675155,54.63571165,36.96637782,5635.041055,1187.71944,76.61763995,53.999644,93.65049809,26.85118151,3,1
67.38312129,40.16468421,100,1112.141503,223.086224,73.99312515,69.1481969,35.61971639,46.46150436,1,1
67.74581675,46.46433133,42.78869192,655.2728059,32.75475009,66.1821598,25.51200454,39.9275384,31.83793441,1,0
34.73427792,35.90805137,53.53915262,2383.016295,3383.438086,82.72769549,44.37412695,74.59648475,97.79023438,4,1
50.75875671,66.78867376,52.65525998,1810.000329,332.9588394,68.5406623,47.62931532,13.4082772,38.12928642,4,1
63.66657986,45.58316364,51.57286384,6305.266175,299.1400633,53.40023057,39.71462057,31.40147102,55.44595547,3,0
45.81372361,71.79133318,72.4269348,316.1871191,1891.187295,23.69563626,67.99658992,11.8540937,0,2,1
71.45956096,72.93121776,78.96285901,894.1673264,703.7740057,74.38881441,35.59223282,45.48864491,18.4837717,5,0
97.27744989,48.78431053,53.88091137,4180.548461,193.5259719,47.34378678,38.89199201,55.20042799,12.82715763,3,1
34.28027935,34.87326901,35.27043427,299.4167354,1759.274004,29.4791684,35.80161734,21.116047,16.14050692,3,1
22.37910794,18.71153183,85.48880456,1160.361754,4011.817678,80.19462757,71.84110823,2.663168691,50.38844985,4,1
56.07637191,27.9194439,58.09317818,1468.931618,72.53391321,69.67136004,40.15111775,71.93558318,65.88912669,5,0
64.4312501,29.39247763,94.6064363,2923.299627,1585.861321,93.73395631,59.20090782,2.000516443,48.61576262,3,1
45.38267252,70.67704441,15.08828205,516.3984409,396.1136683,16.544164,89.51410202,97.34026089,34.33388441,1,0
79.06521327,51.73736881,63.90806443,5911.319979,593.9917079,64.91892846,48.50363159,22.16072567,24.22862403,1,1
23.22788401,55.84406786,98.37212668,1780.134878,1970.353097,24.42394681,72.2412136,66.39000921,67.83999378,5,1
63.85837246,16.69368487,52.93471729,7467.528883,2900.849804,90.35829853,83.42708168,43.47517262,91.78138635,1,1
37.88278358,32.03050356,55.49013153,1892.601889,243.2268639,9.949941426,70.5438312,5.967386034,43.37639262,5,1
84.38755812,63.30619665,65.91023383,964.9174657,191.4699448,65.61618064,49.66397368,47.21836066,63.4840766,3,0
89.85030706,54.30161169,48.82408362,458.8550971,67.15459468,79.10857215,62.84215518,51.67606343,48.58425874,1,0
34.66686824,47.79192082,53.75856136,11.25637541,660.0599612,35.49178404,24.25242814,85.46832081,58.88762266,3,0
39.00885728,58.47263538,53.24369812,2278.870638,10.95822656,95.41380794,34.39913684,73.23490696,10.88633055,4,0
67.19175774,74.53696709,47.45158531,340.032558,424.6843062,85.07306846,37.90649637,7.930247475,27.796593,3,0
42.257387,46.68436305,84.577131,1491.39822,60.97284535,29.46182997,94.8122424,20.91626834,49.886736,2,0
49.09177564,51.04054704,69.22156065,2669.470508,415.65873,0.754109272,33.74830971,31.18876842,70.3122736,1,1
50.50776841,52.88895378,65.01256464,967.5904099,32.60108867,29.66571761,33.45046497,11.64076865,19.54664446,5,0
11.60653688,85.88164453,76.17142014,577.9313974,1442.501923,28.13104705,29.1215804,45.68990709,0,1,1
49.72324508,18.50965603,54.71288334,4471.255226,188.3136005,88.99646075,61.19623524,98.43091909,27.54338934,2,0
36.20544452,60.24834522,44.51592363,8800.592886,318.3651475,96.71211783,52.85242785,51.46127912,65.25326786,4,0
40.13754355,48.27796627,47.94751391,317.5499658,1632.472081,7.043998597,71.73517954,74.18821683,0.402610223,1,1
78.87264007,58.50157589,60.03566082,507.3525135,1097.175237,47.12948285,63.42519332,68.29377977,10.5770027,1,1
24.86986211,40.13941169,38.81576583,9657.576919,197.7833992,54.83319985,22.39220307,84.99114351,43.89796465,2,0
66.26410373,49.26552454,49.99477967,115.5496555,59.6921336,9.291166133,33.8544446,21.57234905,37.10071868,3,0
44.42074139,60.67115869,49.67766716,10000,1006.106422,37.74977091,77.30657497,75.38262617,54.86166204,2,1
44.40479663,96.69365302,100,13.96590663,396.3589664,31.70824174,45.93403511,88.13552403,9.281830989,3,0
65.80743792,62.12054284,4.523701201,6206.54132,1162.220879,53.60563543,73.75183636,17.1509823,31.87553515,2,1
56.80102589,37.27901603,56.40760557,1101.58388,471.4547422,66.11908997,47.00638104,34.68022198,69.87963506,5,1
