item_category,brand_value,material_quality,handmade,trendiness_score,rarity,number_of_reviews,average_rating,shipping_cost,release_year,price
1.123620357,70.42244857,77.64657998,0,69.06018996,11.03422256,85.03935854,3.951405228,17.45793254,2018,702.17
2.852142919,72.90431172,82.44257866,1,44.00245051,4.054880891,9.577069463,4.009629484,16.07007195,2024,774.1
2.195981825,71.11208932,56.29975501,0,59.208313,42.91460355,22.78971258,3.925858431,18.52169301,2015,582.97
1.795975453,61.79161363,47.65376275,1,47.20915914,57.07008348,3.160273136,4.508897985,19.39106999,2023,768.65
0.468055921,56.05323159,77.75118999,1,55.13566515,8.912028667,72.00941764,3.996035706,6.291416901,2021,658.67
0.467983561,56.97453433,71.26521128,0,45.43054912,15.68147884,8.832054116,4.383525109,10.72845175,2018,548.74
0.174250837,56.10183439,66.61166562,0,63.34130945,20.70869103,63.37362428,3.783076238,13.84312021,2024,538.01
2.598528437,82.67540194,70.81057221,0,19.09887185,22.86378431,270.2242628,4.097820264,14.88661237,2022,603.4
1.803345035,71.87113445,69.84778224,1,42.73375983,32.31933863,127.2113942,3.598039828,11.64954713,2021,881.2
2.124217733,1.192227307,84.2572529,0,55.93145353,1.27480276,8.057216155,4.608264116,19.56011835,2016,490.43
0.061753483,73.11801553,84.42478377,0,60.67390496,38.34764804,25.38731719,3.58312638,24.89974184,2015,567.98
2.909729556,63.89472389,73.16330529,0,79.85905246,1.919232631,111.9822912,3.837510278,15.93080978,2023,599.25
2.497327922,59.62582487,77.68704309,0,42.17950666,18.94963072,225.0959534,3.842519794,15.42170516,2021,597.18
0.637017332,52.22963094,72.71093829,0,79.58963524,52.75051876,3.347259552,3.823024306,19.24728128,2024,608.78
0.545474902,82.4822544,58.08245402,0,36.81952347,18.00147318,167.3715837,4.361247885,5.670801224,2015,653.23
0.55021353,78.95052924,76.34847012,0,76.57292823,4.84345856,82.51115281,3.841671118,15.1423447,2018,555.01
0.912726729,44.54244664,44.08257397,0,66.34934253,100,78.98592582,4.696962265,19.89517913,2019,620.05
1.574269295,68.14104574,80.80837328,0,31.73082841,66.02400362,316.5647494,3.590762457,11.78423001,2019,757.68
1.295835056,40.56686531,47.0821559,0,56.14078475,44.26211375,137.6916917,4.084688735,8.8671971,2019,478.71
0.873687421,32.4076367,69.2870493,1,48.97528329,15.90594206,189.7912753,3.612107005,14.07097195,2017,629.3
1.835558684,47.46565551,52.32269062,1,62.51169187,6.094556451,43.69489169,4.210486391,14.69657283,2019,622.43
0.418481582,77.24786945,73.30083475,0,45.53456823,85.11634229,80.82528953,3.992025137,10.45673859,2018,714.89
0.876433946,79.06250091,64.49112161,0,43.85507549,22.80112605,95.55662078,3.922468978,25.48080638,2019,636.67
1.09908553,70.2617084,41.07866063,0,77.38189166,57.3884296,38.7994522,4.594237483,12.60651809,2021,503.85
1.368209953,74.50191574,71.31049447,0,48.02558211,12.56084231,84.45472716,3.672829064,9.231703243,2019,711.81
2.355527884,70.32356574,56.33118835,0,66.52844648,12.25205676,27.00456845,4.293257579,14.5318934,2022,475.89
0.599021346,47.1703681,78.21720081,0,45.4929703,100,15.47558125,3.615520044,19.53930319,2022,762.9
1.542703315,68.63845089,65.01988533,0,83.33326518,22.1338601,46.83573999,4.0563426,15.08707124,2017,705.49
1.777243707,76.0081905,70.93131478,1,36.43330741,4.548955478,134.4345177,3.402212336,17.4279696,2019,717.26
0.139351238,75.0858266,50.63646567,0,37.71712938,7.441331003,247.9168919,3.668741427,10.64244703,2018,629.39
1.822634556,83.77826743,56.16001653,0,80.49034362,19.73017421,61.19618364,3.958928477,22.43844223,2019,767.72
0.511572371,74.16607694,58.12042046,0,41.10107218,1.301975331,102.9525749,4.907324584,17.80855514,2022,613.92
0.195154779,67.02896415,77.8505372,1,82.02148612,18.62669249,10.87408124,4.050401935,20.23850784,2018,743.1
2.846656612,81.40300477,90.16065632,0,67.83681159,16.28708119,234.8249612,4.827334158,16.82580316,2019,752.79
2.896896099,59.46957482,52.92242372,0,46.90700587,45.33345896,84.07293123,4.110161646,19.12442019,2021,670.84
2.425192044,42.36250698,81.15272217,0,13.73413056,13.15244966,151.5666405,3.806457878,10.6347372,2017,553.83
0.913841308,56.73866072,32.45483873,0,49.61363391,100,158.2023159,4.769678261,12.54294792,2020,624.7
0.293016342,45.1019471,47.08715898,0,52.03260107,5.981709173,29.63603216,4.218508811,21.73240298,2023,446.65
2.05269908,46.4964345,50.61832316,0,73.34435467,26.82022705,75.32676425,3.678639203,22.79870974,2018,524.55
1.320457481,57.10962659,44.71236966,0,81.76894352,2.819408736,323.094212,4.23528573,9.264672001,2018,443.67
0.366114705,44.15160158,41.24617415,0,36.30025642,39.71243288,9.390916099,3.853702625,16.24868034,2020,496.34
1.48553073,53.84076941,71.19498368,0,66.02363528,100,114.9010925,3.005482902,12.845281,2020,703.62
0.103165563,22.12770666,61.78898453,1,65.30804312,51.30073487,327.7142801,4.46798658,11.51484265,2017,616.03
2.727961206,64.26587415,70.69108096,0,71.46825405,24.33789715,35.74997241,4.547467028,16.42419848,2015,541.35
0.776339945,60.02410951,75.35709029,1,59.97379824,19.89258857,197.6509005,4.918971015,20.70481466,2017,735.72
1.987566853,43.65822738,68.9842549,0,11.15004618,54.05974215,271.2925246,4.211071846,17.25831237,2022,431.79
0.935133228,73.18491337,74.86644764,0,46.89155135,82.45402054,137.4706597,3.875638288,13.40243775,2022,686.61
1.560204064,78.75140275,63.95701571,0,26.8858485,100,26.30913347,4.417494714,17.5743059,2020,769.09
1.640130838,27.84880271,47.19509918,0,45.94788454,15.15222722,40.64666878,4.424910183,13.20011913,2021,450.7
0.554563367,44.74550443,80.86721271,1,69.60008472,100,3.646617657,4.819140592,17.0605715,2016,831.03
2.908753883,44.617153,56.16331801,1,56.10301672,5.085462278,178.0542026,3.977686188,21.9823285,2023,574.07
2.32539847,41.20193798,50.96605552,0,72.96181733,8.772790299,189.4531249,3.917210514,4.614201703,2017,497.37
2.818496825,76.58949684,62.33123186,0,56.83507841,2.796902457,100.1604396,3.64222779,18.98626149,2016,740.7
2.684482051,56.12347722,51.30783621,0,24.03348121,9.512853439,43.46794999,4.268731043,7.304725392,2019,558.87
1.793699936,54.70970317,58.73854427,0,0,43.82246308,7.992132832,3.225869166,21.14163855,2015,426.33
2.765622705,19.92275271,70.16080882,0,52.97617523,57.50424763,139.8600208,4.388043686,11.81487195,2019,584.95
0.265477506,72.7083606,70.22512609,0,45.72147067,45.2732078,129.6549434,4.293917561,8.911643112,2024,668.88
0.587948587,35.2148321,51.532549,1,30.46108521,29.91410734,243.728885,4.292535101,18.47634614,2018,572.65
0.135681867,61.19865261,57.68441941,0,15.98745501,21.6443326,131.1305712,4.069112618,16.82085032,2020,467.63
0.975990992,65.54753876,81.11499507,1,35.30513573,37.00249019,176.4309348,4.766489124,10.00406549,2019,605.93
1.166031869,87.21317192,72.44600177,1,46.1101703,14.86991192,137.0242358,4.435996733,8.735001214,2023,764.49
0.814047095,33.82359202,96.12597559,1,63.31755647,55.22376832,99.61112659,3.696461404,14.06259256,2019,761.07
2.486212527,0,82.70192261,0,53.77262163,33.92074966,55.68109151,3.705410475,8.979565249,2022,698.18
1.07025998,63.6769909,82.16439603,0,82.16134494,35.90045331,232.3985544,3.560163093,9.692635135,2016,927.98
0.842803529,96.01022363,44.18197174,0,29.28791888,23.03198371,105.2593309,4.275641666,15.57810395,2017,611.71
1.628088249,84.77892706,76.45790527,0,67.62117784,64.94448908,50.80882438,3.499930539,10.17064183,2017,718.61
0.422772675,64.19318831,64.20339797,0,50.94597486,8.711159959,8.715971001,4.541696072,17.13269645,2017,611.49
2.406590942,50.16727629,56.73527295,1,63.89338248,14.3966571,34.34835568,4.661486654,22.45071798,2020,540.31
0.223651931,76.14245193,67.52023011,1,41.26970273,45.10407436,78.46633832,3.560491866,14.25722293,2021,674.16
2.96066081,40.52907601,79.17817302,1,71.43360748,20.36247372,32.24603808,3.907225733,15.65075531,2021,615.95
2.316734308,69.52715539,72.51247387,1,55.90449517,66.00464963,25.00463942,4.008310491,25.09048366,2021,861.47
0.596147045,70.10940318,51.82289298,0,36.4111003,12.75776084,74.94921904,4.44199158,9.061994413,2017,423.93
0.016566351,81.20419815,76.1368837,0,49.75951942,13.82918401,18.61131509,4.804671688,20.95617598,2015,609.87
2.446384285,100,55.43618687,0,45.20888282,65.87542891,161.1490334,3.157253804,20.35428799,2020,706.34
2.120572032,67.84831934,68.25024678,0,59.78356701,18.72936758,66.23622397,3.840909641,19.2715867,2017,628.03
2.187021504,49.82072749,60.44974899,1,26.40446501,21.77783432,85.29938577,3.866991652,21.45873925,2017,562.09
2.31381104,59.48851376,61.71700622,0,49.41296596,12.13833138,15.94451497,3.299665073,16.40287483,2017,580.81
0.222133955,24.6184819,76.49364463,0,57.90614505,9.716689485,39.24151341,3.75744499,12.08535252,2023,402.45
1.075397186,46.10573738,49.3970942,0,50.66046614,32.00893609,52.77847592,4.213884472,20.47286646,2018,646.93
0.347607179,51.81435124,94.17792611,0,76.93882489,3.829569644,165.1369014,3.860660549,20.66421106,2019,563.96
2.589310278,49.51823204,37.68370896,0,65.48045548,63.42661526,147.0369789,3.227689416,20.52656951,2017,570.94
1.86989438,63.04709744,56.03498475,1,49.85038407,45.31536513,25.22859391,5,15.22251041,2024,781.05
0.992694075,43.55160135,70.55317835,0,54.33378195,6.349357219,95.75791935,4.133088933,11.41902743,2015,589.01
0.190675051,82.42061335,73.7647125,0,55.91331103,35.52706085,27.89950578,4.055847065,15.95681127,2018,731.94
0.932946965,60.0041413,63.49286419,0,58.06599208,27.68684382,444.3659999,3.451036818,19.71115009,2015,445.69
0.975549966,59.81399358,64.13913945,0,13.48684009,6.119905155,303.9138398,4.130353081,20.12175895,2021,400.8
2.188818535,53.44210567,71.15825128,0,43.96947408,9.573262993,82.84280352,3.917893108,12.85161936,2021,581.51
1.912672414,63.10381368,61.53395784,1,20.31121864,15.77749277,120.0321385,3.055738294,16.57686448,2018,637.25
2.661638228,76.50196529,85.89771887,0,75.56561895,36.04355307,161.6615521,3.46487228,8.456108478,2019,877.83
1.416644775,42.65739569,77.59023671,0,48.7830096,30.543343,127.6537834,4.397463009,19.92475052,2024,555.24
0.358782738,46.83767022,78.09236527,0,46.13318101,22.79366761,120.3401938,4.972008825,11.08345622,2021,512.78
2.139734362,53.92547942,50.50764915,0,67.93594664,43.88367172,318.3364096,4.183582703,18.9262768,2020,564.5
2.282355146,33.08258153,63.80917363,0,58.44649595,42.55680935,90.74700148,4.551541639,9.253477113,2018,770.75
1.683831593,43.61484281,60.49301077,0,27.42730971,28.85898095,101.1433273,3.922122346,20.15707953,2018,610.6
2.31290154,50.47558253,49.91597936,0,48.58189275,46.39249672,189.2256832,3.95672692,16.60917595,2016,545.06
1.481386789,77.48778361,70.40246276,1,43.29666054,12.20583433,110.8331976,4.545489514,11.09321152,2024,837.43
1.568198488,65.25122658,56.93531363,0,15.10934223,63.92192592,132.02543,4.831388645,18.45678191,2016,531.11
1.282623055,63.87179823,74.83105745,0,36.19447534,28.62835286,26.67933505,4.650548347,12.04819154,2018,690.15
0.07625738,77.01795924,48.94712656,0,46.32919356,51.84048088,46.4048475,3.466818462,18.74777519,2019,462.08
0.323674281,57.25256423,90.78560919,0,47.70098137,23.70819115,15.93490714,3.966520555,13.62944262,2018,654.89
0.094287557,67.809297,51.55501012,1,20.35537153,7.393833333,70.47450614,4.138762342,6.394764372,2017,641.63
1.909231234,57.93556494,68.28953506,1,73.03331166,23.45345921,60.83050559,3.870161018,10.0879188,2016,715.6
0.943067943,65.30724699,76.87788966,0,47.95793882,13.91404692,586.4942662,4.193928772,12.84792646,2018,659.01
1.525712073,48.34482685,56.44039355,1,50.75106153,35.87012445,94.47124618,4.410288406,21.84094512,2019,608.89
2.722699422,11.22365683,77.78702965,1,58.01283277,19.37610435,154.386004,4.501404876,19.50571815,2015,662.19
0.747876687,57.31441676,46.56224603,1,34.23847492,54.25730768,40.64876368,4.842935076,23.11930706,2015,589.5
1.231148769,88.45496272,86.78176549,0,59.12711946,34.00286857,178.1088594,3.835279448,23.26817608,2020,807.58
2.266653416,78.52430804,65.21223897,0,42.65850708,34.61212322,95.47326612,3.317983418,12.32624598,2019,536.95
0.686394496,79.30794969,56.05382888,0,32.06828919,7.344629555,119.3997166,4.179117297,14.0575657,2018,452.43
0.230939729,84.72261444,60.51227341,1,61.46894987,100,34.87503948,4.941905516,12.94360038,2015,965.63
0.869254359,61.77315182,77.13378904,0,79.83347718,55.29320155,79.54864685,3.76151207,11.64244697,2021,524.38
0.483663862,63.94631415,56.23317062,0,64.49658747,46.67760886,100.5222971,4.343423489,5.792526453,2018,574.11
2.789092957,47.64696209,53.75963466,0,68.4595513,12.02396549,88.93924458,4.347872896,14.92626141,2017,559.43
2.424361139,53.67854288,61.67695104,0,39.58738787,23.0123157,246.7385581,4.095721024,8.572172031,2021,594.66
1.90021127,72.315423,47.34556831,0,18.04760542,4.423804922,228.5459226,4.003462361,14.82914059,2016,437.46
2.614381771,84.07768874,92.30815862,1,79.80275044,23.19663514,353.9909872,3.538285397,25.57885405,2024,807.78
2.411016231,57.21107449,56.50408113,0,91.09029779,4.730832169,110.0898919,2.859168964,12.45327452,2015,697.72
0.559710177,50.9962147,77.47425179,1,80.85613548,24.1584405,357.2488681,3.444074647,15.97387003,2018,815.96
2.677676995,60.01055918,68.14205125,0,43.28428122,31.38531015,178.6640593,3.804847925,19.53324193,2022,582.78
1.618026726,72.02413498,50.23198924,0,26.90731323,14.83852894,31.58513133,4.548711344,16.40145646,2020,381.53
2.422320465,31.12290368,64.91067936,0,28.68634604,20.70723491,55.76301823,3.948435969,16.46242094,2023,511.33
2.6882739,14.07638094,76.76004169,0,16.32534865,62.54047056,27.2323872,3.740487141,13.18798783,2015,526.17
0.954010425,48.98926301,62.17607997,0,47.85242763,3.447620217,0.420599363,3.554507279,13.84061012,2015,435.79
0.330155774,35.58575148,82.89669419,0,82.11355916,47.06801565,20.83149814,4.328402914,10.19994739,2019,507.43
0.683805488,49.83719605,80.32273089,0,47.16674736,5.617172678,0.406885285,4.679178583,19.23022504,2020,544.64
1.281323366,57.04439362,78.78372282,1,56.04645801,1.121960286,127.2388918,4.531717861,6.292541717,2022,776.12
2.454044298,50.93503182,58.10514842,0,77.51193929,6.158173453,55.43148836,4.30307485,19.85544169,2017,662.96
2.58219175,89.04935069,48.80236328,0,41.91809376,43.45060707,37.48021493,3.262193627,7.981508076,2020,632.84
0.020856392,66.53489529,55.79618592,0,90.71062913,15.58217352,143.4312566,3.824162879,19.81303637,2017,554.58
1.532241908,66.00948719,67.94361411,0,89.84188815,61.79399531,178.6692973,4.973652114,13.23091237,2022,830.52
1.252233009,72.44414288,73.1868007,0,47.37777323,22.31474885,370.0933357,4.560975246,8.840656559,2018,553.69
0.666323431,37.22333764,32.42642893,0,38.44931472,0.675048758,102.7260239,3.231248391,17.89649323,2016,227.02
0.359596102,80.78223575,64.87830198,0,63.94476093,37.83890739,61.90215601,3.972204738,19.64383768,2023,656.75
1.012845514,58.48471427,67.37133838,0,43.04950115,3.503866371,36.42237958,4.181549216,12.80960676,2024,669.65
2.828729112,73.40961234,60.83683616,0,26.86889566,46.7309393,25.14378477,3.618920768,18.60305274,2022,740.69
0.969608796,38.56285534,84.36910759,1,75.62477307,5.521383082,23.94329441,2.845397989,3.574577527,2020,584.67
1.556371865,28.92482468,71.32670111,0,74.32894775,12.71405342,52.62597439,4.049412023,8.397018551,2017,528.83
2.109056877,76.35779316,84.65287862,0,53.11023208,42.97284184,480.1958518,3.606120871,21.46204465,2016,911.67
1.090888807,67.52819052,61.76059219,1,24.74270493,92.5246825,0.085406204,3.60807913,13.88165363,2018,673.82
2.915346248,41.95896891,79.06216239,0,25.40947498,13.92942498,21.96570079,3.82265982,5.688933368,2018,678.75
2.887341885,42.60673837,89.52599592,0,52.14458577,53.05304804,20.87390244,3.933162043,11.5056691,2015,765.79
0.755346887,82.50869569,84.67540174,0,40.00257931,6.350988465,126.2730681,3.995458603,10.38299764,2023,743.83
1.491745518,36.21176214,48.6178761,0,43.17814136,49.37990928,43.4612899,3.558005051,14.17019134,2024,463.5
0.902634929,92.85345907,61.19485884,0,70.4392631,32.14398829,61.11263775,3.889895235,13.14624508,2022,667.31
0.854521483,41.98758531,59.82252942,0,64.66358635,6.423414788,16.09015681,3.121288315,15.89465864,2021,425.97
0.110660842,72.76783851,72.33881803,1,77.56285361,10.8077533,51.91888968,4.155519533,14.65266974,2020,815.77
1.828693002,53.42763049,75.29530333,1,30.18753553,4.238989378,10.89221975,2.571862293,21.79869628,2017,469.48
1.50803707,72.06374862,52.41660989,0,43.13616863,14.4849837,76.15187192,3.85525496,17.122743,2018,531.68
0.154436254,49.11771996,66.01757771,0,65.17963391,6.831443547,10.30724302,4.459593077,17.28835806,2016,673.07
0.835939393,56.74414188,34.70109002,0,58.96156682,30.984564,156.3071546,3.470329656,20.82578562,2021,537.12
2.724797658,60.81838351,86.62917509,0,80.64760765,100,83.60981528,4.358215102,13.05615625,2016,938.07
0.718685672,39.95625088,57.31438639,0,58.41073412,0.36245567,128.7238021,4.577866356,8.690612783,2024,369.89
0.434684616,74.81648691,65.8379591,0,86.96218208,23.35591156,54.21724874,2.346050024,21.03485162,2015,554.78
1.468358281,49.73572867,60.35525429,0,60.80035603,25.57600812,48.044401,3.924318548,15.67920874,2020,663.36
2.956951362,55.42800169,82.19041363,0,71.24334895,73.67516165,10.33723701,2.562113286,15.69675604,2018,750.84
0.726165815,40.11301251,22.43740338,1,43.52970106,21.15691683,74.20341242,3.940895777,11.83335039,2022,397.65
2.016406642,8.753326824,64.75084487,0,50.28574424,23.53823707,72.25804503,3.996414395,11.91572333,2015,515
2.284858846,56.17944475,63.41271864,1,68.21888808,19.14004914,63.13036209,2.758728007,19.23361169,2023,650.32
0.712912632,100,58.19545419,1,82.25956341,9.396327525,134.9069348,4.962419181,19.92327899,2020,1012.23
2.184649046,75.69208576,90.89339818,0,64.58473899,1.729799244,178.6798197,4.143007904,18.91911703,2016,756.81
1.103349398,59.61479241,51.69005812,1,48.33656456,15.76080634,138.945806,3.575488284,18.96480803,2022,539.89
1.896917492,54.74218342,76.57694266,0,77.54670059,1.620746588,15.53280726,4.732689714,17.84514769,2019,719.11
1.900589132,60.44931786,70.34379183,0,6.160426874,23.98808016,97.30185277,3.10219339,15.65761365,2019,634.26
1.607324052,70.9423823,83.92278879,0,21.55530997,11.01447292,8.373287246,3.385414483,14.12310158,2019,582.76
0.27086931,36.38374369,54.99216373,0,63.63268447,22.88150379,118.6205867,2.850272238,21.05161925,2021,411.26
2.505907487,82.28643389,54.00546651,0,50.28216713,4.326400327,48.10064939,4.900522598,13.13139565,2021,625.1
0.962340195,74.30762631,81.44104861,0,62.11027302,80.92664866,14.2138564,4.166173186,16.84989607,2024,727.93
0.559555531,74.36371451,71.37981962,0,51.28815045,67.47737121,198.0870191,4.329700895,10.97993501,2021,682.02
0.122325425,68.76951478,41.8259398,0,61.41891389,6.321501651,95.19395135,4.150500617,11.70350482,2024,407.79
1.77267883,60.39233315,56.91042478,0,33.71194358,12.62243159,43.80786468,4.286883881,13.81922716,2016,591.32
2.032693086,73.45722472,70.79573981,0,61.40972172,28.51814129,3.120915837,4.039038857,10.98030812,2022,591.44
0.049763487,71.83628267,77.56646332,0,69.88829056,3.01736589,77.06985554,4.135460671,18.98925913,2015,675.94
1.536279175,52.91918578,54.8115402,0,74.41101208,13.13505425,256.6887655,4.053801718,8.259828742,2016,550.1
0.679487326,48.52796454,21.28616015,0,90.27108589,8.67498667,90.72810232,3.695704097,15.49614812,2021,481.13
1.935518371,62.03712591,72.84834779,0,54.88196887,74.13605212,356.3149576,3.976687617,15.66254048,2018,668.88
0.523099287,90.98040303,46.69518965,1,55.47822174,57.41997649,14.67047742,4.136797287,5.946002108,2024,780.94
2.072813214,35.21785849,34.73991803,0,19.53655072,26.01307236,84.00362009,4.05527456,12.7948809,2024,430.32
1.160206039,30.64949468,22.51511113,0,39.37177198,22.04072912,160.0106823,3.261113946,16.27849769,2023,315.45
2.810189966,63.29521682,77.2097129,0,46.13835852,80.09047973,74.55795047,3.327506666,17.14363997,2023,584.72
0.412562832,61.01775404,66.92926176,1,71.00639105,80.83675114,9.548318636,4.541420717,13.97846396,2017,835.04
1.023199053,63.46683329,61.61515429,0,37.77997752,100,87.4395717,3.846502977,18.38444102,2017,687.67
0.340420564,64.87906396,85.83536544,0,65.92680039,4.018934904,94.6074667,4.292362674,14.45341871,2023,535.94
2.774080855,55.53595491,74.55987025,0,49.96756566,5.250530045,130.4564149,3.453940045,15.06826456,2024,517.59
2.63201806,89.79726877,89.24450064,0,46.4566377,33.8786434,143.217712,3.263427062,16.25826934,2022,723.92
0.773824883,27.98192043,44.10896792,0,54.97787938,23.38956268,147.304114,3.578201694,19.63499814,2015,237.56
1.979952138,43.4300595,64.48174064,0,42.17687255,0.559155843,108.8991894,3.888717465,11.62140999,2020,560.27
2.451666601,57.9349048,40.74929938,1,41.41925504,1.919361487,24.3105454,3.66742985,12.56589064,2021,534.84
1.665602435,27.13622378,61.55926502,0,15.90428188,65.69923092,51.79102537,4.646966762,11.65551754,2022,533.27
1.588951735,56.48291191,61.27076219,0,45.04091585,60.94716445,149.668963,4.089761651,13.33901142,2016,528.15
0.725556873,93.22940331,74.39920456,1,40.40063708,13.26095952,306.6733948,4.924469309,22.13117129,2015,916.52
0.279308303,60.41772977,65.68345822,0,39.68038021,66.5061564,8.223766006,4.202204077,17.8636266,2018,493.62
2.691647274,64.61401811,74.35110707,1,58.33746125,27.0180639,76.68726857,2.793724591,9.344551274,2015,706.32
2.701254171,34.7967047,75.551602,0,63.17263906,49.18232648,37.47258446,4.528020803,11.99776517,2016,747.7
1.899304372,47.67277184,97.32393016,1,54.64389009,16.72866453,25.54006296,3.245224189,16.86383612,2017,647.02
1.017089373,52.49607239,60.27055017,0,69.90830381,3.610784102,70.48366035,4.115266834,10.4674611,2018,564.57
1.047628724,53.64569806,50.88465949,1,61.51123852,17.06037287,93.16311481,3.612657971,11.3732998,2020,677.91
2.177867037,85.6328759,68.69125423,1,44.0988762,18.33594677,0.982029304,5,21.72479833,2022,650.26
2.69133078,71.15382121,52.96579959,0,40.74287429,24.01824327,151.5067138,4.719798964,11.93312186,2023,551.59
2.661259273,37.77084086,87.22941153,0,56.25644474,3.347485459,171.4143816,3.629089679,19.77333408,2018,605.03
2.339626638,64.93009557,60.75172942,0,61.4753422,100,336.710976,3.936321166,21.27661595,2015,765.21
1.926094938,69.96443497,56.51635448,1,77.95688614,8.396846973,19.92362875,4.122299035,11.33268954,2019,665.41
0.252419895,82.80298077,57.93026418,0,73.8234609,6.640070727,90.27640374,4.431707036,10.55018722,2019,777.95
0.484886142,91.61081373,75.77626135,0,39.17053987,22.44729946,55.62159774,4.014575956,13.61933957,2023,697.56
2.695662566,39.69811616,62.63379525,0,47.9598744,23.11433873,40.7709402,3.48755255,9.556861397,2020,603.76
1.819287179,43.78284978,55.3749977,0,63.4203561,17.38495306,83.38665194,3.64122068,15.60516939,2019,589.68
0.027591155,34.84844282,89.98027876,0,71.35995556,44.33810158,152.501907,3.997759102,13.97174044,2024,523.87
0.304414629,55.31960282,52.15745239,1,68.77938937,21.81070064,2.332265444,4.617228489,16.80290008,2024,652.26
1.990505307,69.32716749,65.53349111,0,48.72244334,28.22483881,348.6758949,4.21391893,21.98471728,2019,622.63
0.015184752,79.74669033,74.78459227,1,24.91954695,38.59307825,166.0108168,3.613292537,19.0874249,2022,679.36
0.482424154,58.48097953,40.52997334,0,30.02127248,0.760306605,139.0919857,4.324186389,17.44619888,2015,430.22
1.646201368,53.60304953,72.20390752,0,55.45267029,25.36407878,142.8731752,3.806507581,5.169757935,2019,443.19
2.075685593,63.03515984,49.17338487,0,56.84451159,64.67528913,49.27576858,4.445204003,17.21687991,2015,644.66
1.955883779,43.29714197,77.34174171,0,28.02641253,0.526251087,139.2797665,5,23.6131383,2021,502.74
0.672807928,100,50.56023482,1,50.89139222,15.58499931,48.90155497,3.820586815,0,2021,556.58
2.136537664,27.84677946,75.39153548,1,62.62448714,78.20305712,228.9736289,4.40080258,18.44691271,2024,801.65
0.711747262,63.69481158,81.58749599,0,26.97546685,13.06942969,19.50693254,3.627303334,14.20320713,2022,468.39
0.976199094,100,77.92154788,0,72.09994404,18.4150463,34.58020179,3.943868116,10.75102498,2021,723.93
2.239474215,60.13599689,68.76974972,0,42.44937703,100,80.14844394,4.014781143,19.00564292,2023,692.87
1.948898697,56.1992193,61.53048586,1,75.15226225,6.668961959,38.4502912,3.90315817,23.5485295,2022,546.14
2.547670231,52.85109154,56.35370635,1,39.33095108,2.024451495,55.20595873,5,18.87615364,2022,490.41
1.972838677,56.39216636,87.06552036,1,29.46749034,58.85990962,67.81062435,3.846703463,13.14404024,2017,803.42
1.70492581,87.45696949,54.5075717,0,40.8372602,60.85454691,194.0398806,4.293425769,10.28265088,2024,631.99
0.281024303,15.76276177,49.4440089,0,48.09703754,19.16419261,74.06419167,3.034956565,15.72313817,2018,340.75
1.103147409,90.66867403,74.98053403,0,42.23040186,21.65919093,45.01380214,4.215998282,19.36584646,2018,670.79
0.795607103,31.52085695,53.05794795,0,45.67997157,54.20126624,28.46681709,4.571027296,13.06473487,2015,368.55
0.73196893,54.66695342,50.74904754,0,56.67930299,40.24645643,52.53911526,3.736201329,13.54808504,2020,516.54
2.919031664,51.41511159,43.34593607,0,46.5764126,9.242625733,72.5125282,2.744888929,29.11000125,2016,450.08
1.179293174,71.7710654,57.75635241,0,48.67775212,0.511130264,137.0873308,3.980674116,20.39325973,2023,690.93
2.676139666,28.03751296,63.75927464,1,15.81547202,19.60050069,12.90258734,4.008591925,20.75064339,2015,467.19
1.893415878,69.24345332,68.64637591,1,57.83396032,58.75121343,25.05265522,4.362037525,7.69857047,2015,866.53
2.384433911,100,79.26959366,0,48.21593405,67.85327984,47.74779177,5,11.4640566,2024,837.14
1.507911279,32.73651991,72.90346885,0,82.20585961,93.86159242,44.69098045,3.809973175,15.3734082,2020,616.88
1.730711654,63.79412335,62.13691671,0,31.20869665,63.49891372,49.71661532,3.571855938,9.994312211,2015,552.95
1.477553081,46.76035644,62.02706485,1,13.83409343,26.02812829,157.7557848,3.416541099,23.00198649,2017,623.41
0.585728963,68.51774412,72.65236203,1,62.36136988,17.64230357,39.17906358,4.099039309,22.05156153,2024,791.3
2.167356346,60.38295555,84.08855244,1,56.93054037,44.72963252,69.69507658,4.239677129,12.33227331,2016,764.16
0.842317087,47.17026182,66.89471299,1,29.83133959,40.39163585,97.79189131,3.727172303,23.91959303,2023,650.51
0.072947899,69.7574457,57.96303719,0,19.4050209,23.17502672,26.41980601,4.389341373,14.97873952,2019,422.61
1.936416888,96.0869622,50.10700998,0,80.74793461,2.74134092,126.8317165,4.232692038,27.94694859,2020,651.47
0.531332038,56.18192417,43.32192103,0,78.28220781,78.14370214,79.21089226,4.021615845,15.72343065,2016,591.71
2.821375753,74.39515884,74.99404508,0,0.250864826,18.24227008,59.20016289,3.54879264,17.88096375,2022,636.92
2.861785731,34.13454084,73.66967785,1,40.83553941,13.54529254,165.9595151,3.759067842,21.99951721,2020,668.74
2.744593171,40.87127246,73.66045288,0,83.2838411,29.79251262,27.9046479,2.785122351,21.38816675,2022,583.9
1.110476101,69.44812556,63.0701083,0,40.47874884,33.61082908,214.7086499,4.117893532,17.55366033,2022,549.7
0.04636985,89.68232057,86.10402119,0,40.18775532,7.097804818,82.33668866,4.013170644,14.2942984,2015,643.18
2.784955688,67.11226698,57.73822258,1,44.34481345,54.4088989,93.94950809,4.094239496,17.5706635,2021,731.4
1.284552445,53.73883939,79.32903856,0,27.58206052,10.27205137,207.9913366,4.252159508,10.91907914,2016,526.41
2.899964457,59.98582811,64.41885658,0,15.90448512,6.199064099,170.1458293,4.192910743,15.76066859,2022,496.39
2.890859931,34.99184532,55.87473853,0,71.05094621,15.64648018,92.0203549,3.94480841,9.453462338,2016,663.63
2.559028366,72.09030653,73.88795461,0,13.14126188,39.34229545,139.9127166,4.024334022,6.0955918,2018,583.9
0.883346676,77.64666125,71.14454178,0,54.94542904,100,56.79596089,3.297841792,15.25213382,2016,766.09
1.155293186,50.95819334,70.35459139,1,67.73158986,49.70866574,79.26973943,3.708139677,21.31138945,2021,931.91
2.553410015,50.59915704,66.21917633,0,20.97547402,84.577018,6.408010538,4.025235527,19.62902321,2019,547.92
0.950766015,65.31756459,64.43160377,1,31.51463195,4.545826839,9.415455759,3.632073212,14.59043852,2023,632.61
0.50847824,51.26560528,100,0,74.26358377,2.215106077,176.8582566,4.430075398,23.73494849,2019,686.74
1.670403787,58.67734771,82.76384968,0,60.6578344,24.47332981,6.152616224,3.67068396,12.15469305,2022,658.6
2.808464322,100,75.84240342,1,37.65428586,10.28728161,18.56058951,4.108152706,5.410836691,2016,808.25
2.08808939,55.05948599,66.67698737,0,74.04498007,52.81741391,158.8815322,4.058282828,4.089493529,2017,619.27
1.71018351,52.83319696,80.10735801,0,74.13071447,33.44114082,0.114660773,4.373138797,9.094045297,2020,719.98
0.291529481,47.04916389,72.76992165,1,55.38105386,100,33.18490006,4.450395587,19.08312372,2021,638.25
1.84502168,74.88383943,65.39307129,0,31.99679544,8.822771469,87.71629505,4.347016305,11.82598658,2024,731.87
2.97016155,56.37551654,60.44653512,1,41.73102593,19.95336272,90.49797713,2.946996899,17.30479321,2022,787.87
0.420252046,47.01253923,63.78623994,0,55.72773488,20.86893654,150.126943,4.597074074,23.23141692,2017,511.98
1.554988957,86.42608065,17.44361396,0,46.22810342,8.200628017,70.50704905,4.763654112,9.499515187,2021,585.4
2.632119216,88.39206009,68.15901259,0,68.77914356,26.75477847,71.21299579,3.758937858,17.39249866,2022,704.13
2.222305853,47.99152869,57.6728588,1,19.4045184,17.57110833,129.2114185,4.118323456,17.69481536,2024,584.84
2.091047223,22.66920097,88.89004997,0,20.11472942,17.75681666,69.03998844,3.55458416,10.69631006,2020,448.21
2.107452252,80.1502738,65.29016106,1,53.61742223,13.5171685,93.77469964,3.025810747,21.77105463,2018,780.46
1.078473454,46.30740348,47.16554871,1,40.16911172,0.512228762,228.0569898,3.630642367,13.56146472,2020,483.92
0.880775533,75.81251198,64.25179769,0,37.45902771,22.1503142,51.32468987,3.72993048,13.0812351,2023,646.57
2.428083466,20.59792365,49.30818372,0,14.63886562,12.25022979,48.63363992,3.822574634,25.55806609,2017,352.63
2.430340184,77.85194677,72.10111124,0,50.3909169,0.039622223,0.355530448,3.520542955,17.61383371,2016,616.67
2.601216956,35.77656141,69.36421047,0,48.94489784,11.04263938,95.0432644,3.633287417,19.62645275,2019,408.75
2.739721658,74.61528238,79.36759447,0,63.06957964,9.798023593,3.022408812,3.994496839,21.77446466,2021,695.43
1.534027197,60.28546136,53.13677312,0,51.37812266,14.99895207,70.14787715,3.614886508,11.74763,2017,441.82
1.504548884,40.92121161,65.51012144,1,47.34791844,4.2417918,163.0834133,4.271762166,21.24910549,2019,610.7
2.394885537,51.85927374,44.52467307,1,73.54001274,21.25902408,79.83323128,4.340830326,12.49052943,2018,827.89
1.949891792,73.72636914,75.52242173,1,23.75065393,35.37258705,31.42124652,5,12.27688305,2021,638.39
2.105900632,62.11788906,72.78306771,1,60.72778438,29.84261811,154.256659,4.562839966,13.64000014,2016,754.3
2.387378008,71.68825961,72.43707532,0,16.5770567,48.851734,31.43231543,4.121551529,11.88967583,2021,581.73
2.670016025,99.52881169,65.02428547,0,33.2327624,18.04485349,132.0625657,3.689867852,19.11078216,2016,569.76
1.013985471,28.71516777,71.22159336,1,25.74685735,21.96236204,94.22714652,4.146873676,16.33605328,2017,501.42
1.126748858,92.3442515,89.06508662,0,65.63885071,49.88546777,18.63251165,4.16329798,12.54387793,2019,923.88
0.28194582,62.08711875,60.72358614,1,48.69179533,16.74281986,235.528859,3.743343455,18.37252517,2021,774.55
1.734840423,42.02431903,67.07967776,0,49.72993511,36.27954696,22.39484789,4.391865698,13.62408781,2020,495.68
0.107826821,33.39372749,48.70810551,0,27.86534025,17.1067807,456.4707373,3.300950993,13.35964815,2021,410.82
1.396794054,56.21759218,51.97608558,1,44.00613008,16.2249498,0.733734123,3.877800082,15.24341942,2020,534.87
1.627933904,78.43300224,66.4671994,1,34.73069393,42.83920475,30.58234733,4.27792923,17.31730178,2015,680.93
0.859623756,57.44901759,81.5590032,0,57.6691003,5.765227019,22.29689382,3.856207926,16.94923825,2019,435.48
1.772499782,90.2230986,61.15578764,1,30.17817729,12.40125807,1.4092241,3.896622798,13.18375409,2015,861.8
0.09150075,30.9764862,61.46125206,0,76.5958873,7.614743687,131.8142003,3.931107069,19.23555604,2021,589.01
0.112044566,59.75822104,58.89672133,0,16.48839101,13.34692064,118.2295472,3.58219938,13.88802924,2018,395.71
2.467801682,34.95213111,56.97864994,1,33.86960335,7.855549948,157.1905953,4.586950466,11.72507756,2019,599.67
1.080571924,67.27263765,69.42457184,0,83.5440102,25.98259212,29.66535917,3.490981164,7.659891756,2015,637.53
0.381181538,77.7377478,42.54113532,0,41.29722504,48.0100049,58.7589985,4.159079664,19.9158924,2022,637.57
1.56672978,51.58476413,84.21409365,0,23.70242671,46.33944442,107.6205765,4.206823949,15.06195038,2018,580.58
2.309980659,7.915722867,55.01866553,0,54.38143125,13.60034118,57.94051948,3.525689049,16.05436179,2017,406.73
0.647463082,63.97896294,75.82855228,0,40.49215516,100,119.5098201,4.036552127,20.22901458,2015,645.35
1.868671427,68.73477103,45.95002104,0,33.28259489,27.03130428,100.5049294,3.545183914,12.61296884,2018,569.21
0.256042395,68.0858951,75.03260196,0,28.08258378,15.29479878,12.17697505,4.695521238,8.128003758,2017,747.38
0.155045164,84.71564384,75.07916912,1,100,54.15250551,151.8880468,3.430608532,15.34890351,2022,865.86
1.594063895,38.57892641,70.76303108,0,44.968962,39.26600427,127.5384166,3.673051453,16.53980776,2023,538.05
1.621905365,73.60432211,50.08357217,1,11.48865279,41.50199704,106.6632306,3.387887496,13.68575467,2019,613.87
1.912289704,83.85015025,68.74322284,0,79.87419518,6.549880362,16.85294344,3.321150637,22.36868789,2023,704.06
2.178274001,24.42824832,47.25415723,0,62.2214181,18.95164728,31.19699137,4.795607645,2.569167161,2015,470.94
2.927556238,66.39303652,61.20855117,0,34.67067138,59.3777082,49.95181805,4.271387337,20.60028319,2021,613.3
1.548901045,49.91640338,80.44119651,0,31.33761823,21.0376795,32.8406324,4.070146713,18.95576825,2021,573.13
0.968869419,58.36954654,76.95052891,0,63.46945592,34.50848216,25.85250217,3.671711518,17.28385389,2020,502.02
2.385558584,66.95352967,65.22774414,0,45.06163345,26.59713301,163.6591611,4.453805906,0,2018,592.23
0.812496754,50.25542872,50.37790136,0,11.48044363,55.42262849,101.6752838,3.58788878,21.41944392,2023,305.58
1.316914262,46.48583842,74.68381568,0,85.74479929,10.04576144,83.34951972,4.396819647,9.867829447,2017,598.41
0.235369144,60.68304835,65.29071857,0,41.32019076,25.7035511,25.61223102,3.563744362,12.46154011,2015,460.57
0.07605223,38.25508122,30.19526603,0,79.91143473,3.945477084,250.1970154,3.677746149,14.14703668,2016,469.84
2.887945244,38.28349742,76.73944739,0,75.56869916,35.15589413,21.2182641,4.379141193,17.03709017,2017,606.64
2.507940362,73.58746566,64.63650749,1,29.97980911,39.49944899,158.4505976,4.431913672,18.19714021,2016,695.82
2.087922618,37.0241193,83.03676872,0,70.66379729,1.31345741,340.1377399,4.298736467,19.46420277,2020,434.22
1.226858833,73.32625002,48.57094222,0,36.971149,33.79100392,129.8623209,3.475162942,19.07926755,2021,623.86
0.51988296,69.25182586,17.3494428,0,12.66598826,16.06841763,494.1870975,3.776636567,16.26463602,2019,268.52
0.469311128,25.48386542,69.18625788,1,41.50803668,3.9749935,105.2829834,4.078449371,17.0796133,2019,506.06
0.750728694,46.44870695,69.37345515,0,57.95275004,16.33703363,24.52106788,3.575359519,9.546231421,2021,614.61
1.647679994,83.88218806,39.63992559,1,40.74526704,6.478817187,22.79293522,4.68548138,11.24486597,2020,707.63
2.143787768,40.37668938,50.32250681,0,43.85903318,16.11301064,39.23972916,2.799026528,19.47730112,2022,368.45
1.98059213,50.71191475,100,1,72.8713209,14.55176511,0.715556029,3.610630242,19.18604743,2023,842.85
0.839801691,69.24121787,60.41584079,1,52.12987961,40.22720073,114.4756138,3.745216749,18.61899708,2016,607.43
2.864595842,75.66781019,75.96438465,1,33.13403377,44.64523596,31.28874555,2.578028168,12.42791619,2016,770.73
2.21369075,54.96922228,55.24010259,0,64.04060647,28.02055745,168.839039,3.301885435,19.55246066,2015,507.75
1.663062158,48.04979611,33.64545652,0,53.95351134,0.688444449,44.4995204,4.312644756,9.193777738,2021,370.06
1.835162239,88.44739723,62.4461263,0,0,80.21915135,65.38428045,4.015141818,20.38679905,2018,638
1.258800187,94.77799328,61.0159316,0,58.56705828,34.77316498,337.2286845,4.786568011,13.69564599,2023,653.87
0.743192969,79.57716102,59.00182642,1,57.83657415,1.043813831,27.72989944,4.772613223,23.42085203,2020,853.93
1.067918036,61.70636285,63.28038747,0,50.40242259,51.25006395,127.7454656,4.216523189,7.39278954,2021,581.77
2.273538331,43.83468557,68.96402407,0,67.83401162,6.704289002,140.6977957,4.156619125,23.81702023,2021,486.07
0.043180466,43.39111187,62.74824573,0,36.55212831,25.96943923,24.97418679,4.032965554,13.19267835,2022,417.87
0.348217922,70.45028211,46.03990748,0,56.72999578,18.85644315,69.51428438,2.672458991,13.10260372,2018,510.26
0.138007926,68.36796442,72.29277187,0,18.66081258,16.33347758,43.10936187,3.302720243,15.97419409,2017,518.91
0.122186407,88.03197186,35.75942367,1,58.14180767,66.14027249,147.7998521,4.050337752,11.51460544,2017,746.75
2.566381752,73.00900185,34.24463814,0,89.06119391,17.25352748,97.41405233,4.308012854,14.63835499,2024,701.05
2.110973578,29.93839396,76.08770742,0,30.10287295,2.350008891,64.62312571,4.144834906,11.31186867,2022,359.73
1.422521487,81.03895235,72.60530408,0,34.80395736,87.92010075,151.1237663,3.553767516,11.49468235,2017,793.72
0.293502482,40.03878745,64.13906952,0,35.79969114,75.97324547,26.80828253,4.468703141,17.43442975,2022,496.32
1.474847625,52.32057456,44.06827243,0,52.59996452,34.60149824,140.0887852,4.741222014,10.49217252,2016,571.84
1.420415312,65.00400413,54.38133589,0,28.73927454,18.92729386,200.5257034,4.4689948,11.15902882,2019,665.53
0.51960561,99.9133498,61.05879878,1,58.42494757,2.923737143,210.8842314,4.494799665,8.136043751,2019,691.59
1.301554948,100,41.06159047,1,66.93679891,46.92649735,153.0966868,3.720387101,12.4803466,2021,710.45
1.195514203,72.13446118,53.91457013,1,60.68694427,2.354350177,52.42725751,4.537967061,21.55801015,2019,589.26
1.847550294,56.33606763,74.78495507,0,14.63169149,2.132025176,400.6774591,4.07287932,10.7703318,2023,493.01
1.905280953,70.69011297,86.40958046,1,69.9033533,23.12572806,47.73806024,4.255777764,11.34183367,2017,930.17
0.135912029,77.75310852,58.70847871,1,68.74734829,5.235181971,101.7840183,4.182715921,15.96960973,2023,612.22
1.123837844,53.58664749,76.34732531,1,66.60322745,0.232809022,17.56329889,3.939256447,13.14601783,2015,649.27
1.877579747,95.90422712,36.28909894,0,57.45684497,16.50328858,393.4723658,3.569998762,26.14077217,2017,659.78
1.509408776,64.60141518,74.89176862,1,54.40378628,4.427770092,121.7348265,3.958931668,14.18736018,2018,755.57
2.569469524,69.95486178,52.94077378,1,70.64778796,5.249014953,139.9896635,4.493380809,16.67609173,2020,679.29
1.976080895,73.31848504,69.61018425,1,88.47026975,2.400876992,6.803979375,3.779262097,19.71884392,2024,766.95
0.488803281,68.43173221,61.28371373,0,30.93919073,6.885933015,144.1459623,4.446673631,19.62288933,2022,594.31
0.211706242,76.77881001,84.80621015,1,71.56250792,37.7089926,149.0426428,4.368535335,16.16643791,2021,960.97
1.927257835,47.65493627,51.88346527,1,48.27565804,49.65303999,111.4049003,3.850531301,14.19436257,2022,796.86
0.079533932,48.83396492,74.41409446,0,47.40653896,18.07362808,34.51835293,4.694400052,25.12014268,2020,660.8
1.757326744,37.99691534,60.80738805,0,19.26938619,21.19024426,67.27369774,3.822226664,14.50119862,2020,402.24
2.820690724,68.79002461,62.62541783,1,44.30421181,0.996003282,11.7021993,4.754773431,12.79154948,2020,843.99
1.726422534,75.57873007,62.2421916,0,30.05470084,2.155072804,63.78772298,4.217063491,11.77075506,2017,493.84
1.164509779,69.15545732,52.31490343,0,40.72291141,8.934708764,27.94809307,3.992067041,6.365983986,2024,403.11
1.929864655,93.48984867,64.78851551,0,28.03627232,23.55119198,42.93946287,3.55609931,19.10807876,2018,628.4
1.374758671,59.88807962,64.06027667,1,41.02183225,40.36046356,17.74539131,3.955869885,3.259658014,2020,814.05
1.636850368,73.37483311,68.61860373,0,41.87779286,27.86631793,26.14353741,3.898120243,14.9713858,2021,675.51
2.824394426,38.16598248,66.26757719,0,51.93509837,14.93372121,7.965881001,3.370851807,13.97569683,2017,530.81
1.158307913,52.25800595,76.96991824,0,17.70500275,3.777921606,252.4496484,3.891192289,26.19982596,2018,512.34
2.883571691,73.91075515,78.85262924,1,21.08963705,45.52945883,75.58967705,3.59809841,5.841743856,2020,807.51
2.716051926,76.98204221,49.24065017,0,57.23828541,13.56661126,50.54102654,4.292995884,10.49448357,2015,620.57
0.587373404,54.12066105,78.03158751,1,34.05123766,39.96032391,76.57806985,4.653140238,14.31951771,2021,676.54
0.208083903,58.56801496,47.20495359,1,71.4905958,21.58343133,98.96499841,3.386542162,14.01235331,2015,567.12
0.302334004,29.64252507,73.81783832,0,54.50539444,40.25822686,254.9493727,4.856153864,12.25227705,2024,580.88
0.054665477,52.85941598,74.29608177,0,62.135243,71.34822621,19.68582471,3.935724483,14.59506045,2023,655.77
0.283328882,77.80766327,36.33024663,0,78.21384641,76.16043352,35.03414694,3.512489308,8.702186356,2024,656.01
2.04902032,71.50410032,66.3946887,0,43.80578376,22.97842603,372.0962096,4.37887739,16.78596439,2023,711.39
0.213565945,70.01331443,57.9725583,0,38.51026589,21.49298793,46.39308844,3.776772761,3.39257329,2023,527.02
0.956926891,60.99547374,53.61852113,1,67.43405171,9.264248652,2.282005894,3.959131662,14.87115322,2018,636.08
2.534625933,60.14126317,85.26278496,1,60.19027128,82.37248332,15.97504038,3.797860878,11.99821653,2016,884.94
0.069815807,46.79357721,55.19481289,0,46.2533938,18.37020452,2.669177888,3.591631034,20.08143971,2021,677.71
2.443405448,73.9765684,52.90434606,0,77.82915934,4.094916079,459.7513813,4.361998516,23.77655535,2018,541.86
0.845564324,68.41945889,66.1354241,0,45.7551138,17.00627034,32.69370301,3.856849299,13.34473916,2019,663.76
0.354494483,69.84037696,75.28384619,0,50.65547275,4.076421655,257.1023609,3.281674104,21.95362965,2015,541.9
2.090211496,49.47930315,62.87527121,0,50.42445302,20.94670234,549.342652,4.275530062,13.4194186,2024,570.25
1.88682854,16.9331416,82.49555819,1,31.3081221,24.71650978,91.58938635,3.397208824,10.16936738,2020,490.35
2.632416041,81.94305424,72.96463493,1,51.55170779,12.36362552,3.375981868,3.423369914,23.72951816,2021,905.91
2.205213131,50.42325088,32.3268302,0,77.93520355,2.230413713,8.51131402,4.596303102,17.60388222,2017,525.53
2.410442791,42.74448472,57.05799555,1,58.89936631,86.20731661,65.69870213,3.40183005,15.02219261,2024,794.98
0.846103718,73.86957824,56.57236851,0,50.62126853,44.53086116,52.11655856,2.841777572,18.43588738,2016,464.72
0.532318631,52.1597472,72.1904143,1,46.76465438,54.76837669,93.18544856,4.311430742,16.37107518,2024,668.12
2.251844255,81.19872768,25.62774415,0,56.61734057,13.71230912,57.77631263,3.848068285,14.65390296,2021,566.19
2.420504218,72.34011899,100,0,64.99533257,42.91754968,271.9265598,3.891172439,8.367825863,2015,784.68
2.971515426,73.67138646,72.96539142,1,62.18477662,19.92938127,76.51582782,3.842749803,13.64731631,2016,821.82
1.237853031,32.68088578,67.23315206,0,43.36270276,6.734964894,118.3275354,4.11583497,18.11627712,2017,645.83
1.116054257,84.23887971,82.72351575,1,56.49563188,3.986178355,226.8041383,3.623640379,14.38614287,2018,807.71
2.329238882,65.22501062,100,0,59.59879482,12.69593128,15.88455386,4.738057437,19.51162881,2019,697.35
1.022410621,52.61445722,78.06119967,0,29.85610025,4.43941653,26.10202185,3.26188476,16.91827512,2018,457.38
2.792271977,62.86776935,79.23219645,0,53.36461082,100,11.35256044,4.222437458,10.60931841,2024,734.23
2.575238256,24.47529534,66.96035037,0,6.773922274,1.513198923,15.04025121,4.321060502,8.404140211,2017,378.67
1.286982082,68.17305623,62.8771137,0,59.6506742,17.45588175,71.86372432,3.62017412,14.2141075,2015,562.63
2.252613203,39.41256984,57.86306834,0,63.20686109,18.04952004,38.73981906,3.488132777,12.37885776,2021,549.07
2.263628622,32.94659428,52.60832012,0,64.95092252,10.7273432,55.02126059,4.508587107,16.68160905,2024,563.36
0.309371607,29.55281628,54.6947885,0,42.09906296,25.4135459,404.4973526,3.504569623,11.40931171,2020,471.28
2.70765872,82.2537675,44.74166053,1,56.1809367,4.874756984,17.04376681,3.69666803,11.92303837,2016,691.3
1.515757117,47.41473213,63.86192824,0,78.47907691,45.96213924,77.82957209,4.443654481,20.26534859,2016,658.48
2.479372398,90.6745542,39.72998634,1,78.27539297,12.12412701,10.41070294,4.017370617,15.74101484,2017,944.43
0.960148803,49.28397074,67.86374786,0,49.41654602,26.84634305,38.34536181,3.101428166,11.48636467,2022,490.39
2.686569685,25.85284085,64.45504088,0,52.78639261,37.72534654,74.97723985,4.873529572,15.08820904,2022,566.91
1.167605036,37.6695112,67.20402948,0,72.21822289,65.95813765,293.0539204,3.734994621,21.89455622,2024,490.52
0.032512954,84.7162324,57.16802645,0,19.98395969,54.19780714,49.63118291,3.798621355,16.46893344,2024,550.14
2.716145929,56.88203644,100,0,43.53848515,28.11846261,6.710896453,4.127892126,17.96475405,2024,633.89
0.27386003,49.03425407,85.4017385,0,76.71140911,14.74996964,49.12868351,4.312538399,11.23882732,2024,591.44
0.957940913,63.20036452,46.3318625,0,69.50401083,20.98731446,15.75210584,4.980552146,20.13209689,2022,485.1
2.850185901,70.03565472,68.49302131,0,57.38527555,43.92570439,26.1351275,3.169965925,26.5905113,2021,561.04
2.851821441,82.34797632,55.87990786,1,19.88335189,63.00048282,96.25719319,4.412976104,11.04266179,2016,757.51
1.720313664,88.9699846,49.7828041,0,49.00179534,3.287145357,6.980448598,4.371504847,9.090530128,2015,647.14
1.895511637,52.80462708,44.89891893,0,38.20169208,14.57697957,62.49723219,3.931417545,15.87771122,2020,415.17
1.345336566,33.47904628,71.48325036,0,56.62077806,44.89889674,94.02289432,4.393636847,19.37752525,2022,426.47
0.879632315,51.73069678,54.77929647,1,33.8130663,16.95062862,54.79364444,4.467137009,14.54305164,2015,592.92
0.985993636,65.20561013,79.51739036,0,29.4855321,12.11424383,1.931162549,3.309018608,9.73396802,2017,597.32
2.017555368,40.72482148,79.90673322,0,8.702694446,15.89631353,423.494248,4.874883253,14.45707919,2015,565.99
2.257123588,40.8569817,85.60871578,0,74.4360937,27.70284026,45.74677604,3.220618873,17.99046136,2024,575.58
2.374737131,66.87575763,52.21419851,0,42.00458977,100,150.7681224,3.432341859,12.96484087,2023,627.25
2.368854428,59.02695297,72.13048416,0,53.14291567,20.37688028,39.40008133,3.869106163,18.03627509,2021,531.4
0.273618309,60.65593991,74.48681325,1,49.95523767,7.014552576,64.4388935,4.962470257,20.82355393,2022,624.94
1.483260914,44.83009331,57.88732737,0,28.65132134,5.332437665,49.17808695,3.845871685,16.20115313,2023,393.04
0.17267628,55.39198572,53.42342064,0,24.81870177,1.298179456,41.93701814,3.984033055,14.86026114,2017,385.08
1.648586647,41.51533711,89.14280999,0,29.89369748,24.54888168,2.209365445,4.716039302,19.14671963,2024,571.07
1.324591504,77.80396822,68.41243814,0,35.53663122,23.59553531,44.63198186,3.849840929,10.71949586,2016,613.41
2.663112548,80.70498669,74.53951626,0,57.33212494,6.891223654,220.2649178,3.410781644,10.22645083,2020,604.74
1.052745038,23.07624276,52.66885982,0,34.08564673,35.65572322,117.2452621,3.791382582,13.66713858,2019,419.31
0.351201049,41.4097828,46.710733,0,84.92981263,40.54021773,15.71485044,4.685395917,12.54060273,2018,497.49
0.428975046,30.0694149,56.45825338,0,70.54302072,8.9966158,89.44191792,4.035432499,10.98329012,2020,347.47
2.284531895,46.99952131,63.13967919,0,66.16719099,12.65239743,222.7763932,4.96532913,24.15234237,2020,635.86
1.85465419,58.3312406,49.0366999,1,47.60682195,100,120.4086281,4.368967463,25.85996605,2017,693.71
0.303368028,31.00709561,64.85232787,0,80.28561471,14.06482409,16.09723524,3.677595532,13.23147479,2016,386.75
0.252320418,41.56280374,39.67242218,0,45.63988738,42.91386738,202.3685197,4.025538152,15.45859475,2023,508.86
2.102907394,39.92085256,48.19928866,0,49.37477172,18.08413921,35.88831134,3.573390941,14.0607859,2022,462.69
0.218289019,64.14534659,75.06366872,0,53.39949079,47.3011113,60.52757714,3.665783485,20.5374962,2018,666.44
2.465580178,61.38688674,74.0568578,0,64.03646081,43.96314523,74.68491834,5,21.52822781,2020,743.38
2.118726681,45.56524893,59.12184852,0,62.73816158,33.05657148,190.0503064,4.509312255,6.113681007,2017,511.49
0.244046342,63.53641744,49.73353536,1,40.49749443,57.88482173,268.2492039,4.430548995,17.380054,2022,741.09
0.254513142,49.06639831,49.58894673,1,39.34012561,84.01409185,265.4313403,3.688409842,8.465893294,2017,506.8
2.959918736,54.56689779,59.40097631,0,62.79805914,26.02382566,0.798598454,4.784792033,23.79136079,2016,584.83
1.122812387,93.46904181,74.66777737,1,64.30473168,8.133359818,254.9617801,4.549707801,17.20124015,2021,771.08
1.111926441,86.80922104,78.92368537,1,42.1329775,15.256295,5.592184859,4.940810645,10.88325231,2017,714.51
2.438398702,34.00837526,57.55202397,0,18.25623861,42.60244891,30.89379284,4.916557074,13.79339306,2023,603.57
2.841745732,76.59464836,47.69761361,1,45.85367808,31.57048677,72.35813466,3.260455356,13.55511371,2017,713.49
2.958003191,76.22793109,69.01765457,0,62.47051598,5.873087514,65.37835719,3.445080255,17.62556471,2022,543.18
2.260134556,37.03473422,52.64697544,0,86.10833693,1.577967795,92.81350848,3.498106092,20.20956302,2016,426.5
1.128778757,76.37555288,57.22621042,0,26.04084075,34.46197069,65.28620893,3.528029678,9.25896354,2023,736.16
0.25050215,90.75863837,84.87914136,0,41.46857494,8.673654212,272.3808915,4.161726182,24.1937725,2015,611.03
2.331440748,37.54910388,77.40673143,0,42.21192877,20.77463656,27.51592753,3.716598274,23.02845054,2017,484.61
1.675212749,41.64994358,67.36961468,0,77.11610679,41.20096175,32.02392786,5,10.62338216,2016,742.74
1.272666028,80.35322934,45.92121498,1,49.30116999,24.81179576,253.4995647,4.952339941,15.36400897,2021,554.48
2.719063155,65.42990622,68.17094851,1,31.85346881,2.609334956,7.984386733,3.996769203,23.55404272,2019,768.04
0.333592447,71.0295255,80.93985936,1,61.17390566,6.158380988,94.04830758,4.977663108,21.16459293,2022,688.12
1.477875313,66.81178433,59.36549501,1,41.9072296,7.428012824,114.4873901,4.744067314,13.31628485,2016,698.63
0.034060934,67.81391842,85.26671135,1,25.51225453,8.946693179,70.42925065,3.77464672,19.07169907,2022,622.92
1.405981926,33.47055743,84.39117934,0,32.14453385,25.00011048,118.4928238,2.995392328,29.98599146,2021,386.32
0.168909827,80.94635413,89.95599248,0,84.68083909,21.03331087,18.96539484,3.891015808,15.52579991,2019,762.5
0.356453749,83.39179985,69.5786469,0,57.68418443,6.813042639,191.4823999,3.677688934,11.83675874,2016,693.67
0.35257874,55.41218512,73.8108755,1,52.15520111,2.098348277,15.08527617,4.103252813,15.86209926,2024,468.16
1.947630906,59.130461,86.21280932,0,45.00212528,5.641698487,51.21806152,4.044614143,16.23276048,2021,528.51
2.238134638,29.37784995,71.71090906,1,55.84297684,100,7.824006816,4.031508829,12.3773163,2024,876.67
1.750106295,70.28509512,57.48148838,0,55.60471892,18.96421259,78.79218772,4.261842371,17.20812534,2018,631.89
2.886517645,71.44114883,58.27185745,0,55.84337656,60.60021932,110.7892641,3.393739026,8.727994701,2018,717.71
1.124611739,58.75617966,68.57832431,1,52.29690181,56.66512472,283.3981436,4.205680139,11.67233066,2022,825.18
0.857136259,82.4870672,45.64157867,0,67.37596677,21.49367532,134.4523809,3.780191923,18.79122388,2020,633.73
2.605797385,53.31845538,62.85111627,0,50.46208692,36.79552188,77.89293129,4.0999911,6.225645742,2023,630.68
0.670787516,71.29211852,81.44820677,0,30.44122329,6.423730794,269.7362773,4.478704923,19.51583796,2016,673.76
2.889667618,39.60671323,32.13119223,0,37.75154218,34.98073171,65.09248959,3.387800113,4.940093171,2019,420.67
0.036463424,59.52895698,88.01723153,1,10.41962613,9.539479158,82.37244338,3.859353174,6.343377106,2020,627.75
2.90963648,56.51291484,81.83561328,0,90.53634232,53.52482974,90.65843111,3.940732883,12.50510628,2022,851.88
0.129479736,64.50615844,58.10353076,0,67.25509184,2.623133848,52.75983798,3.742865514,16.43431921,2018,482.72
2.673429341,52.60946142,73.15086242,0,33.3985901,44.50249026,182.3142963,4.449914748,21.62631802,2021,733.49
1.583103327,57.37054809,65.0472159,1,44.36310301,3.158712429,20.47830649,3.639805821,15.28811382,2021,656.3
2.978894388,76.52094343,83.44985553,0,37.26247052,63.90669833,80.93264313,3.7222998,13.76723196,2018,648.94
0.221389694,51.26471526,79.74024714,0,80.85094423,10.88098529,128.0973569,3.645040434,17.89790624,2015,595.36
1.661562853,27.86845799,43.99893915,1,21.60245671,31.8736213,234.3158909,4.546027706,10.6455059,2017,402.59
2.907907607,94.99167808,73.8089362,0,52.28952118,20.05377042,215.3461856,3.753777944,15.6970758,2016,725
1.569293533,87.62908157,61.9155822,1,47.82944315,13.68553758,71.07823489,4.230022695,9.00276871,2017,704.03
1.888195914,34.1547461,66.24248856,0,66.53677261,31.10648596,103.0471844,4.987852551,15.41295258,2019,526.98
2.087246067,73.7941561,54.07742149,0,47.91981545,88.4213979,50.12676737,3.96259079,14.35081837,2015,544.26
1.363623194,49.94050459,91.22205604,0,14.83582247,1.264365705,63.14459862,4.55603034,10.97866039,2019,483.23
1.88267424,65.26974431,80.6009273,1,44.97764331,75.34473535,236.7292082,4.835677042,15.82520318,2016,819.14
1.752942936,65.88448258,53.90343254,1,30.55675564,28.17769732,266.9367996,4.51359578,15.79274827,2018,619.13
2.703474031,55.31184399,44.9808409,0,51.59159093,49.40084757,225.7746135,3.991599342,20.87727006,2020,462.81
0.136339141,44.32468669,59.21491054,0,78.68354073,14.52916015,14.8930335,4.321053879,6.971832985,2023,563.88
0.842889569,46.18917895,71.51753969,1,15.21149512,19.1508493,189.7680284,3.356310703,14.61975546,2024,496.05
2.851234452,41.67616169,68.60308766,0,33.99554529,60.94257915,296.3530966,3.609978421,11.198688,2020,672.27
2.670791352,43.36355584,83.79699237,1,38.94614092,16.07650755,44.82416593,3.697662409,19.34881029,2024,771.94
1.366970258,58.6564342,76.84879583,0,42.36737809,22.9495808,73.11529141,5,18.76956033,2016,591.46
1.860397793,45.68480022,79.54353539,1,64.80251328,0.612048846,151.0023692,3.593707743,17.53939923,2022,815.42
0.832143549,73.64104131,69.90283101,0,46.52911165,5.180572133,82.57147808,3.586261624,11.48083371,2019,569.56
0.564363479,89.74492311,44.16051905,0,58.31605451,30.79040999,503.3421188,3.47803951,19.42735291,2023,493.64
1.391095215,48.39893517,62.06452203,0,37.48453913,37.86680289,60.82792686,4.279905881,7.349345356,2024,654.18
1.060056684,64.78809001,80.9013461,1,54.59848691,26.21137586,125.1563178,4.071310696,6.323446482,2023,891.9
1.750968336,69.99370221,64.22715607,0,65.55595262,4.640375854,157.3063266,4.543379489,8.620645,2018,710.43
0.233203911,69.44004542,72.54635553,0,35.35400901,17.68553802,68.14170795,4.335629833,14.83262595,2015,509
2.923184423,61.51910536,60.21877527,0,65.6271624,13.15955693,194.4797408,3.309805077,18.375822,2023,508.82
2.958632233,74.85364837,49.55282227,0,51.04745537,20.535219,78.99986482,3.596361115,0.11983763,2023,583.46
2.094485142,69.64497905,63.14983904,1,70.90920481,61.28265216,53.04346244,4.682664374,21.61371416,2022,1024.06
1.608289099,35.24675155,69.63571165,1,45.971602,44.86472523,11.40914909,3.898350878,15.65556098,2019,565.78
0.928582849,77.38312129,55.16468421,0,57.6248931,2.63182359,49.9908065,4.593795909,7.161138262,2019,655.29
2.441385059,77.74581675,61.46433133,1,49.18787537,66.3026928,132.4020107,3.925159526,15.50473485,2024,797.36
2.054193518,44.73427792,50.90805137,1,48.07575476,19.14654273,254.1939479,3.516171786,20.46262707,2020,668.77
0.487850818,60.75875671,81.78867376,1,55.17860856,40.86118449,28.99237884,3.848369611,17.99720508,2015,642.14
2.732781553,73.66657986,60.58316364,0,60.73614938,4.526055256,43.8870172,3.515975102,20.49536531,2023,594.3
2.467611729,55.81372361,86.79133318,1,25.00870176,33.32536158,16.71898142,3.717223619,8.168766853,2019,651.47
2.84939974,81.45956096,87.93121776,0,78.67267218,8.088429165,117.3517622,4.100462853,12.92997382,2021,707.87
2.177158525,100,63.78431053,0,12.80673919,17.30794235,322.3597706,4.255802545,10.37653885,2022,683.51
1.840245588,44.28027935,49.87326901,1,36.30375781,0.510200014,102.4299807,3.204904338,23.58790103,2019,433.32
1.254729109,32.37910794,33.71153183,0,48.11461858,4.932467856,95.9920127,3.991315996,18.19681422,2017,403.95
2.79818545,66.07637191,42.9194439,0,58.24711938,2.897986594,80.62933268,3.706692132,29.23504794,2020,534.16
2.598191669,74.4312501,44.39247763,1,81.52345055,8.223008634,9.261512947,3.675792596,12.66195233,2021,642.05
0.13565601,55.38267252,85.67704441,1,12.83417024,3.161418477,130.7497327,4.06634231,11.37662894,2018,547.86
0.079100923,89.06521327,66.73736881,0,39.84611743,35.32090252,92.14277627,3.724774064,14.28586681,2023,658.78
1.129390101,33.22788401,70.84406786,1,7.463330244,0.884097164,108.3162559,4.691068997,21.89178611,2018,514.69
2.431659992,73.85837246,31.69368487,0,50.63243948,28.8496675,229.0766143,4.594030938,13.16940155,2024,570.83
2.961828388,47.88278358,47.03050356,0,55.43367169,4.549388632,153.2295346,4.590914147,15.62218799,2016,502.16
0.451250673,94.38755812,78.30619665,1,81.81591484,87.10085988,151.8296648,3.752544902,15.48345351,2023,925.19
1.782392146,99.85030706,69.30161169,0,52.41269522,81.13403167,261.9816394,3.518750583,15.19748381,2018,782.58
1.14267257,44.66686824,62.79192082,0,70.88050259,7.666248749,459.8686398,4.041014965,11.7380077,2018,669.39
2.909743193,49.00885728,73.47263538,0,61.67674163,28.59029855,87.05593648,3.924825817,14.31354466,2024,689.79
2.526356769,77.19175774,89.53696709,0,41.29503606,0.852148417,11.52779939,3.695588419,14.09948699,2015,649.41
2.514986114,52.257387,61.68436305,0,21.82078506,80.55428213,61.45761542,3.412132777,14.9621767,2016,503.46
1.406079479,59.09177564,66.04054704,1,55.50004597,22.20636543,154.9289387,3.979241015,19.71758409,2017,653.5
1.244458507,60.50776841,67.88895378,1,20.15795966,1.325552784,2.811692675,3.797965275,23.80314017,2021,513.3
0.820221216,21.60653688,100,0,75.90414145,12.57931513,5.8569638,4.344173519,10.79782619,2023,566.18
0.16912649,59.72324508,33.50965603,1,46.75875796,2.398888836,6.951920539,4.332553026,13.04003188,2019,382.76
2.594167129,46.20544452,75.24834522,0,73.90354823,14.97404877,131.3176839,4.550399903,10.87494051,2018,650.86
2.438703027,50.13754355,63.27796627,0,40.39571132,33.25318332,69.5483164,3.370352224,15.93550769,2016,718.03
2.99915302,88.87264007,73.50157589,1,55.37701573,19.0401172,46.02876918,4.200529154,12.30825271,2021,840.97
2.989910511,34.86986211,55.13941169,0,54.18697715,14.52172206,11.16212345,3.636267147,16.19898417,2020,567.76
1.666295117,76.26410373,64.26552454,0,49.09911764,3.806277816,131.7665157,3.389792895,20.51813455,2021,658.5
2.306962246,54.42074139,75.67115869,0,41.34680973,8.428703964,38.71633279,3.785698882,2.370841571,2022,565.66
2.83429719,54.40479663,100,0,57.84912037,3.165592108,30.83257887,4.53435249,17.45889945,2023,683.61
2.548942172,75.80743792,77.12054284,1,31.47673473,49.42957609,105.6470466,3.813840823,12.69906476,2024,676.48
0.742044305,66.80102589,52.27901603,0,25.81129342,4.359092048,81.87351036,4.78272733,17.30211134,2019,501.42
1.351632406,71.41225994,58.64360477,0,74.85653787,27.14371589,45.00608421,4.274439258,10.51765281,2019,660.18
0.387478245,79.36369321,58.19878837,0,64.54335978,12.5902869,102.5791671,3.802954761,20.98130494,2018,525.43
2.862153082,53.37383234,38.06535241,0,51.31783217,7.684664369,31.6385462,4.580024214,19.56640309,2017,591.01
1.818523903,47.75526531,60.04864712,0,83.30284765,30.60527339,158.391765,4.222698386,17.84176074,2021,566.2
0.685928417,38.29698947,75.99243623,0,44.64468963,18.31950636,26.04806749,3.533720306,18.96612859,2019,743.95
2.015102053,43.4917894,45.88651821,1,76.4540644,15.33204296,17.29706476,4.929401318,11.27189766,2021,693.1
1.854384721,100,80.72723977,1,53.5114817,26.95735606,152.527789,4.129739412,11.90188123,2016,851.77
1.074488154,84.89359161,72.31662232,0,29.504985,20.2749958,123.0631787,4.009398096,18.762181,2023,772.4
0.340672777,32.97851268,53.98650017,0,86.96080384,10.8499444,20.16743915,3.572233665,11.16135429,2023,332.41
2.014719587,33.55084087,62.87705544,0,69.81421693,24.56548163,12.35762558,4.589769134,22.22817523,2023,551.29
1.560923103,69.63732123,88.97482711,1,47.57957938,33.21432938,182.2625492,4.258637714,13.38204464,2019,764.41
2.316955175,70.94529595,76.0032172,1,64.54342519,0.811676715,149.8784598,4.31461909,17.50947195,2024,753.12
1.560490503,70.97767671,65.13175482,0,41.92593132,18.81357782,39.639245,3.746234328,25.4962476,2023,600.19
2.556544501,54.90088413,61.43475025,1,66.5829807,1.782415349,107.3521926,4.417050286,11.46888323,2015,673.19
1.655720516,57.4909148,66.14913606,0,2.178428694,6.188792662,13.25720661,4.455906797,15.34380875,2016,580.38
1.682813915,66.55759048,57.32354663,0,29.60397333,24.66412304,70.73427811,3.665610881,20.27091582,2024,573.09
2.629960808,61.71786013,33.42875741,0,69.58519489,60.33978868,1.890792556,3.29150493,19.75638694,2019,630.94
1.210448599,15.61399255,95.63266866,0,45.00688924,64.31765581,49.69258102,4.29068653,13.36092345,2019,655.51
0.402045685,55.40400739,67.32987499,0,54.1508459,2.175314715,7.779163317,3.213326525,12.41634781,2020,418.45
0.086348029,42.97187131,70.97220898,0,23.06428676,16.2955623,64.46373988,4.076007889,13.83432034,2022,489.75
2.265411767,63.50422838,64.13138375,0,86.95733991,26.24053812,54.76307779,3.776377448,22.23928883,2015,688.4
1.860928654,100,53.97324799,0,73.81059287,4.772330588,58.76797186,4.609332605,13.60447072,2024,608.12
2.112239304,67.34963331,62.21113279,0,45.98629563,43.50032035,4.639091183,3.803578055,15.39057846,2023,699.58
0.638892485,53.72940628,41.00907857,0,41.90608286,40.90491706,44.88158304,4.553636486,12.86606765,2018,338.6
0.409114427,78.43603004,99.15629747,0,70.59208723,70.096983,141.2572011,3.742895278,18.52774282,2022,1020.56
0.043633997,69.65375774,46.48232002,0,89.649409,0.255666699,46.03137257,4.499995503,15.77762519,2019,575.24
1.051762676,68.40188981,49.52050574,0,69.07520512,7.326581997,125.5869623,5,9.982830946,2015,515.74
1.769753061,72.13701186,58.39611193,0,93.43605335,52.66630621,46.12083789,3.465976431,10.15587943,2023,778.94
1.176732135,100,84.32113587,0,31.55297342,33.31265703,55.03280752,4.146017861,5.006972167,2022,778.99
1.312424766,37.38223129,65.21763499,0,33.61226339,67.4400249,82.98656186,5,10.84339295,2019,745.77
2.712476083,69.47264154,46.45796306,0,26.22117764,1.766385849,300.9464872,4.033294413,18.96972902,2018,636.92
1.044766401,41.4723774,83.81507541,0,58.83521299,27.26187918,11.52542382,4.030894135,21.61880269,2022,501.18
1.541968467,71.11025293,75.9650094,1,53.512071,25.25265771,3.346761342,4.394249474,18.42779182,2023,743.29
2.350959038,41.62626977,73.07652436,0,46.96097753,1.089788971,93.63842202,4.020540432,17.773161,2021,468.77
1.189628347,51.65266373,75.73601362,0,66.18517256,21.61691272,297.7835165,3.146387003,14.36736975,2018,662.18
1.866260101,54.09820172,100,0,74.6465721,28.21137974,457.7859789,4.566143687,18.87457277,2021,863.87
2.587091126,79.51633439,97.77642343,0,19.48675181,6.369564554,66.19668731,2.998525793,16.43139112,2020,541.99
2.848561871,78.36908888,54.69926985,0,38.06055944,9.578467531,63.12652245,3.791604174,24.02224486,2017,563.52
0.441220443,35.08565247,89.35827489,0,66.40287188,30.67849692,103.553544,4.603712875,14.50777343,2024,586.48
2.779762875,61.09868222,70.74752285,0,40.64522632,18.95032922,81.11084358,3.821728786,21.71504042,2017,661.52
1.476348879,45.80840291,72.48643724,1,34.03587847,58.56073218,100.5362569,3.653151754,19.37057041,2015,710.06
0.774733165,34.82990179,39.61593753,0,70.37074855,12.57392123,207.1468813,4.439631953,18.67721643,2019,556.4
1.377407269,55.65965899,62.44421352,0,24.20999861,9.304361148,137.1627131,3.574442607,4.942543373,2022,461.12
2.940097726,53.83034423,52.80764614,0,43.96840384,100,68.69213845,3.38888714,19.64594781,2020,640.59
1.477854282,100,77.42088222,1,56.57288052,72.61936743,61.96448156,4.137256994,14.36246011,2022,947.15
0.986254831,68.65919651,81.06620751,1,38.52360172,0.882640171,102.0545605,3.908538351,12.78036753,2021,668.72
1.900202563,32.44764998,33.88270473,0,65.66311312,44.18546673,60.82662595,3.378163443,7.585434794,2016,507.05
0.720436856,48.70451992,64.66947704,1,38.6224605,3.507301122,61.20822594,4.31847627,14.97206433,2022,699.15
0.227589984,80.42766591,81.82792257,0,78.17238987,0.836099393,1.644030606,4.232243803,15.16775798,2018,855.99
0.386639166,100,62.19981557,1,47.48507405,9.593578578,19.12381567,3.820122492,8.484990391,2019,690.54
0.384137517,28.28033376,75.93595468,1,63.42540273,9.414452699,67.04343606,3.854333997,7.633599136,2022,800.46
0.455708081,22.4015123,70.26748201,0,64.92047906,51.33062755,172.9649602,4.235196371,17.4330974,2019,520.71
0.416481518,97.41930351,70.12490348,1,37.44919995,37.20533565,32.67375819,4.59518071,19.35852566,2019,845.45
1.922624234,67.79228355,60.93027533,0,8.930269027,100,73.94915477,3.858603395,15.95141455,2020,591.6
0.545640253,42.63414536,46.75128794,0,57.21511509,37.29314727,42.30621592,4.327344247,20.75417325,2021,424.78
1.03700185,70.69258172,48.17704779,0,51.44576694,16.25172068,11.07125786,4.282600109,14.56807508,2023,651.93
2.69036523,7.28504522,75.64028772,1,61.11652055,36.01214142,317.7217774,4.439653646,14.72824363,2021,658.35
1.421884921,60.06751013,65.29187383,0,45.46945055,100,192.8774891,4.019654599,10.41485986,2020,798.84
2.002673216,66.55642346,62.92231633,0,41.39144602,37.15091178,8.174428103,3.543837243,7.198790112,2024,670.91
0.516959614,78.48540279,58.64164937,1,90.16946022,43.02439981,127.2206187,3.768750423,24.27331067,2018,822.23
0.576867056,39.72208095,60.42216732,0,20.55291877,83.59576903,42.70666061,4.171426733,20.65649525,2024,582.29
0.122605849,61.71374323,80.70367692,0,64.67900957,3.619343867,526.8721101,4.909232189,8.037437164,2016,716.82
0.506805189,41.49150748,59.97133877,0,38.50796284,36.60146944,36.01072846,3.757990188,15.77875954,2023,573.76
0.835771017,65.10767511,44.8840293,0,43.28442765,57.07522574,27.27782816,4.402393722,14.49976844,2024,542.88
0.531031453,42.09307355,76.15477663,0,43.65794335,92.62135137,83.90763624,3.835971775,13.63003763,2019,677.24
0.266107601,51.83798322,61.92685004,0,33.93131452,7.108501075,180.2574724,4.055234378,12.95491076,2019,597.41
0.361907613,40.0836921,65.47093798,1,61.4244842,21.03108699,21.38355948,4.757698375,16.90634573,2017,647.46
1.382336304,73.02272484,89.1136746,1,77.81287192,34.23509061,123.5817059,4.382146291,19.09087763,2017,822.18
0.619001155,77.16902233,64.69159164,0,59.40027322,8.529341967,6.337288943,3.379350364,17.01195585,2015,536.24
1.092809583,55.3075886,69.3377551,0,52.06763992,27.52420768,251.2500808,3.713762488,14.39740813,2019,651.81
1.510251813,60.7647599,47.31614763,0,30.27119002,8.935155549,8.455067915,4.628110672,14.21386642,2017,463.49
2.071184486,31.02817171,61.70495821,0,60.33650532,12.16951968,245.6102031,4.070939021,19.68407158,2016,541.64
0.11793642,54.00646704,74.14289068,0,93.12699263,17.47602412,67.49286493,3.42557994,17.31722469,2023,615.6
2.398231197,58.99590766,41.66939399,0,42.38610752,22.59902619,59.43723057,3.590523778,15.36344732,2024,605.42
1.883701168,100,68.0126764,1,42.48032841,17.90054113,362.3356899,4.351746761,14.82049351,2020,799.67
0.245277096,37.76065948,66.51186609,0,38.77821738,20.38889971,464.4345381,4.497205141,16.72635255,2017,603.27
2.620735872,89.28354478,65.61931183,0,40.21171531,10.63982733,105.0331185,4.008927651,12.65825656,2021,759.77
2.762617202,79.93717547,80.55738348,1,0,5.193663436,13.59563784,5,19.10769409,2023,693.16
0.18323388,65.61272809,70.01657772,0,58.10070772,1.455230408,70.5564124,4.412076182,9.620707191,2023,695.08
0.830632944,95.17240968,87.17107848,0,33.08895647,6.543886368,75.32435315,3.878259465,12.94271745,2015,634.41
2.418603839,67.44210945,50.09615727,0,17.79473762,26.1641708,72.24656536,3.592146976,18.05553048,2016,524.14
2.244779071,67.78318391,67.03886851,0,65.06379899,46.26956656,84.27889972,3.512557848,9.335585933,2022,626.03
0.553563058,58.93758694,66.2670018,1,28.3596443,5.562704392,1.890224084,4.16771066,7.134957287,2015,647.94
0.62804797,84.47137765,48.96118259,0,43.22661892,3.447358161,124.2115341,3.755611478,15.31538838,2017,554.03
1.111416308,81.92938468,79.34442503,1,79.32884782,41.50379473,124.6164841,4.836871877,6.517709228,2021,928.27
1.453568956,47.48645425,99.87009959,1,21.81568404,10.92213819,12.26985943,4.733155901,8.50598223,2022,596.15
1.854764315,33.61505611,64.74490888,1,19.34803531,90.78539756,84.45270683,4.316533274,18.78297059,2019,509.42
1.106740919,55.94038725,72.57531632,1,55.38612379,37.58627616,84.01661109,3.410501914,13.97607371,2016,616.7
1.387604148,43.99922871,66.26777714,0,72.98974728,11.86942588,114.7121316,3.663890564,21.42743475,2017,601.18
2.242412814,58.72950851,54.29622995,0,18.51316565,10.25539497,8.92659444,4.627838763,8.975928295,2023,556.97
0.110049609,84.74876269,37.68859583,0,58.15379474,22.25111949,98.48461292,3.7184669,14.53023817,2024,643.02
0.757310833,50.8539669,54.41339775,0,61.6199908,2.473569974,32.95489887,4.561070867,16.99792277,2021,486.7
2.140048758,59.14353237,44.12062429,1,8.816790326,3.755895735,70.72521709,4.237301962,9.147425349,2015,542.54
2.685620513,61.1604547,90.56153117,0,65.97002676,5.802368694,148.4231621,4.025858942,20.15880952,2017,632.15
1.535032326,76.96861764,63.27335459,1,67.5321176,44.7128147,122.2971938,3.648583594,17.55339442,2023,895.4
1.596340456,15.06221332,59.81121006,1,43.76428853,21.63759596,12.6587577,3.952878078,6.953564567,2021,494.25
0.321516034,47.8659941,78.33730737,1,75.04692725,0.318700538,89.44920273,4.094823977,14.81129102,2016,779.46
1.3422371,64.22567385,48.17373346,1,72.72911149,33.58127855,347.753422,4.516269449,16.92978368,2020,693.36
1.597851799,84.00157913,53.49703943,0,52.06235851,16.53329636,17.05148558,3.5571322,12.04971663,2023,729.95
0.727411511,50.16195105,66.02108404,0,40.97109219,21.45272769,191.6690836,3.868591579,7.600675472,2018,544.3
0.807729693,22.46894588,80.43153487,0,30.54344215,7.228391696,121.2502682,4.022411566,16.39229395,2024,478.98
1.131852489,72.39422892,72.52527568,0,49.24872981,24.07428202,148.7234939,4.331339179,26.05621475,2016,564.97
0.060213593,47.29275222,68.72487714,0,61.39517839,100,33.12276714,3.545767831,13.0650795,2017,836.39
0.966237497,36.20666682,66.17176603,1,43.51646278,2.28844615,33.95213817,3.341715104,22.84620591,2021,635.62
0.634344021,47.51309221,71.00353783,1,6.049979895,10.01879265,236.4667494,4.336982576,11.23855589,2018,596.65
0.982492057,56.30949285,68.02479358,0,75.37427789,8.351665371,44.60246872,3.241025443,16.07772818,2021,608.01
0.359286395,47.90510671,49.55041588,0,53.80446444,8.572490651,6.508842238,4.642489857,18.85761265,2019,426.78
2.671581842,15.88867886,65.69118832,0,42.40751007,14.27854364,91.77836046,3.922036951,14.95793167,2022,527.46
1.780777361,77.94132394,48.89467012,0,67.14316777,51.1305596,13.33230361,3.226234459,13.51132176,2022,646.25
2.037306957,85.49750083,66.21623814,0,80.49277193,73.20672674,159.2562317,3.75978989,18.63063761,2019,796.17
2.367513716,73.03043983,57.79028088,0,0,6.777487531,102.6514282,4.189561817,24.45727558,2021,558.49
1.495326597,37.24628659,100,0,58.685273,23.48887047,207.7255974,3.733649456,16.50293462,2020,668.52
0.260760864,55.97016932,64.40158424,0,21.46701578,30.3922251,153.6360559,4.010014874,12.41969912,2022,509.5
1.611319625,59.8695737,43.93640651,0,59.98221014,22.13351038,11.89115265,4.370039183,14.05124221,2023,668.76
1.760523354,71.97588779,62.98729684,0,52.55854405,17.07888546,47.97641912,3.898904832,27.59853823,2019,531.98
2.236318423,73.36680977,72.79038118,0,62.71453053,6.394887192,148.9702339,3.531471162,15.67453558,2021,516.94
1.294978639,45.31652402,90.10045919,0,40.01504771,20.09577545,54.01539817,3.850508001,12.02793151,2015,525.38
0.382740908,61.63991113,56.158214,0,12.53519776,15.38557167,358.8689736,4.707420068,9.274660418,2022,488.61
0.851327717,69.14560809,41.26358039,1,40.99263617,47.62491578,133.0823514,4.842532173,5.870494529,2017,719.67
1.089246889,89.11644644,77.25255517,0,58.1369527,43.267453,1.562129628,2.990036913,16.81792137,2015,644.8
1.937751724,74.0901308,44.29101941,0,70.30784657,4.316065427,212.0144306,4.545513955,18.27320996,2020,883.91
1.712334914,75.78113375,58.45766838,1,26.56337399,2.780537625,10.62551211,4.125073858,13.0165191,2022,652.66
1.068290178,61.67653256,61.13569272,0,70.54120854,71.62924198,15.14320568,4.46199134,14.92514791,2017,700.72
2.959545746,88.2091829,63.9554982,1,37.04255421,23.00435343,132.6111816,3.72475587,9.147691454,2015,646.63
1.817324458,68.19525592,75.33746686,0,57.24899763,58.51582059,200.2247635,3.115868245,15.66464232,2017,574.53
0.711680375,42.7782418,54.74548577,0,39.80212094,1.797313275,76.86245192,4.292244394,17.4074766,2019,303.96
0.305347418,88.0673994,60.89406122,0,53.64341255,22.42909044,34.11527995,3.529511369,12.32417866,2022,730.51
0.458577418,73.95806545,64.78594471,0,67.83755269,23.25848576,43.28088828,3.305853784,23.45226335,2023,714.83
0.737873185,51.13911958,67.24396936,0,25.45971845,59.13419968,41.99028266,3.340799309,10.81446837,2023,553.49
0.48204412,50.41014065,66.46740762,0,36.40188207,3.081254337,39.55317633,4.300456891,16.41738302,2018,393.63
0.559701072,65.9315109,71.54008663,0,53.69925175,8.250698569,27.82727088,4.069726233,19.2415861,2022,564.3
0.855285506,69.26369591,77.65759264,0,98.03167322,15.65347869,93.87078653,4.391233011,14.6135525,2019,839.71
0.520120786,63.94584531,70.88951173,0,32.73620576,60.26199477,230.6646515,4.334537627,14.05761591,2017,579.04
2.690296274,66.22617347,71.80378285,0,90.80267772,83.84911123,36.68442091,3.789533218,7.855669248,2019,746.12
0.240701237,93.99914749,41.2666525,0,90.08846607,100,20.66482222,3.964763213,21.78670748,2016,727.91
1.573534169,81.43086304,65.75341549,0,48.05377699,95.96740694,182.3731158,3.744281236,14.15053399,2020,721.11
1.231190481,63.81271183,72.19261322,0,44.03694948,0.178784349,135.3956244,3.894836114,17.68682712,2015,614.33
2.947135851,78.82621162,75.93411792,1,36.15869603,1.466517813,267.1289698,3.516372631,18.36360244,2020,546.18
0.336116707,39.34952193,54.61473839,0,48.63594939,4.791221362,18.09461858,4.195242147,11.85850754,2019,467.64
1.193566797,67.958541,55.11441088,0,21.86561135,12.87101479,15.57785372,4.537560374,14.01235698,2023,456.95
2.9084113,96.18612699,56.38848987,0,48.47521965,53.14424362,77.96410063,3.591693485,21.67241175,2021,665.5
2.596521378,55.63908209,73.0462085,0,79.93760548,66.95155404,95.30419992,4.640634823,9.414011671,2020,824.39
2.451216213,43.04732143,80.50821582,1,37.77829875,6.204615236,65.42600651,4.056760748,25.63959037,2021,548.81
0.773708481,46.95822223,58.88809839,0,45.18551392,29.00101815,91.37106539,4.120539488,11.27563607,2024,544.25
0.512662762,38.20733925,78.6194347,0,15.97719051,74.79856425,19.89141788,3.15028524,9.102412717,2019,586.33
2.00592966,44.30476184,66.85219714,0,57.48124176,18.69362251,65.31839627,3.096368845,15.6615451,2015,592.3
2.788127967,52.58983803,63.13571334,1,55.2896337,3.279167682,107.3215225,4.072058181,26.04174132,2023,721.24
1.670288679,31.88865962,61.82923655,0,51.2740472,18.36436553,56.6878383,4.394866062,5.445170322,2019,564.83
1.714838068,60.31236668,76.19917047,1,45.663459,14.13828847,113.7708697,3.664309778,14.29492141,2018,751.57
0.839937281,78.04554348,69.88366725,1,44.14484162,25.85819572,60.00053145,4.83504695,17.38132509,2020,669.03
2.3084788,41.8448764,99.13738141,0,60.03800467,17.32278458,40.58645591,4.367467987,15.16824979,2019,785.39
0.561131246,90.38567847,52.21663036,1,49.42366797,0.524943902,36.18383185,3.545829374,16.90960835,2015,557.9
0.971037709,70.21584177,72.77152553,0,56.29943743,100,52.91628256,4.015424334,11.40983459,2016,779.88
1.276309316,80.61161171,57.06198485,1,54.29965635,23.5276418,2.336036368,5,12.00139077,2018,682.26
1.522831136,46.84330892,51.9606952,0,72.46854574,19.2525698,110.4203305,3.378717999,14.25788676,2022,406.76
0.727229197,77.09050454,64.83699294,0,63.53988195,92.77877638,186.5011949,4.264134969,9.35055956,2019,707.64
0.344510474,38.16132199,67.06028719,0,53.85723686,5.083120705,43.79269811,3.838627724,14.77656799,2021,483.39
1.831860127,77.80495002,100,1,80.36844061,6.293407277,4.712634204,4.353448145,13.05627353,2016,990.97
0.86589166,63.4367868,62.23781276,0,58.40537058,49.51010184,432.5691473,4.633636823,12.64977407,2022,793.26
1.743714664,71.0650244,48.04731906,0,76.09925378,9.066864151,30.61152653,3.806881456,16.60253206,2019,581.49
0.463088146,36.48810789,69.09516076,0,62.13885217,48.16742675,13.53858215,4.559456136,5.896702534,2018,484.58
1.443420306,42.09860315,33.88039944,0,13.16161842,9.504408475,46.16426923,5,13.85454948,2023,272.29
1.597768298,71.94456437,63.62064826,0,76.09669527,1.01252507,134.1539148,4.033137369,26.58676883,2020,685.99
0.15547061,41.03303992,65.24037923,0,52.70352483,21.8330733,34.80219138,4.392444344,9.569451568,2018,581.8
1.009812835,69.26412584,76.91900574,0,48.96090458,6.570304448,85.49680101,3.704779615,21.42750248,2022,550.89
0.403244031,32.65724387,79.60433374,0,55.62696695,42.54547804,53.71011457,4.009629655,15.2732806,2017,482.03
0.190124911,76.96348425,57.44645572,0,43.10033676,30.7496738,12.52956763,3.911662454,11.98521096,2024,661.01
2.969880697,35.3495337,62.74078978,0,54.54057721,77.15422514,40.09060352,4.398467963,8.396791702,2016,546.88
0.967061535,71.04599875,53.50818754,0,38.16247867,45.83412821,129.0513404,4.602337968,15.69840983,2021,556.13
2.429623338,72.51261867,48.07906168,1,75.48544517,5.981930194,94.67599841,3.945172575,22.26698553,2018,738.9
0.763921964,46.06456363,69.64842169,0,47.72823773,48.30688227,12.75815622,4.766811423,13.05394427,2018,437.03
2.044508167,71.64053134,45.89621677,1,42.34832315,30.79464152,17.83164795,4.765023721,14.59519288,2024,760.73
2.28068358,65.20884527,58.78059649,1,31.50148369,33.16472451,102.3690434,4.423426872,20.05185425,2023,872.5
1.786916222,49.22316288,50.0723906,0,55.37551578,53.56071968,167.88706,3.741986734,16.70435396,2016,574.46
1.414728566,39.82890632,73.24524779,0,53.742142,25.58709105,42.9974775,3.694085592,7.138621101,2015,560.76
1.235522742,20.74748617,92.02145149,1,57.76849227,18.82098064,90.46357949,3.593809323,15.49443608,2021,668.9
1.0466048,66.99300095,45.47618026,0,29.45496225,30.3709215,18.71052871,4.474583035,22.56117455,2022,528.63
2.788587433,28.70394457,37.20472276,0,17.97637602,10.61283703,37.30603646,3.394115896,14.81529407,2017,292.87
2.491858223,61.90688399,63.12669672,0,62.51182605,6.048695942,2.047846541,4.338418827,1.292552853,2016,525.63
2.895080732,54.73103568,65.23546694,0,79.69283724,28.75934183,146.2208045,3.459445326,16.94107496,2018,626.44
0.37289167,73.58285551,68.2798896,1,29.47292755,7.991255317,51.25100746,4.41177306,14.0077178,2016,659.68
2.192602426,53.95909001,58.30519227,0,81.78882567,2.498680222,169.350222,4.008609791,5.85452793,2016,520.38
2.81502137,53.41104427,61.99041052,0,55.67822117,0.016630146,123.2279677,4.666819281,6.60395955,2019,474.72
0.543699198,74.63741409,70.51265616,0,49.85874191,28.11925712,176.4597318,4.570727289,19.87553572,2024,604.57
0.199488802,66.70116058,80.60646339,0,42.04902607,13.48950677,33.63943771,4.717532706,11.33808627,2019,502.07
2.223361948,66.32311914,35.67426845,0,22.30963961,41.86743701,20.47005862,4.730409359,10.4625181,2022,574.63
1.72341934,69.3853518,59.46590841,0,69.75457032,14.10857719,357.2187953,4.071815417,14.8218072,2023,353.79
2.52548633,29.28855754,68.20713191,1,34.48787277,19.96616167,126.3467311,3.420603467,11.77898501,2016,496.44
0.41931713,75.1357736,51.23035843,0,34.40386649,15.6811255,179.6022149,3.473738473,15.50024314,2015,615
2.385801936,72.24937588,90.96754448,1,69.8385262,31.54397204,1.322037908,2.956575735,13.98639985,2017,821.26
0.60488196,39.66633743,55.4688518,0,12.34033107,13.20817999,43.76706131,3.458167083,9.0000221,2020,406.74
0.490967829,55.11839053,64.38060969,0,19.52804379,99.53408734,135.7966182,4.034411829,12.44401101,2019,596.79
0.492797394,59.21385425,73.34033145,0,49.63731513,82.53514508,8.119143628,3.72017291,17.21376661,2022,620.94
2.443724161,57.31006431,56.13072817,0,55.86568858,56.52175035,83.7802916,3.909932198,15.2095902,2022,721.32
1.995591662,66.67719933,37.30140428,0,59.69469296,75.88467264,56.04935161,4.24635771,14.59028759,2016,582.45
1.569196274,88.62733564,58.5701821,0,43.96403013,17.8882206,1.77735246,3.847967371,24.68692121,2023,544.47
1.076491452,81.63533455,80.44160834,1,100,23.0639621,26.91555232,3.4390856,18.65518763,2018,913.2
2.631601622,33.75561613,59.9465731,1,45.44214882,40.65463933,33.51818542,3.973383166,19.26220632,2015,480.1
1.177335322,72.44139981,52.30348548,0,45.38427696,35.73623127,11.86258303,3.550754757,14.17015796,2016,545.26
2.449798318,86.57866639,78.88508314,0,34.06026662,66.40389214,99.84147345,3.864606752,16.10072595,2020,701.03
1.317404726,67.73617041,60.03837656,0,52.47813633,37.79841929,27.75969339,4.671388482,12.84450005,2019,602.76
1.130833288,81.8196085,57.3475878,0,62.29922464,100,32.52032701,3.864747348,18.88774883,2021,705.88
1.388039357,100,67.24184134,0,74.07156109,12.85460354,228.5124404,4.885478777,14.44800048,2023,775.39
0.904133622,80.47419092,76.56125314,0,20.21431471,53.69243841,62.94648246,4.715817993,16.11188874,2020,747.4
2.242828141,64.98617191,100,1,45.08009323,35.88359389,49.77911873,3.710347346,15.80305651,2020,857.58
1.50816117,80.90176948,77.40854161,1,58.93407222,35.2699625,128.688727,3.444438117,14.90916559,2016,769.06
0.696638085,62.89775666,82.3975995,0,61.74115069,11.8284382,240.3663644,3.973722919,29.69094034,2021,675.77
2.69872372,60.47806087,57.41050702,0,50.13097316,46.1976063,2.535507661,4.576663882,11.66690361,2016,690.88
1.151673664,52.97171529,49.61197841,0,60.84847939,69.19057212,59.46400194,3.754904547,11.62144235,2021,633.71
1.630658583,91.26826718,65.93497024,1,33.82072214,7.398064258,94.36140266,4.454045149,18.47048373,2022,806.2
2.719416333,43.63142668,66.60754873,0,81.15810865,29.46465091,38.35516193,4.604219995,12.024155,2015,466.31
1.872713988,90.64735449,48.82230888,0,69.85256206,14.9340654,148.0199506,3.612987175,13.54296819,2023,648.31
0.350694122,69.99728247,62.37058205,1,23.10144426,100,355.7046963,3.661974456,9.567945233,2022,766.87
2.819496371,32.0138765,70.98976403,0,28.49793904,19.55053193,287.2229913,4.356331016,17.4577896,2023,402.81
1.883124159,67.35298586,70.40590093,0,29.061565,7.775566436,30.92224623,4.075923775,17.52128622,2019,578.74
1.004716844,17.99946985,72.5643178,0,63.55939942,14.43109404,25.66205532,3.656969237,13.4240397,2018,572.39
0.417816218,72.51016034,69.36447095,0,24.30544467,31.82548595,315.8028428,3.823909776,18.57408344,2015,540.66
2.382075568,77.70462966,57.39487011,0,43.37951332,2.374198028,61.36495213,3.964740224,5.709374931,2023,643.32
1.860218268,48.15288089,57.2914906,0,59.09408793,27.76008962,23.35698708,3.217572788,11.46573299,2018,631.48
1.600383276,62.47095392,47.01572903,0,48.67668131,80.30734412,122.7572307,4.382821553,14.15010407,2018,736.79
2.681677749,99.08314868,91.77162559,0,55.17775031,56.98624496,33.4662329,3.760653906,9.138587515,2018,938.74
2.365791634,49.88506591,65.20175547,1,28.68394577,2.102167292,31.09465712,2.608141888,6.256434813,2016,687.5
0.455024639,38.82184826,61.62720416,0,61.89708747,100,211.4025062,3.988064516,13.46052017,2018,600.14
0.935166203,89.63326805,51.06811878,0,37.73576215,35.99214586,17.73091241,3.629214371,18.47010044,2016,554.71
0.745467419,99.25174381,100,0,43.50760651,5.312170416,6.655970525,4.844411096,21.41054196,2022,549.32
2.231838878,60.07391344,48.90007952,1,54.75463456,0.374814385,31.35968999,3.70727749,12.26356058,2021,539.65
0.100597304,80.22926071,58.56728112,1,52.06156443,5.636283552,93.38067781,3.451178318,18.66607919,2024,755.5
1.709669055,86.82951831,71.23755254,0,50.47960038,54.63736392,13.13484665,4.253966335,18.18271019,2016,672.56
2.287376057,45.15031535,74.00319449,0,34.98746356,0.656306656,63.78916236,3.669776316,21.09304087,2016,543.21
2.63029691,50.29388329,79.36898083,1,44.00901178,7.963816431,98.70810493,3.610271899,13.24904485,2016,700.78
1.026245246,84.61749026,92.11412762,0,50.04367182,42.47856663,188.8735186,4.254750691,6.007497524,2015,854.38
2.463771914,93.70028557,72.59236483,0,22.49829534,26.46469007,26.11954164,3.479766346,15.35092926,2020,489.33
0.331895211,71.2576172,49.159538,1,40.74934067,45.79922226,170.0163397,3.271363171,9.931031295,2020,676.72
2.539356875,42.40371293,61.14582312,0,57.75359758,41.13041167,26.77569182,4.862999001,11.38247445,2015,634.16
0.382465987,99.74122223,69.61748559,1,24.45126792,1.557796018,112.9380434,4.289749369,13.49390428,2015,625.84
1.191861872,49.38058204,96.02339062,1,73.13163303,66.91111984,56.33013213,3.867895358,13.30536184,2020,933.55
2.391886097,53.29724438,44.03291782,0,75.39226525,7.72552242,12.18075207,3.998261395,15.70779633,2020,438.32
0.449752282,66.84675669,83.03864758,1,25.09698848,24.18225037,125.2685091,4.252932179,18.51578158,2018,773.12
0.687754186,91.08320841,67.69871554,1,77.15239266,31.00902913,24.55970277,4.486668725,13.16132208,2017,656.15
2.166757705,77.07951953,77.56745803,0,47.12836823,5.540345536,19.43416204,3.622012354,16.97848753,2023,568.88
2.16010961,68.29731001,63.47007925,0,58.37029118,100,44.36701059,4.183073263,15.07408005,2020,739.41
1.923442899,69.2657706,52.36351055,0,40.06697896,20.09205906,105.9267289,3.746647912,19.67747198,2015,557.94
2.081845333,60.87029337,76.26309169,0,68.46089654,1.781123169,26.65685124,3.905509378,14.05704074,2017,483.67
1.62817333,71.16279029,74.81646541,1,58.12188038,83.06366004,20.29262291,4.080346434,14.60536662,2015,930.64
0.755397177,9.408798446,79.58085449,0,33.71693487,26.47609436,1.000349424,3.996660713,13.12799776,2017,516.98
1.037087981,54.06785082,64.80043047,0,26.69596,36.03861222,63.79832712,4.367783449,14.1887573,2016,689.32
0.54479315,64.8264387,56.00266965,0,20.7939513,22.34431883,55.97455427,4.24354328,11.08255936,2019,555.07
2.725351684,36.97971833,41.61819507,1,53.75883553,54.00668736,26.64004657,3.245915395,10.58701357,2017,561.93
1.750175384,67.72646636,77.29059902,0,61.44942824,1.010844294,5.514508619,3.321088396,18.87882693,2021,534.36
1.20255425,55.91057558,71.35834224,0,63.01931358,9.374753733,56.08142864,3.815141658,9.583991584,2022,563.41
1.386017411,95.10951397,50.51326051,0,47.64037811,19.02645042,155.2136978,4.914312631,13.40440955,2021,812.61
2.841850019,91.4603945,56.9213949,0,26.86007089,2.390900557,125.6256524,3.574204084,20.07671393,2016,576.41
0.460054209,50.68388862,57.99861782,0,36.35850404,36.71574332,197.1806821,3.895888645,13.23649602,2024,525.69
1.758689496,56.98324577,42.75523352,0,73.04697278,15.00960074,0.962889711,3.731826987,19.14370227,2024,655.32
1.517666037,58.52104869,52.73476405,0,40.30742871,9.551166632,339.3804282,3.722977808,12.0447714,2021,411.58
1.834362706,50.96681048,47.99254465,0,52.86835261,0.10153704,41.76575133,4.089119872,9.744181968,2024,543.75
0.054330551,63.90049968,58.81281482,1,28.48699033,38.1707949,464.5762633,4.700388638,7.025870725,2017,686.67
2.616371727,44.83435862,53.91953753,0,56.73166091,53.83858225,29.11808,4.2279842,21.56362035,2021,673.19
2.796354847,37.3876933,40.59492619,0,40.84630877,15.07781473,63.77813267,3.598234519,9.315644092,2015,510.27
1.695399551,72.45422448,95.33885346,0,70.93425428,24.91839324,43.68438257,5,18.73593295,2016,763.72
2.089952472,72.59059168,83.78811097,0,65.47115412,7.750946591,43.96850613,4.03928661,10.00026487,2024,592.05
2.767498144,43.91368481,53.31470868,0,40.08588107,29.20152282,184.6947277,3.711389522,21.58691959,2015,463.43
2.121715903,77.90710862,69.08632095,0,47.46671945,0.366351563,137.2071743,4.706048187,26.03391362,2023,692.67
0.457617129,47.36844542,71.26197635,0,38.9776752,20.12067171,484.7424596,3.765464691,6.567349702,2016,672.19
1.728865081,65.06330476,82.86628782,0,21.61133607,31.00205733,95.06614006,4.831456827,9.576217829,2016,530.18
1.820145139,76.40688025,52.7209246,0,32.85115141,75.10132406,62.22351467,3.564678605,18.86565932,2020,525.11
1.272392014,59.32774871,81.38160176,1,53.96434655,14.40578007,9.439185084,4.715015194,17.56521462,2021,610.16
2.209332707,69.09481824,56.78142044,0,56.50518996,43.46938401,567.2696542,4.100523832,18.88460927,2016,575.39
2.803101044,49.67140712,44.96206394,0,52.97095807,27.31574882,80.19149453,4.645526116,12.13122225,2018,626.85
2.776705539,56.07066833,75.86204839,0,43.96533892,78.52385346,120.5565638,4.950882854,24.93767081,2017,818.18
1.352518114,55.88281138,84.36137636,0,68.66133211,15.24376196,52.21265514,3.433696355,15.59024733,2019,476.73
0.339714138,45.06843307,100,0,51.27083809,11.52998947,79.34443327,4.63788591,8.915187116,2023,540.31
2.954523597,56.46451674,47.00412102,0,64.06507656,65.44874628,285.7323105,3.295548048,13.7342575,2016,515.14
2.516694259,29.02763402,75.48379528,0,14.52449736,1.514947308,18.20249263,3.476407822,8.982165519,2019,379.88
0.373988044,50.17692506,58.85298134,0,0,4.39885999,34.58375729,3.59829527,22.95470679,2022,362.08
2.762525648,54.30249013,76.75038066,0,55.67576056,2.57995638,16.49450794,4.251818318,11.69834369,2020,587.79
2.609689086,54.87640495,42.94265673,1,21.50468693,55.56630238,157.1255737,4.016507938,17.46241742,2018,658.17
1.556514171,55.17005108,46.05845336,0,45.75096595,0.319922494,6.405358319,3.916431958,12.64663428,2024,325.09
1.773826307,58.764716,53.36187765,0,43.95805918,59.34060883,8.515671596,4.07311764,11.92306345,2022,559.21
1.197008112,69.58883036,66.18446069,1,81.74801205,18.00434232,35.45259872,4.295644795,5.448729094,2017,882.03
0.164284916,77.49034148,55.383781,0,57.99993106,0.121002063,72.19339336,4.334124062,17.99087301,2018,669.74
1.005591725,47.00469546,74.88581516,0,53.31718054,15.40714056,52.13386939,4.547083418,21.49590626,2023,710.54
2.408560346,35.93598289,80.40341927,0,66.73982309,6.203376944,4.585161215,4.910017406,10.42016209,2019,648.99
0.013896069,39.15911176,73.99366312,0,57.36995174,29.37695488,315.8052584,3.989318814,7.273854425,2020,509.4
1.000497515,50.25594158,89.28181459,0,40.84646014,34.1229752,305.4835361,3.739455519,19.01658021,2016,624
1.194506081,52.96157364,71.23739944,1,71.42951861,20.05525096,32.76104708,4.306768065,6.768793254,2023,937.25
1.612186809,44.60007868,46.74654934,0,27.80499744,1.2408994,131.4999771,3.427872592,21.09766468,2022,361.53
2.759566849,34.07766672,85.4506477,0,56.46494375,32.02464369,86.41144295,3.660647934,10.47802439,2021,778.6
1.039037983,50.87758345,55.92265647,1,19.04860412,55.36217226,27.1122207,4.499690473,9.483536286,2023,435.62
1.040859606,63.6285324,78.6562775,1,54.07887715,38.22373441,30.40439363,3.937935813,16.24231211,2019,799.4
2.212503744,71.90058932,88.60601325,0,53.85979284,53.15128011,67.56082396,3.395903771,9.809303575,2019,796.03
1.356653823,48.85153894,71.85032016,0,83.52909924,6.71341976,54.3412422,3.255098467,11.46444459,2023,639.37
0.673814469,51.74004356,42.5576178,0,18.70052213,65.91648103,34.42232578,4.02435834,16.76990966,2019,515.56
1.357318548,41.46603382,51.2268175,0,37.98225648,11.66680072,164.7719368,4.570948268,2.854438314,2023,521.1
0.422571061,59.37121659,84.841167,0,66.45364853,0.404864095,65.67437353,4.564272889,23.21209623,2015,665.33
0.52916096,43.03142732,62.46315972,0,56.70634513,55.62021459,106.377056,4.055440251,15.21820066,2024,558.01
1.495103318,71.46255626,66.19360302,1,53.60610103,85.32706311,20.98245199,5,8.535169938,2024,826.18
1.256776349,24.28267016,76.38236624,0,30.87728594,31.97490407,76.25136844,3.947589817,9.913773154,2022,397.44
2.744537703,52.80740655,75.44484293,0,38.18363304,7.89696782,38.26905036,3.930716188,19.95823189,2017,626.94
1.087181697,66.02214678,69.18199719,0,74.90082016,8.700322022,74.7420934,2.716282045,18.00526468,2022,711.86
1.741765051,63.67669033,61.86997443,0,48.96981612,18.8541092,151.7888584,3.776318525,21.93390329,2019,710.7
1.896792864,100,60.30997331,0,57.50719392,68.43383259,146.4961925,4.426007517,11.58628578,2016,703.79
0.03928337,66.99600049,77.86848238,0,47.69623342,4.861370873,43.72974404,4.781980668,16.48291919,2023,460.59
1.990612116,39.91890806,73.30354297,1,26.3382897,52.45646001,118.5076199,3.584882683,17.13283956,2018,684.97
0.534107901,58.09071506,61.14049999,0,68.67620852,10.32980809,283.5144364,4.231126165,18.4763375,2021,479.59
2.883210952,24.47507333,81.23168469,0,60.06464769,49.59952628,98.26157276,4.523439516,20.63640562,2022,687.48
0.445988183,58.38800501,63.06448827,0,96.11273675,75.8737312,16.06502335,4.005604077,11.41368047,2021,553.29
1.243872371,43.33887886,52.22506738,0,29.68837241,16.73195519,113.8524164,2.858359771,14.42914866,2020,515.35
0.256049004,78.30780551,53.61543952,0,66.45145842,13.62630161,11.08247355,4.123645,11.94925127,2021,608.7
2.990622756,49.00919451,50.31888746,1,23.76912068,48.61819938,205.6587956,4.380715312,14.73694063,2018,482.14
1.506585031,57.66468168,60.91384975,1,53.14693135,22.61768817,72.7035965,3.526288552,18.49216391,2024,690.26
1.786155052,47.28884317,83.50586418,0,69.53013178,34.60305346,48.63618769,3.872922735,6.729822499,2015,677.05
0.201229432,94.77702704,52.92357228,0,8.557297678,29.25171725,5.869598964,3.422251979,20.54685785,2019,560.33
2.249881411,53.57514468,67.82713642,1,45.90135052,4.977700798,47.93006886,2.714926226,9.304089379,2022,703.05
0.629716779,96.65114087,55.14965982,0,38.73580532,55.88935685,233.517717,4.513502206,13.4631484,2024,480.7
2.694162868,76.28303524,61.09536438,0,35.96085403,6.536290102,2.120626815,3.998125733,21.21970962,2020,541.46
0.615418921,69.64133455,42.34938182,0,57.70425305,80.77216149,64.36870652,4.798837498,16.64004859,2019,632.46
0.572063162,67.37466295,61.69192656,1,72.41371413,8.653322538,267.5942579,4.428661096,16.69764974,2016,678.34
0.109649004,67.87594596,62.0944193,0,47.3344257,39.71434804,50.22640452,3.822895119,9.096869774,2024,566.27
1.416200835,21.44654841,73.10431916,1,54.10972855,10.04972656,55.89234807,3.95840967,9.779570321,2019,687.07
1.6945234,54.42233212,68.3492137,1,52.28617506,11.47233061,86.40779914,4.283088695,19.70628198,2024,541.21
0.197125918,76.90315942,47.02411813,0,50.03607013,11.131991,62.1640494,4.483441708,12.05428227,2017,515.22
2.32658285,59.02205633,81.26297366,1,28.21314725,41.33696158,18.46462864,4.161335315,12.52544063,2016,715.22
1.359866504,31.89620306,68.1545456,1,72.16889203,24.41304765,1.872985278,4.552796573,19.81975626,2017,661.73
1.573170808,58.95191099,67.97590276,0,55.90390736,64.35525199,94.11257282,3.851665632,9.750432273,2018,588.04
1.322288241,94.08211033,64.8622647,0,57.8976298,11.01789776,253.5862153,3.501428227,16.34617566,2016,820.82
1.202289183,84.93783431,57.23363829,0,33.86980742,35.32893652,11.24568944,3.967595373,15.21453663,2018,679.14
1.678920994,58.75991981,68.2670351,0,40.81559204,41.94476596,23.6929035,4.102592445,14.98657137,2018,782.02
0.465720738,79.02898554,72.13382654,0,46.47731605,4.927923415,46.23997892,3.399232303,12.40782184,2020,640.84
0.545784391,52.66985959,38.79656463,0,19.31750613,15.35425106,165.4133175,3.331638958,12.10072409,2019,445.94
2.585356863,25.92256826,56.91858744,0,16.2393135,19.78078373,31.36979927,4.223693148,9.608179181,2021,434.79
2.838346386,41.51068024,61.17579544,1,37.98504139,13.18713754,213.7531814,3.796821574,17.41332513,2021,736.76
1.119927949,91.25777537,68.84255909,0,60.45041533,11.66322227,5.652577539,3.917079547,11.65925404,2017,713.07
0.812234019,54.52013836,82.89966509,0,36.9372522,34.7910129,282.9482872,3.820153667,19.84372311,2023,585.01
1.93199863,55.13232041,53.42388778,0,29.62389605,7.29527586,82.26798994,4.760300451,13.87722479,2021,648.17
1.226202513,54.00323607,57.5305723,0,33.70628694,37.07327044,107.5221045,4.63088058,9.707747553,2021,445.32
0.076159067,98.08273179,57.31198834,0,40.89315154,82.02144554,45.83747437,3.381323155,13.81093059,2016,624.62
0.468457792,92.51917831,52.97708615,0,42.92282074,24.98590268,152.3234003,3.733603393,12.945714,2024,825.4
2.147916687,100,59.79220257,0,93.31042904,28.35878546,18.22010642,4.425002134,20.04551706,2017,831.49
1.976771826,56.81909579,76.5620333,1,71.09241257,2.142711562,5.014850284,4.300968119,13.15499905,2017,524.81
0.081287978,65.91248977,49.19246757,1,70.49548225,59.95839601,50.33816376,3.979271019,13.61894809,2020,803.09
0.665916486,29.66714901,71.41721593,0,73.37160729,10.08297625,192.2066675,3.431199898,22.05773353,2018,438.97
0.69322439,89.53868852,39.47146655,1,30.02358261,28.63934553,140.6198487,3.658729977,17.54133661,2018,578.4
2.015678231,36.64440897,56.57993005,1,25.5527077,100,72.80615977,3.741616216,23.31353008,2015,865.18
0.059131613,64.33551128,60.0576605,0,27.86259417,27.15329915,84.89539744,4.138497166,21.29522502,2020,645.05
0.312325746,38.05394945,90.12289509,1,76.69012267,38.69784989,13.91388868,4.851863577,10.56418706,2022,941.36
2.399748256,48.22266347,60.87796543,1,39.05616422,17.68089659,183.684999,3.656559883,19.94975427,2022,575.42
0.535633986,43.25475138,31.9813479,0,24.97287636,1.867940241,154.6273849,3.486982376,22.62651646,2022,306.81
1.958238324,47.84249479,35.0166664,0,41.380076,47.92518383,106.8481981,3.945706762,22.66406566,2019,503.89
0.714548343,49.21754594,65.5104438,0,45.22788937,1.068779306,62.771725,4.51586949,19.94047992,2024,582.64
0.298324178,49.0346241,74.20656284,0,55.36826547,36.18503925,333.7075868,3.276558517,19.83761497,2020,547.4
0.729516573,76.66667824,70.63183786,1,55.01902041,0.695650711,211.2228999,4.726817075,13.48669478,2019,870.73
2.166800796,37.90274414,67.51355159,0,33.43638872,59.48147709,103.4034531,3.913984319,10.81308958,2018,611.58
2.567089404,64.41082854,82.43389396,1,63.71312785,5.1462929,46.48982801,3.632839999,13.23891341,2018,881.69
2.490659594,84.35918305,56.90613169,1,37.21612932,21.66316331,96.23929932,3.199905357,6.676054993,2018,640.5
1.191550589,49.73607271,78.42365834,0,46.87447327,27.27578231,85.67041228,4.353260387,21.71397658,2018,560.12
2.00425541,45.64162219,40.51977672,0,63.73548141,18.34952692,50.12746925,3.914414402,13.5835352,2020,525.79
0.614952886,55.3895075,51.42578251,0,37.16357192,12.50018747,36.62549311,4.085352741,21.45665365,2020,433.75
0.879443191,83.59450417,37.89437908,0,38.61297153,18.9228835,52.25790795,3.549594129,8.842502114,2019,600.39
2.689007456,63.88215262,60.87732049,0,61.83336099,11.19352819,85.31079873,3.840451983,20.41312461,2023,694.29
0.039005771,49.37571411,64.30608174,0,32.84533647,17.29413457,55.88520579,3.756709377,12.52559671,2022,465.18
0.256525593,69.67753302,66.71152238,0,42.30415953,13.33770275,30.59471863,3.949703447,8.578152958,2024,621.37
0.623658765,37.954157,65.92825029,1,61.11484356,25.055484,143.1138257,3.665223837,23.13559026,2020,791.59
0.079596612,73.62719021,51.08670004,0,91.08184883,8.151276109,75.81498008,3.23290952,20.53655835,2023,676.88
0.544306305,68.17214615,62.14638733,0,62.1080901,100,7.007398771,5,16.0589621,2019,787.12
1.749124683,53.84383058,42.53829997,0,59.45279526,20.84665808,45.93668103,3.318297876,15.16968943,2024,617.96
1.264273652,43.22828403,85.44843463,1,60.61603167,6.476179359,216.2070888,4.090729503,17.19755009,2018,829.46
2.678015133,42.26638155,60.44560891,0,28.53619452,19.44904354,140.7462968,3.113986086,15.97314289,2020,606.22
2.452330685,70.69634673,57.66670821,0,52.31193477,60.39054808,39.04485983,3.001476282,11.03862023,2018,644.88
1.025452055,84.57961005,88.83410493,1,49.40467023,0.661442262,278.3579331,4.048913246,12.93973865,2022,852.29
0.7782703,47.25384506,46.366302,0,56.43169081,34.14125626,7.969591853,4.087183794,24.80358916,2021,483.23
1.139077225,69.16773407,48.11619329,0,52.33016105,23.82005567,325.0229863,4.630749495,28.36078371,2019,553.7
1.770884828,18.25945963,48.55669513,0,57.59399355,5.573915491,28.19718634,4.199773421,22.81334253,2024,466.86
0.804190922,48.30764539,63.98192927,1,43.7706561,51.02628044,0.913578479,3.925094641,17.3911197,2020,547.92
1.872446724,59.37882134,71.47447444,0,51.17217835,13.80799753,56.88221002,3.525199878,13.31125484,2021,621.95
1.228234957,41.80633166,76.09513202,0,25.44342868,10.43579005,44.46796916,4.749506034,11.00907053,2016,457.88
1.656141543,41.2698725,100,0,43.60185444,52.8296678,77.45503245,4.464425623,11.33858795,2023,599.86
1.308379587,46.64440887,31.25851319,1,77.81667096,30.52687572,159.3431012,3.376835261,12.23366171,2021,669.06
0.883397279,65.84385457,74.13103384,0,56.37616679,68.55977199,184.7890566,4.018981864,25.75582021,2022,670.19
2.845359921,56.25341963,56.64304141,0,49.58157925,29.81814025,51.28777272,4.072026116,24.03141148,2019,597.95
2.290817382,15.23537533,56.20377277,1,87.92246553,40.50670325,56.18483297,3.827173172,18.73139195,2017,636.19
0.420339527,17.58599695,55.70341808,0,22.78330043,54.31834301,16.03773776,4.385925243,10.19693412,2016,379.37
2.605403928,47.86269644,51.36845494,1,27.81088889,1.688846156,4.871515631,4.415866569,19.46527963,2016,568.26
1.462293595,69.15373172,90.26787252,1,84.25422823,44.88983452,102.5031928,3.904757151,13.80691486,2017,771.57
2.683656681,5.049903145,77.63445991,1,50.91921872,28.53473366,6.660746051,3.859565377,4.234952807,2015,610.96
2.399565768,50.00539648,65.34793968,0,45.14833927,2.161247453,132.3620525,4.749479231,16.43550319,2015,705.33
1.275640513,49.47504287,85.26523629,0,26.0159135,21.31355673,77.45527975,4.466419446,10.7904348,2021,483.12
0.067407925,87.76675556,42.31206552,1,58.95392533,2.581710256,22.1373841,4.036180195,10.95973285,2024,767.9
0.806032078,52.29956377,45.03942303,1,60.88919739,39.94818607,77.54922476,3.18539548,13.74796003,2022,793.92
1.624902644,67.65977969,32.33048402,0,28.11011278,23.72291366,20.21133893,4.172000053,12.50838514,2020,408.56
1.900434659,62.8251428,54.5087819,1,47.19448829,92.09657004,57.75660473,4.349041732,14.8287159,2021,801.7
0.773663056,17.3886704,67.4254779,0,43.28968336,6.06845674,160.7241907,2.622739186,14.58834725,2015,296.25
0.418068222,75.36414433,66.54287867,0,55.11954293,27.94467834,61.97467178,4.125934724,5.620954536,2015,512.7
2.50479071,64.30793011,67.24012867,0,27.61499516,7.131811308,16.09898853,3.791654007,22.60138994,2023,560.66
2.953206542,70.16537279,43.83414753,1,75.03894909,28.56258834,128.6733888,3.88957286,10.08311639,2019,768.59
1.577070547,100,77.04732114,0,68.31647563,38.47421878,20.67393592,3.546309524,10.23800807,2021,733.15
0.515037858,18.31774121,68.59441277,0,42.73648883,38.43688424,134.1511738,3.925905355,13.35723374,2020,390.81
0.81692198,94.493933,75.99581422,1,45.67162577,50.63398451,65.26816449,4.695995788,14.45832576,2018,773.19
0.05517203,54.25104961,36.60856734,0,47.27155699,57.63218287,60.46634464,3.776800751,22.29489908,2015,558.59
2.74289642,65.74657809,69.67236288,0,34.43382894,2.412614474,190.6732961,4.482786779,16.34711726,2018,655.37
0.353253249,59.08975509,47.1835214,0,41.13141164,12.61433925,123.307048,3.596834391,17.83232742,2024,519.81
1.729549427,51.51527333,59.04015121,0,44.59459265,34.85830812,3.346454058,4.379378096,16.37268094,2024,537.15
0.822165662,48.60334144,73.01547348,0,82.25736741,20.70971235,35.12245595,4.000827928,16.15730791,2022,543.82
1.662534008,66.59017471,66.36640409,1,68.93236617,6.346676456,204.7328032,4.176012414,16.54864752,2015,824.18
1.954261165,29.65652607,52.2269003,0,68.69309415,24.13641493,1.8496173,4.003576628,5.336329287,2016,652.32
2.489225411,75.01158335,65.09409734,1,57.39851226,15.69887427,78.801504,4.320812616,13.75040758,2022,714.95
0.619263815,51.6761119,42.02697027,0,27.65345982,14.83077222,130.1312496,2.716207441,20.81130555,2016,373.81
0.032987486,37.39861322,82.25401094,0,49.17017791,49.78307467,97.24804296,3.290087343,34.71165505,2024,447.7
0.41065689,50.99974284,61.92073971,0,69.40976919,15.70711152,142.9336327,4.208540249,8.978455337,2023,615.64
2.700055926,85.14298434,81.77824916,0,24.83470741,0.80432167,129.3503166,2.978230823,17.1153998,2017,779.84
2.621670233,49.29329826,57.10202469,0,62.73106414,1.794517362,117.7755161,3.734709822,12.14476711,2017,620.38
1.792239307,67.16907236,57.14636017,0,96.45218451,58.18914453,172.3390013,3.972829579,25.23825952,2020,900.2
1.801550581,45.38087449,53.5371982,0,71.23633292,97.02030065,103.7584929,3.585929931,8.231086196,2017,636.73
1.995110024,75.158437,78.14260898,0,78.28058271,34.98194785,51.48645932,3.654219299,18.12469745,2023,636.82
0.526113836,73.71015478,54.35853264,0,54.36677501,13.59407886,63.84868698,4.1357911,7.963944502,2022,694.17
2.743235838,96.97217667,74.66893149,0,69.35863898,83.71051761,126.1336355,4.504647478,13.40716666,2018,884.72
1.256311575,56.48872109,59.26321403,1,35.64293571,32.61264618,208.9944745,3.520775309,14.82843335,2020,560.12
1.149415585,73.3730961,35.3605505,0,65.91727625,55.8011909,31.77548266,3.712470902,20.34845841,2022,745.94
1.556753116,61.96135079,56.44528898,0,63.08776268,43.5540955,41.86670657,3.634369513,9.614165869,2018,568.87
0.1408979,85.91743564,47.31337678,1,55.79822348,14.2994569,266.9879025,2.789310124,18.31691524,2019,551.74
0.498850106,45.62335225,65.50854086,1,76.32014839,19.54301427,86.39634792,4.070855895,15.09388862,2021,729.42
2.214100849,74.90010626,47.14388396,0,39.22430324,6.178718339,19.71856629,4.467358873,16.36396693,2022,442.71
0.248396004,56.10605408,78.88962651,0,46.25884967,10.35993304,108.9737206,4.508321604,19.79166357,2021,655.63
1.809456328,58.71623646,63.63386209,0,51.90924083,45.16932298,468.4446704,3.564616812,8.587216535,2022,529.17
0.736047329,61.83504969,62.33606008,0,29.40778058,67.32337066,173.4171346,3.374150976,19.05297487,2018,594.66
1.167886842,65.04480793,74.83838207,1,54.53863888,38.67072019,136.9402384,4.010802774,12.15547573,2015,775.86
0.86608121,57.67541914,79.45860401,1,15.62139174,18.77439754,23.32527958,4.414636843,20.47936727,2020,659.99
1.067018149,64.29426366,64.69851872,0,70.93909069,2.714461495,208.8601645,4.077425224,16.67278817,2019,494.79
2.157137716,91.56236115,53.43199551,1,50.93274733,1.759014009,74.61025787,4.144652318,13.95235809,2018,698.78
0.891365147,79.70899371,38.39045576,0,39.58214192,14.06775343,220.0841308,4.570915464,12.04987015,2016,628.1
1.699213921,77.38309185,54.70925364,0,33.31252775,18.69865677,40.02206286,3.63043172,19.11647497,2015,529.25
1.428151207,50.88920948,55.7418163,1,45.30841941,28.1806879,6.405975857,3.890014957,21.30475843,2023,535.19
1.991013496,42.21518344,66.60586179,0,63.76519422,0.195320096,64.62177344,4.817302756,12.3357423,2016,527.16
2.810489218,79.10601116,59.82279678,1,60.95477957,100,31.44883104,3.901594438,9.334967171,2023,786.59
2.197716292,77.52093585,75.31899458,1,35.88924105,13.57381875,125.6070948,3.366331517,18.47105521,2020,542.28
0.644821136,89.45341352,55.80525093,0,33.07920655,56.53493221,314.9036212,3.665321952,7.75734529,2020,616.77
0.093549405,47.92038748,64.1443825,0,63.13797413,22.96938826,117.4330352,3.530910074,8.472437812,2016,550.26
0.786792133,55.40902689,82.75981165,0,35.55305191,4.193019453,217.9782938,4.178581293,9.686498622,2020,620.36
1.785233792,27.21031675,70.12737821,0,51.19819548,47.92017483,60.33503781,3.552026498,12.92274758,2017,590.94
0.15427744,52.15057788,64.09943687,0,52.47509285,37.11834721,147.6835176,4.135517126,8.318340554,2021,621.32
1.489098742,79.93141021,55.97083337,0,56.24124263,22.48746814,185.1786179,3.631967391,5.306000453,2024,622.26
1.790528547,50.67009242,55.50152905,1,67.1654086,21.68056053,124.0898329,2.938310731,9.322779028,2018,823.36
1.002731672,72.8095959,52.24080121,0,24.74074126,2.746345317,70.88239943,4.153309893,18.21237223,2023,425.32
2.312736611,56.18993788,56.88489701,0,11.77681349,32.00023845,98.314155,4.074231841,8.642279639,2019,485.24
0.319794759,66.48114056,76.33498758,0,38.65105438,72.65631807,120.566422,4.258878908,13.29865161,2024,808.32
0.225413345,37.0461722,61.67167593,1,86.03056816,2.936486926,29.18030898,3.66350639,24.73349231,2017,585
2.184566269,61.70418899,44.75340396,0,90.443482,9.175847718,165.8519239,3.610227762,14.75412935,2015,581.01
1.486473949,0.177280582,91.5225394,0,86.62354271,69.77806004,300.224421,4.200733429,16.71265495,2015,688.49
2.065207189,56.26207684,69.79947787,1,46.14037264,10.03666645,62.59359503,4.759509786,10.26979991,2018,784.74
1.304482016,27.39053513,43.89584899,0,14.35769836,31.8346116,120.7536424,4.005584005,25.81737427,2024,386.74
0.7392061,84.11989033,58.37226609,0,3.139217967,22.9598072,133.5699753,4.212292548,12.29352755,2024,457.88
2.457306953,75.54814706,66.66329574,1,37.71923677,27.214549,108.5442041,3.839206158,13.85947658,2018,693.11
2.398247637,69.33341964,90.5688814,0,46.0385274,16.12478675,79.21172881,3.228184739,21.58529339,2023,711.56
2.084089413,90.42012454,48.37831313,1,76.01250802,10.69988277,213.409166,4.48371471,14.09132878,2022,746.82
0.816435412,41.02166958,79.64061079,0,67.35610919,1.492522459,59.58874646,4.45420712,15.23944391,2018,539.92
1.770692001,94.94726396,85.9922964,0,54.54810158,40.91027569,6.304945061,4.355387013,13.5915584,2020,709.89
1.082921691,78.64383129,55.57018542,1,32.20310458,41.12367123,186.1472158,3.909027281,13.62583811,2021,783.64
0.27474622,55.26889426,60.83729572,0,30.78440884,33.32592776,112.0800452,4.29852805,16.85251005,2024,513.66
2.751940726,82.71240294,49.45536129,1,55.08255374,30.95389175,189.2189669,4.446880899,17.76471595,2022,743.31
0.410455893,37.87412975,61.94808288,1,63.94101958,8.38019427,14.91352941,4.810079342,11.78375784,2018,675.34
2.850712061,43.50971677,64.45115038,1,57.83762524,0.677950925,3.123573623,4.494263052,11.16959772,2015,548.5
1.338017319,47.82820554,74.89474997,1,29.30804081,49.61978674,272.3791554,4.031910613,11.95431956,2019,686.1
0.555398787,49.42044584,81.35275207,0,63.01335258,20.26738415,15.98499131,3.345873372,7.993729929,2015,717.51
1.625702842,38.86884714,53.77855903,1,58.51821934,10.99475188,165.8903048,4.077829149,7.047848707,2018,601.52
2.618837508,84.46166134,35.49012404,0,28.58667188,3.225281577,173.2792364,4.128288698,16.48583574,2021,528.73
2.196674659,54.82291199,64.68132831,0,34.31358059,1.943247381,123.3419468,4.354514888,19.69297902,2021,543.3
2.419683444,67.05009937,69.40306295,1,63.76991949,12.87122788,14.07139381,4.67694593,19.35522647,2015,835.39
1.9763501,48.59297267,68.74126532,0,45.3098493,49.00224729,110.0810577,3.952424744,3.090043634,2023,635.99
2.076829694,23.58793399,60.09990129,0,81.78294603,75.29704274,219.9005412,5,13.77467456,2016,847.68
2.547586955,65.40114717,66.87128149,0,60.02258552,68.11845791,55.43102655,3.12035649,9.489540222,2019,717.43
0.749004027,21.75490049,87.73167213,0,40.26737624,75.77217236,53.36113485,4.209670936,15.71868719,2020,571.51
1.468274891,58.62731908,70.72601253,1,49.79588799,71.48957246,58.493569,3.600739804,12.91088241,2015,879.62
0.663628325,32.63369922,59.39947362,0,51.26766785,22.47405496,8.585410944,3.046389,17.95955953,2016,441.34
2.963004024,99.74551998,57.49703274,0,35.43219374,7.431373754,222.586083,3.899112812,14.90423455,2021,591.12
2.832178019,78.22725444,62.45221463,1,31.74823604,47.99154649,203.3954839,3.271413651,5.519990525,2020,649.65
0.118280434,62.11507583,89.55109943,0,64.02779788,7.213001438,617.0266763,3.919286051,10.16457064,2020,682.95
2.116725518,85.27413355,62.25048936,0,66.90546594,9.326771872,87.9918161,4.017384624,15.02892557,2020,630.04
2.775744952,43.07368045,64.70308483,0,62.07562939,7.968003377,139.1072303,4.559270705,15.45055215,2021,519.72
0.541726035,70.86958757,57.76529644,0,80.30636189,21.70710323,22.64890241,3.246207433,7.971615961,2024,580.14
1.703835692,63.99620867,81.48475036,0,39.16453528,11.65060832,110.1202094,4.454222583,7.317701482,2023,600.45
2.746464893,65.28040163,94.39755882,1,83.48541532,5.022611766,104.9059126,4.049040225,15.28122669,2023,923.13
0.101837936,85.44707,71.75919574,0,31.98157763,18.10870651,231.4746098,4.514424577,7.98166347,2016,648.57
2.092260802,74.64984206,66.24159356,1,29.74628873,62.12212328,177.6630824,3.784124412,6.656852867,2016,742.46
0.892047022,65.77447326,65.5517425,1,14.80082236,25.3576982,278.817293,3.333877707,12.77429744,2019,655.51
2.773188586,26.90225128,29.23539817,0,41.08409372,63.19466678,203.1287562,3.391250337,12.55776954,2024,450.12
2.913174735,40.79907409,76.17726296,0,39.92555326,6.53991146,203.0224001,3.354096273,10.60799761,2021,563.43
2.832799467,57.54582133,67.01249624,0,60.51874561,5.480708195,6.584425504,4.238907076,11.48131522,2017,556.47
1.42264265,61.86744749,71.42513076,0,54.87781883,25.71074927,187.0555647,4.738461011,15.06917862,2017,580.83
2.586127953,37.39592551,54.32806709,1,26.14053258,18.67109555,93.51636974,3.717524237,11.39918548,2018,571.7
2.533648196,100,59.23314682,0,42.14547523,32.3795268,47.87529157,4.314567649,15.35348511,2017,701.87
0.95730142,90.32788111,58.83462595,0,42.57075958,47.4877927,5.817441444,3.238278971,13.09765732,2017,716.38
2.486746422,72.04236641,80.32434476,0,14.48035506,41.74611791,113.2191124,4.090160625,15.83825078,2022,682.24
0.111022904,61.44073723,59.31860245,0,30.38106546,85.55476295,39.77972075,4.334281308,19.39102783,2021,563.74
1.788809635,55.7558206,96.23990483,0,34.58372739,15.2377156,63.06913235,3.275937612,19.19623923,2021,512.95
0.690026512,40.9616308,71.46293629,0,78.6725004,6.934770519,114.4850289,3.898058266,21.44105236,2024,642.93
0.361700657,61.54961037,45.8647601,0,53.82901432,24.01613533,242.7859775,4.35795857,19.19073448,2016,544.67
0.230859605,65.1550508,63.0718056,0,63.24337508,3.521073946,174.5469088,2.533114676,16.19278766,2023,615.92
2.088866328,35.16478849,55.22487317,0,20.02729006,10.22620442,59.89232798,4.667726531,12.83284181,2020,478.6
1.019624891,66.68352834,32.08426295,1,73.88428966,6.991576584,49.06687413,4.176839688,13.06119539,2017,763.45
2.174300315,56.89481902,88.9920641,0,76.02204126,15.15344468,27.41470704,4.358363824,10.61111347,2023,700.11
0.196069022,21.84384884,75.54713813,0,10.03310066,3.537050687,46.58948836,3.79364036,15.02264646,2023,389.24
0.945871013,42.79229978,72.99810977,0,35.89366552,0.970791541,11.7710224,3.138638759,18.48693739,2020,536.63
1.618473877,51.72788933,67.4810549,0,59.91531146,32.08273327,354.4104303,4.267031478,11.37166199,2024,691.11
2.372169495,97.75375315,44.26973647,1,62.88776907,28.26741449,85.3122158,3.958704837,14.81391071,2020,794.53
0.956257509,71.13106249,57.74574291,0,36.43010539,36.96694398,13.67432225,4.016057728,11.61318886,2022,451.99
1.877674129,33.29036862,77.62671162,0,43.89001074,32.3984069,43.51091983,4.543803493,16.04677165,2022,436.94
2.657933245,69.72072579,49.23169955,1,38.05237878,3.641129428,79.1949567,4.381031937,12.25308308,2020,611.86
1.847589565,29.05392022,27.02346026,1,52.20836094,10.32033048,76.11811619,4.960618709,11.30244714,2021,511.84
0.698878424,81.65382108,61.59340988,0,73.94357063,4.161542663,3.614893935,4.076927114,11.60016653,2018,484.21
0.073202345,50.57750696,62.87363669,0,34.57915686,55.54001118,301.2696033,3.654393781,17.51664387,2015,528.54
2.610296622,58.12727623,67.03345125,1,70.01640996,41.21955162,32.21019398,3.905791577,14.51625297,2018,824.44
0.063808233,86.51593295,75.92777965,0,34.36655855,6.751623869,1.631707122,4.207831686,12.85789135,2022,602.23
2.624105018,34.25672863,74.56408718,1,33.04745575,12.52503335,7.9523852,4.507928259,16.30702251,2022,656.92
1.586811402,32.0576363,68.88154708,1,66.37189237,100,86.79647308,3.266483024,12.92741891,2016,806.72
2.817203096,48.32801347,82.93297082,1,68.43872756,27.05384111,14.82512233,4.004268808,20.63258947,2021,647.48
2.396349707,80.76757702,42.21545329,0,67.02819874,48.45697968,4.262026967,4.804770829,10.13066923,2015,724.26
2.993802332,29.61307849,72.56872722,1,23.68405184,9.219855577,47.74335088,3.879895564,14.06514244,2016,523.62
1.052135446,3.356888038,74.39807545,0,40.68098044,7.0736797,97.487685,4.465505927,7.976173892,2022,419.18
2.301564867,50.97682283,46.40656571,1,66.45977184,45.9627707,11.86031523,4.246558764,13.26562804,2024,648.07
1.205792741,71.034816,42.45694087,0,50.83083681,34.73868546,37.58982945,4.477930303,6.601822511,2018,658.46
1.439626861,84.00523499,53.8108681,0,28.52614308,34.27484974,54.08736986,3.595119729,18.73158261,2017,476.23
1.88251639,50.73677276,55.07687836,0,59.16635878,24.13138584,17.37108529,3.597299165,18.83251884,2016,654.3
2.621031343,51.77146786,76.30129195,0,35.70385482,24.87439198,70.5369365,4.010135946,18.92085087,2020,784.02
2.952250408,83.07801469,55.78191824,0,85.89049697,39.91983056,8.906521584,3.233889106,15.1443624,2018,598.97
2.304820242,22.60516601,52.15477223,1,80.89682925,9.441424309,4.76352525,3.865129697,10.60064798,2017,560.24
1.253300347,52.2295845,55.82549395,0,62.08194853,13.05153571,73.36262488,4.126438329,10.99829684,2017,594.14
1.264071007,63.8084778,81.77948501,1,77.2201341,61.58673911,28.48819601,4.892317803,22.65086028,2024,789.7
2.212746905,68.98437443,65.19565062,0,51.295827,11.08261188,10.0233468,4.201359095,22.17838552,2017,579.65
0.716331437,49.80386614,62.31123462,0,65.30874989,23.71020566,55.1495872,4.312614235,15.61277578,2022,590.2
0.331422339,60.68882023,63.34991752,0,79.55440591,36.38429851,246.6761154,4.582237924,12.42182983,2023,599.12
1.063866473,10.23345293,84.38090501,0,54.90997364,100,128.8051927,3.517671206,21.84311711,2023,631.29
0.861716975,46.83503175,53.7624241,1,44.89625657,17.14335935,169.073428,3.917458669,11.52748419,2019,663.51
0.888924361,69.07017425,84.73262436,0,15.90756084,16.76336018,205.5053278,5,16.14424604,2015,585.1
0.700823253,40.35411931,68.15744448,0,48.33732949,55.46673352,359.8225238,3.960438889,21.75978653,2024,491.7
0.126279569,61.17968443,62.59370927,0,66.46846369,49.12017337,144.0736074,4.558215374,10.8183075,2019,732.86
0.053621804,68.93745002,100,1,68.91266855,39.39978082,93.75345982,4.481868939,19.14611793,2015,958.06
2.963167169,53.14901598,49.16540765,0,60.08730131,18.66554718,45.48011827,3.260943143,17.60280398,2023,579.95
1.283319401,63.40927542,59.69471361,0,39.1740181,11.74416444,20.04568963,4.155239639,14.80241729,2024,464.28
1.152979941,40.74534869,46.51353141,0,10.46356862,28.15075961,116.0466014,4.073373736,10.032832,2022,341.62
2.038941848,55.86777441,79.28692956,0,40.09569804,62.67828263,528.8364288,4.164979394,11.3778012,2021,487.58
0.654761664,72.20432339,90.337834,0,43.91310258,64.56745386,62.99070356,3.62294376,16.44725536,2016,664.51
2.849883552,63.13945922,90.04884172,1,43.74142066,3.44543956,128.6193378,3.441540244,7.883316026,2016,829.05
2.359035043,48.26937461,83.3592313,0,62.37112714,16.77686578,68.33799358,3.761995,15.6537193,2018,581.56
0.268233007,64.48432809,62.03569298,0,89.71352822,18.74906877,56.55166547,3.951102501,17.70525492,2023,560.24
1.252742327,74.29219581,59.52138534,0,52.47058404,100,52.81508654,4.592492224,19.92610086,2023,813.62
2.637354923,19.00117443,39.93245341,0,45.66536422,33.99592709,70.24395874,4.90865541,8.008214628,2022,556.77
2.834196067,83.1814813,95.53810303,0,44.81556374,15.68929529,45.71200392,4.698298923,21.58123649,2019,704.95
1.402204534,53.27490523,72.03467117,1,52.48769534,0.792102249,138.1399647,4.430092605,23.47681747,2021,703.74
1.840234168,68.50979866,57.62064643,1,33.43412479,24.99885197,207.3634647,3.497829869,17.05075784,2023,584.47
0.501101838,83.94493847,84.92085333,1,52.40397117,3.030298979,214.4601539,3.795551913,9.809757093,2017,729.74
2.973505878,32.56652606,50.40853225,1,59.01624673,53.95445272,25.83805375,4.104963026,13.35945356,2018,522.12
0.695015104,45.81117995,71.09933051,0,54.19372127,41.89260288,226.2491095,3.683780481,14.76201377,2016,607.54
2.828195322,54.22902608,62.41056299,0,59.15083868,18.51388419,41.78685617,4.288602826,16.35231754,2023,601.38
1.948939947,44.32492958,74.5801571,0,58.67495219,16.82205836,37.00608011,4.360243054,15.10990776,2021,546.5
1.823210385,94.69873152,64.04639691,0,14.56206636,68.28967937,129.739032,4.268145031,16.40582571,2020,670.22
1.538065533,42.86455812,43.23608163,0,62.73740317,10.20963976,36.34066081,4.512567302,14.54626621,2019,476.44
0.692009435,48.88906441,66.13364559,0,36.57970309,8.591286248,5.442071188,3.547704393,16.32553547,2021,420.36
0.529584096,64.08778063,80.73296213,0,28.08321674,84.00369803,46.77945069,4.466414352,12.69738289,2017,710.57
0.661458627,35.95700948,64.56175391,1,27.91096344,49.7030935,127.821371,3.652177275,13.30906642,2019,572.97
0.559314786,52.08638576,76.62672682,1,58.67083221,51.54839996,39.59481686,3.529532024,12.11987415,2016,719.15
2.338753421,66.34906523,49.31705771,1,45.54850146,6.514613809,99.30612423,4.266058067,24.58629767,2019,517.37
1.050375778,53.34279191,64.6060881,0,16.36062432,4.639884028,107.916103,4.607936781,22.31950393,2021,461.66
0.17352803,58.13226282,55.63234317,0,59.5607563,0.791229433,132.3267025,4.244006743,17.77647095,2024,505.57
2.90730789,49.41335775,76.2047126,0,21.20783738,8.116549543,227.4293757,4.010402012,21.62654499,2021,471.66
2.651357655,29.71059382,65.47237343,0,52.79642717,44.64190556,56.66281912,4.155076913,18.99230669,2023,618.33
2.78325685,66.43186423,75.35110515,0,54.76997851,8.23462194,18.20400884,4.068213459,15.9063558,2017,473.58
2.984723468,95.09866143,81.31565639,0,67.71154163,39.18052953,38.40838972,3.437024552,7.472143295,2022,770.01
0.521685748,60.36803262,75.37427863,0,85.63369573,8.706890059,56.5928367,3.378689928,13.6891804,2019,660.05
1.188726057,64.50528234,69.09677651,0,22.70647348,15.09031217,125.1384062,3.96058706,13.32481054,2021,706.43
2.274715427,73.8544551,50.02681612,0,48.95052288,100,1.320898131,4.039928418,9.334624135,2015,592.61
2.088061854,34.61339007,64.95820834,0,44.4732941,8.423645948,37.94836437,4.005666189,7.569188627,2015,507.73
0.461687719,94.05029316,57.00364397,0,58.67499372,14.16597123,151.3412448,4.338050807,17.46359673,2018,676.7
2.447499375,64.04657593,59.83904065,0,54.31337542,10.74687799,111.1265109,3.892261642,16.62252161,2019,590.11
0.673321716,92.63713798,59.38198774,0,42.94907515,3.48337624,131.5798521,4.281489591,9.1630151,2024,507.28
0.671452844,45.33934009,50.30111638,0,41.18195623,20.19411031,167.0307277,3.927706616,11.27060747,2017,426.14
1.610923269,96.36123845,35.63992116,0,27.6709829,14.27778583,152.8944778,4.911679481,20.80611137,2020,351.57
1.778819805,75.50310988,54.97785428,1,69.75723165,35.61220081,114.6280056,4.040356863,10.61151743,2017,759.6
1.740258624,71.06080172,67.90069178,1,59.18408363,51.04569917,57.92142714,5,15.85399452,2019,691.98
0.274460512,64.68048909,44.77734432,0,68.35536396,23.57430717,411.0372052,4.176005796,14.0511085,2015,585.34
2.632382588,55.02942764,65.23523355,0,43.79207727,0.98178383,84.18170307,3.893161415,17.53181736,2017,491.17
0.796800128,84.01063317,93.50402636,0,36.86329063,28.94256406,22.66110679,3.550276012,10.71946174,2021,635.03
0.388544764,62.8071974,80.34584833,0,28.43369867,1.709517237,34.64599453,3.278555713,15.45041739,2017,535.98
2.66624424,20.65860593,89.65312264,0,57.17835167,28.7412325,118.2741316,3.504278858,15.84361289,2019,616.82
2.866954495,37.65627077,70.86691815,0,29.20413551,34.65833165,258.6800717,3.560196845,16.15090403,2021,612.44
2.586382852,56.28308496,82.51264734,0,86.97326138,6.610709159,19.68913375,4.19741001,15.39536929,2016,677.27
2.428548224,66.19997966,54.14052904,0,23.84714838,51.33517508,8.593540596,3.736917314,16.7230466,2017,557.62
1.965725942,58.86823022,55.33489599,1,55.47320238,72.60227705,213.3104362,4.093463526,25.95885166,2018,628.82
1.652572112,84.3794158,23.91289691,0,81.33709414,50.31335457,246.8379722,4.640989181,27.80648888,2019,747.89
0.26096028,20.97796272,82.79218211,1,61.98179519,10.92001662,32.34879815,3.956095824,11.8039193,2023,552.66
1.225359639,62.87175873,88.1048597,0,53.51347425,26.50331048,47.3667492,5,3.408785098,2023,759.58
1.118065551,23.64041549,56.70234132,0,30.63032706,73.88795005,107.9362748,3.41209451,17.9774765,2018,542.04
0.779261351,75.19424591,61.1907244,1,22.36461623,11.59921492,40.03731255,3.924708226,15.9312623,2023,658.47
2.170260341,58.11082571,53.69206829,1,65.40100218,51.44859025,209.6862068,3.730343538,20.3052093,2018,703.38
1.487627205,68.39219944,70.73980327,0,80.12294482,0.285609177,11.38169515,4.468253303,16.4244295,2016,623.29
0.243138648,42.72234079,81.87398818,0,41.22300019,0.109601046,3.872234716,2.880104185,15.2930197,2024,491.73
0.660549606,85.58929863,38.85842039,0,27.21876985,42.77746985,23.38079731,3.278442355,20.64453298,2015,360.7
2.049776291,80.83449328,71.14157796,0,0.836611389,42.99498634,33.69952629,3.946326589,21.34390294,2021,591.41
0.228392578,71.67088606,60.84992342,1,30.38470313,46.67367111,11.98275394,4.775688861,8.067199706,2018,809.88
2.553620742,57.40965506,66.70091588,1,47.72686315,79.78930527,6.794744957,4.112920917,10.91696906,2022,774.72
1.485439581,71.59714571,71.88491003,0,81.98246482,3.763710186,140.8980613,3.324226273,14.4720352,2022,657.13
1.441759732,45.86214864,62.17696342,0,63.46267384,7.918379857,17.94575411,3.401416704,15.49218812,2022,452.4
1.777223354,77.11111318,63.4461972,0,56.10170809,70.21637317,245.250373,4.836494851,13.87008398,2020,745.43
2.474042898,92.98961789,61.79187249,0,41.99760677,5.852583467,45.88653492,3.689432601,17.17103589,2023,569.44
1.043427624,81.4122112,79.55474303,1,38.33668565,34.3927537,111.0500099,3.528518314,19.98052395,2018,819.86
2.034048458,45.4079506,71.2813994,1,78.11295195,22.68024529,25.5411242,4.73868628,23.61354855,2019,831.92
1.697195892,67.22834635,68.30875307,0,54.01477082,2.605771082,27.48616313,4.505548503,17.89456512,2018,708.72
0.801084811,34.13716912,45.93572418,0,7.947986162,10.07524687,85.49821155,4.637029822,10.73833161,2019,245.88
2.635889959,71.44780622,59.32130385,0,36.52920704,22.0423478,82.24428142,3.52497906,14.26311887,2016,635.74
2.392278065,69.01206826,78.48003741,0,32.83567936,57.38734383,146.4166082,3.237447179,14.62323879,2019,719.67
1.975355504,22.60367321,65.5654486,1,39.07471982,36.88266628,141.8046386,4.066583245,17.5732012,2024,573.53
2.551745187,36.76432312,74.89297204,0,61.25821321,29.17656103,111.0748935,4.167563067,16.94084017,2022,709.88
2.601882603,54.33722207,91.497677,0,47.85110236,20.55732813,59.62574596,4.182300902,25.25198326,2023,697.16
2.12508893,53.98280506,80.57909104,0,48.46269186,10.64390058,221.3113619,4.739091968,12.69243432,2021,736.47
2.511039985,35.81046129,66.39737507,1,76.26946323,3.809270523,97.4392653,3.133116455,16.92375267,2021,554.4
2.092414385,67.77957459,57.33516245,0,36.0707782,15.78203772,462.5218871,4.429847526,26.77355699,2020,498.24
2.040422315,65.02947218,26.69675606,1,87.28399052,0.867991404,171.1303531,3.451687478,12.07396552,2016,629.99
1.855834135,56.11461736,62.47422616,1,36.57384817,7.111793887,4.532148879,4.42786766,15.72574348,2024,730.08
2.258149919,44.88417,60.10981256,1,51.78396393,16.99455709,38.65362552,3.762521648,10.27559749,2024,682.82
0.475815316,80.97414253,70.85549292,0,44.37592809,16.26975631,84.83417435,3.593014102,15.4104345,2023,533.17
2.642612278,93.10814226,62.6914216,0,52.46838267,1.359193258,127.8227846,3.695048647,11.09891426,2019,795.03
2.615530583,50.32877032,60.19422411,0,58.8918399,26.67925302,79.92557487,3.2771949,20.23400452,2020,550.49
0.087741849,47.75666166,38.30901604,0,58.6767048,23.93418866,154.2388901,4.02021447,15.7365943,2015,386.36
2.477450252,69.82415331,50.90048256,0,34.93765339,2.439695695,33.21992925,3.613663305,10.3230137,2019,458.92
0.386609602,52.83941241,72.14976561,0,27.54170645,86.0270604,20.32331495,4.393149115,19.20283849,2020,513.86
1.005356563,57.21205599,90.73861447,0,100,3.140248486,5.54246417,4.320028041,15.89833019,2024,545.7
2.230524769,74.79306303,63.53711924,1,40.32031321,57.89635217,85.17063006,4.844078526,19.76409389,2016,764.86
0.482279688,21.81287825,69.9171661,0,63.98424877,0.009293397,116.667548,4.183163742,9.26168686,2021,363.38
2.453901072,86.3660465,79.28717235,0,17.84717379,64.18366973,39.4747325,4.260338884,16.84412206,2018,737.1
2.496402534,61.45361049,52.83659096,1,44.4077456,0.59750282,95.0841248,4.700049906,18.86670847,2019,716.52
1.522403201,51.77013711,70.50221065,1,47.45601232,42.5412338,5.356664581,3.686168652,12.88311255,2017,726.98
0.019157615,58.21531692,53.89264841,1,59.4563014,13.46797474,10.4575653,3.255870894,8.704986365,2019,614.41
0.8611144,59.2485871,77.97236658,1,0,40.20715798,120.9839219,4.10004703,14.79196252,2018,512.47
1.850780755,25.37597393,67.27104572,1,53.32281226,15.41215614,45.8976184,3.288683265,21.14057647,2024,661.3
2.943558534,89.89876455,69.47677721,0,27.00517089,2.206422908,111.2713336,5,20.62965165,2020,796.95
1.895440581,60.82651265,53.26102104,0,56.48691422,43.76681555,178.2132678,4.727749146,12.85785783,2016,729.11
0.779410743,68.86004261,75.60548539,0,29.27341606,2.217557228,191.4757532,5,8.584572818,2017,468.15
1.902017109,79.03099541,96.27069382,0,32.89034608,76.57775089,18.89446155,4.031223488,12.8441014,2024,781.48
1.619956139,39.57675085,49.88132457,0,44.52744779,1.569573636,66.60877562,4.275286797,12.65761175,2015,427.26
2.339536185,69.46943798,59.90361489,0,28.95341061,19.57889297,132.3983533,3.770262284,17.23223392,2021,526.87
0.320941916,54.64717818,68.47411211,0,40.48931107,38.51586239,148.7134426,4.441462403,14.47499249,2023,578.73
2.283083708,76.9354155,76.79609318,0,26.13248463,14.98897824,153.5611319,3.392228394,11.23367894,2016,778.92
1.623799736,17.45545159,56.60680572,0,13.33659097,7.34762421,25.89875068,2.728453405,20.52131534,2021,339.22
2.888976012,58.018114,22.50454565,1,70.35914105,42.7000755,21.38553427,3.60464469,15.70212934,2017,603.04
1.025616498,47.94358688,85.38784241,0,24.07902614,46.01526531,89.16285302,3.272263262,17.17707826,2019,596.3
1.897865679,68.64525901,76.40759179,1,46.42638225,76.79989305,135.1258538,4.738963368,6.375072829,2020,739.92
2.796084317,69.40088375,38.85578704,0,65.05782163,14.15608637,38.43978624,4.907838728,2.878675647,2022,546.15
0.307529184,45.8474821,55.88646812,1,37.70111795,21.17188427,11.06021813,3.298535464,7.812271093,2018,639.05
2.811685462,45.75652272,88.52273644,1,33.49668201,13.53561843,126.1412609,4.645857804,12.59728287,2016,725.02
2.063657167,57.78669263,86.71694628,0,54.52476177,8.915080919,35.62433676,4.475692492,17.88178009,2017,815.86
0.203511177,42.06715545,79.07960034,0,72.35867645,41.71304301,18.19568925,3.215111658,3.288765648,2022,646.73
0.902890701,76.83967391,62.35831349,0,26.6136947,12.44964226,15.98443076,3.804866235,22.96426032,2021,435.81
2.124516266,52.61585599,66.24481128,1,46.99704336,16.76632752,37.8204402,3.709918139,15.85283013,2020,534.45
0.202051804,1.860235614,63.03611292,1,15.3501081,15.50901622,89.81514134,4.373997699,21.80147496,2019,508.99
1.746511381,52.50355887,81.92359675,1,42.13597993,37.41280083,44.37937117,3.385610325,10.57014959,2019,634.99
1.037649171,39.22912358,51.8623639,0,50.68409369,74.95640304,2.087829424,3.950563687,17.51929967,2015,463.29
1.862746553,27.37448369,52.91300518,0,32.90750716,32.96641526,10.19313295,3.657032748,15.42597965,2020,406.5
0.137226101,35.25146724,80.1541188,1,40.86016332,19.1360631,34.31993591,4.236670592,19.08843157,2023,702.31
2.614610418,62.18816944,64.33457817,0,21.83546463,45.31563388,107.7940869,3.891603984,13.83104316,2022,560.5
2.920466908,86.57281656,85.67701033,0,51.54157223,30.7305905,10.37119569,3.732377148,17.36607605,2024,686.49
2.906633566,66.26368948,54.9273169,0,71.11388498,1.875747921,82.24745163,3.893351712,20.51097659,2015,694.29
2.248955495,47.86993224,64.17832459,1,28.0571226,3.016615467,12.77036877,5,11.74411853,2020,699.1
0.39025872,69.1180839,51.16380523,0,37.54656467,1.15963486,23.7769145,3.791550182,16.21122116,2017,611.16
2.274789588,50.8181938,65.11044022,0,60.05092493,18.30923276,18.89698408,3.479497391,5.560688814,2020,696.18
0.073760749,46.10799262,42.82179595,0,74.24181439,52.43574009,6.959516237,4.291716785,18.5125151,2023,638.72
0.066370655,36.91274664,57.68549869,1,20.13620376,11.26626167,111.2700515,3.928237665,24.77331272,2020,430.84
0.970830657,24.96342386,43.45619203,0,46.62430525,14.5430516,62.25089519,3.292383035,8.777819761,2022,449.28
1.465929571,52.20152587,75.4088485,0,55.66261645,72.06457542,177.8172832,5,14.5430937,2020,799.6
2.311222253,63.1610698,75.7488401,0,47.95887219,54.40238681,10.41288744,3.823760527,19.4024065,2020,825.53
2.04988613,58.0675266,39.04605904,1,0.464158662,32.8130513,15.63415002,3.811065273,15.15708737,2021,539.84
1.337708119,51.68066144,85.00828618,1,60.02180019,9.310257641,36.59430913,4.079917676,15.82549776,2024,687.18
0.820879999,41.08507879,100,1,80.38672702,3.734311762,145.1861622,4.865058385,13.04500279,2018,707.73
2.9913735,72.16492383,65.6900958,0,52.33323502,0.485674886,36.49358618,3.160127337,12.85923873,2022,684.19
1.278543907,33.6573616,55.3832861,1,29.37787893,3.395419487,52.49561705,4.137992925,14.56652923,2018,463.07
1.354161073,75.52055828,100,0,39.73745507,10.38461924,35.89683809,5,15.20835711,2021,716.35
0.490871464,39.95565962,45.21547253,0,85.39826135,24.07480645,8.36254341,4.06436434,9.092793692,2015,456.97
2.384428646,44.95129525,65.301597,0,68.19925082,1.984196727,280.4015373,3.38233301,14.66989007,2023,550.96
2.081046677,30.66429619,67.69433409,0,62.80053237,4.393385317,79.5266271,3.690801574,22.84266969,2024,557.21
0.662308838,49.97195706,85.17721431,1,57.12825167,5.993092128,155.0382466,4.103441265,12.90433103,2023,722.36
0.247143137,79.50624917,70.39608463,0,36.77725776,29.98871045,107.3989217,4.665401958,8.813725086,2021,688.27
2.041497906,70.31256177,57.52049156,0,45.98857639,28.69696433,72.20699999,3.830332078,14.24291966,2022,490.03
1.963533643,79.56844224,50.73223444,0,48.44154529,24.00632279,9.395717785,4.413325899,11.42693594,2016,595.45
0.819778581,70.44285092,59.8726727,0,60.99148632,8.650525869,102.9273404,3.282315586,8.308290873,2024,541.58
2.852590687,37.92660343,49.89608959,0,80.17837789,13.91442985,16.88570388,3.278140815,15.69584231,2024,469.44
0.453173675,53.38421551,65.7173798,0,72.36676274,3.05067511,53.50895759,3.758599656,11.44858981,2021,504.24
1.297004403,44.39601742,56.5370573,0,21.61231288,7.703360335,99.18582318,4.719014361,11.87642917,2015,376.98
2.830847761,86.61149808,42.5894331,0,54.47989938,68.39690091,152.4311229,4.03443732,15.7671369,2017,713.46
1.259181951,36.06422707,83.82718683,0,64.7352669,100,115.5326065,4.144905598,7.334127023,2020,763.72
1.915577843,77.87395379,57.53491215,1,62.3772066,31.29472453,111.3320513,4.139039798,6.292151749,2019,832.26
1.192783194,77.8590774,45.97794793,0,37.41532473,74.60363768,16.13927511,4.554603991,18.35436097,2019,652.05
0.822645607,96.59240403,62.47611298,1,100,30.87890371,42.48444913,3.694889654,5.345831996,2023,885.49
2.951932944,51.80626815,66.02557349,1,24.45830875,1.012799868,4.386022262,4.344142554,10.11661152,2020,629.01
1.228002019,74.24644319,38.80299912,1,28.33623107,100,127.109918,3.584558668,6.000802323,2017,759.03
2.682297611,100,69.97471501,0,54.67190163,3.125912504,304.8837341,4.991636328,12.56931767,2016,552.89
0.689863818,47.64716646,49.29263647,0,92.3360611,34.43172537,30.66751582,3.599804448,17.14029374,2023,581.99
0.639314112,29.29919505,90.66543214,1,33.27610299,8.744125347,9.178278845,3.558805348,15.56168974,2024,633.76
0.093402249,22.39979932,72.85940768,0,44.68343269,14.92648,64.54434668,4.274834907,26.95936695,2018,600.99
1.955000476,74.25424058,59.00150015,0,71.54587346,31.14817393,194.2802545,4.039894216,20.43457809,2019,574.52
1.105579031,22.33699584,53.82248345,0,49.6427569,17.20696487,80.29044484,4.163426203,10.34421075,2023,359.56
2.59307475,52.55361894,63.42548439,0,43.30792291,8.652312486,4.790656236,4.113656898,9.014724976,2019,372.18
1.41962972,68.74626374,74.19186112,1,61.31265804,12.2140735,366.0184735,3.454803901,28.5334397,2021,608.94
2.904580284,63.70351074,64.61758807,0,55.4503598,12.53591493,176.4046505,4.806679465,20.31286003,2016,612.48
0.556576547,68.50889728,61.74261789,0,70.60877571,96.0634408,14.10960205,4.446771103,17.94684804,2016,672.16
2.605869504,64.44579712,65.87555436,0,75.82937778,48.07580784,254.8456943,4.679474976,15.37425906,2018,662.66
2.329790558,85.57731627,55.94211603,0,56.1400612,18.40506852,59.90892183,3.735834555,16.36760784,2022,642.16
2.312765534,40.95367239,59.8519111,0,55.83465451,6.687591804,46.50526903,4.208261772,7.589633623,2016,577.7
2.534349684,46.46009723,33.71311342,0,54.28221965,49.98280521,61.81386564,4.098684231,15.78519585,2024,534.73
2.283071973,44.54681109,79.60589346,1,59.78261113,5.130143984,179.9218963,4.564001313,15.35615699,2021,714.04
1.878660965,76.60383624,69.4819667,0,51.10341276,7.089227692,107.7280473,4.580124066,10.47930578,2015,668.22
0.393734633,78.00797177,53.39816234,1,49.98783035,13.67182343,6.107620444,4.096525401,12.30736773,2023,519.62
0.097578538,69.02450639,93.48102472,0,73.93254242,63.69508159,316.0710014,3.241024434,22.57588197,2024,769.12
2.762543543,83.66987334,66.30524721,0,80.32232361,4.239534632,15.99154198,4.889830944,14.3741254,2020,718.06
1.849950944,36.43918265,49.45784642,0,19.84894111,3.911263662,136.872148,4.277993717,25.35585651,2015,389.21
2.389611873,93.34448223,77.85106132,0,50.20042303,20.43507542,101.0976565,3.695781479,6.296602818,2024,681.03
1.444567055,90.46477243,70.97072325,1,36.22611133,9.705932794,20.76738859,4.203271069,12.38934907,2020,720.23
0.351924567,74.71243994,70.91869978,1,43.78057067,25.23048486,18.72119868,3.244453226,7.263607244,2019,729.56
0.375557377,95.63597818,58.61366593,0,58.05032419,18.02451683,204.2743961,4.527676534,8.952887731,2019,785.16
2.056695862,26.86753585,71.75743586,0,63.38876743,17.12571517,54.42013198,3.264394128,10.85897147,2019,404.14
1.290917685,49.51103727,61.07362565,1,47.75747113,3.562592934,106.298412,3.889582754,16.57654813,2018,649.89
0.60157418,45.29393079,73.33912177,0,11.73319331,4.561326159,70.13225154,4.122227225,16.33413086,2021,551.73
1.47478364,74.42958648,36.42583319,0,30.69908839,51.62425649,129.9579257,4.519419856,11.6035484,2023,455.18
0.192626811,38.99718521,58.49189806,1,67.9299934,65.11586224,65.24705567,4.053272338,3.861002213,2018,679.68
1.745914206,75.14990299,90.83232647,0,0,8.023975446,33.8806841,4.317481437,22.38846437,2016,600.8
0.806980213,87.41072288,53.49398817,1,73.74854303,3.612887968,45.15876429,3.985916546,13.57117642,2016,880.76
2.392677302,73.904058,55.94242554,0,60.42459981,1.646888223,195.9546565,3.983907025,9.418549148,2016,773.61
0.931085877,65.67502047,58.28057992,1,76.32352163,28.11758839,63.1177004,4.042738625,16.37465391,2021,627.85
1.365660447,40.24253318,46.77790796,0,46.02861626,37.69518628,24.00981367,3.90547104,16.02222585,2018,463.18
0.03486162,43.06298068,31.87578836,0,8.77189152,13.9951721,272.731541,3.156714878,13.38661768,2018,317.31
0.217340663,84.99237811,61.54120402,0,58.60725283,34.15265645,159.258304,3.615838253,15.74265508,2015,676.67
1.177480669,75.58698008,67.03789136,0,75.49306248,37.44388721,5.727551652,4.122387421,9.224850798,2018,716.47
1.439816504,59.21960961,64.21242397,0,68.49443611,82.15943371,685.2284604,3.875439498,18.79956422,2020,625.6
1.800061644,51.64180908,62.82682157,0,36.74617033,2.012208364,118.7203192,3.922095459,10.01566453,2016,424.73
0.874987736,19.48384254,65.64561306,0,51.73522151,6.406629878,17.46708173,3.838323165,11.97215172,2018,325.17
2.084945658,38.58295163,80.34262207,1,39.34327462,2.12960964,27.07170376,3.568200804,18.24400908,2021,465.05
2.580367192,98.22838174,62.14330721,0,33.61467072,60.74722194,117.9102911,3.75345027,21.01979483,2023,587.08
2.339552967,34.39088858,56.38876134,0,69.10777142,47.19132228,151.304221,3.846584128,22.92887284,2016,666.16
0.118856476,63.78959642,60.78311773,0,26.04935377,25.64472833,27.31691537,4.00257157,20.27899119,2022,565.49
1.441520842,80.14887946,73.6902014,0,32.12367139,2.621145766,29.70173158,4.196689172,13.37963908,2020,643.66
0.314790535,34.90154664,86.18040318,0,27.91948733,9.577756441,36.68994578,3.909724855,7.294834654,2022,487.05
0.726135048,63.6942095,55.57784391,0,20.19504953,10.60268633,91.13488751,3.485172372,22.02527793,2016,449.01
2.95998778,78.75831075,66.48400681,1,52.92828584,24.68013186,18.85201424,3.30095898,21.85347994,2015,726.96
0.427486629,60.24998644,70.07536163,0,73.23006097,8.953955818,11.00863302,5,11.64011923,2021,501.47
1.49666446,100,50.1113299,0,46.30246488,2.272752528,113.5890847,3.435092485,19.60594519,2023,643.08
1.854467203,26.62801482,65.30625751,1,19.88504399,39.3648196,151.0035842,3.740687499,13.33911103,2023,642.86
2.107394912,81.1745706,43.01489214,1,66.79889079,10.66085469,69.50077191,4.258500151,22.50638442,2016,602.18
1.67894605,56.54396525,38.46424544,0,83.71403508,18.0648909,45.22937161,4.180430305,12.42567669,2018,471.94
0.029312542,75.4384031,70.50119612,1,37.07515352,4.097508864,56.5709063,4.260432846,24.89325644,2015,676.44
0.979383925,68.82614303,59.24187888,0,40.42891467,48.66783896,49.16896138,3.778641465,18.93060274,2021,620.26
1.55313493,45.33687606,68.03420611,1,60.3132126,25.00898105,321.8498602,4.119279035,23.98772422,2016,732.55
0.263599497,64.57992785,64.73157534,0,82.43747496,69.55705231,146.1405505,4.030671832,12.68101365,2018,819.78
1.051880794,22.84197097,50.35399927,0,39.60331709,20.52393223,23.3304013,3.843934316,17.02514802,2016,320.62
0.099609326,72.06495001,64.32118547,1,23.35100438,85.12376292,48.48154276,4.122704871,10.15360401,2015,719.23
0.235735491,65.96316932,46.50348042,0,62.62837213,66.73213398,78.52894246,4.527682773,19.21994626,2021,539.01
1.190769829,72.77320337,85.86458537,0,65.98136146,25.77320938,94.92940545,3.988899888,19.49520766,2020,632.15
0.398147262,81.1623665,44.66044483,0,50.12262901,81.49461796,63.14575186,3.992226423,26.98511959,2016,594.49
1.702622545,67.3523968,62.06322094,0,38.83733481,11.70645311,166.1397929,4.534080517,17.41019899,2018,682
2.068394907,62.9617884,49.36592618,0,69.88757462,13.65426215,145.9321156,4.48068018,18.62047101,2017,675.12
2.401760097,42.37863327,73.5563176,0,60.56072009,1.396336091,70.35165948,4.79196822,12.64584812,2017,582.14
0.600450733,45.75558473,60.02852943,0,34.63128966,26.68953025,192.7093996,3.121884883,17.70689686,2017,296.6
0.502447747,83.7346924,57.21999921,0,50.98189463,38.3958214,139.0662007,4.452559592,13.10054396,2018,666.67
0.313703521,88.72670811,77.79802318,0,22.96584936,44.55285188,150.7702278,4.300790023,15.57930379,2015,679.88
1.909290749,55.23779127,65.44145888,0,63.71780913,4.869084564,313.2716006,3.557173801,15.87257831,2015,493.98
2.119427179,60.92005495,72.74966669,0,44.75532861,17.61819381,30.98826125,4.125793959,13.23847563,2021,676.19
0.094758434,41.9077125,50.28011095,1,41.28578335,5.83898657,31.1494228,4.525560874,15.31472548,2019,457.4
2.808636739,83.45513691,43.92774584,0,49.3425103,32.55258679,219.7795041,3.585420539,13.12352415,2017,676.64
0.155913851,73.30833647,66.60811943,0,50.80615399,5.157347282,147.9403009,4.221281215,13.10134437,2023,600.89
1.623889006,98.82434873,60.21730467,1,67.89860123,70.35340752,261.1089676,4.435676838,20.38332326,2019,764.72
2.127181558,42.43353846,74.39652009,1,61.82181063,7.865679574,6.521091816,3.464490219,15.87706821,2024,646.74
2.612907371,52.43984202,63.80137321,0,46.87181442,10.33401854,98.82086197,3.928857154,16.73533136,2017,565.47
2.142260796,64.62891845,68.07613009,1,65.27336299,57.09541381,15.62192122,4.150484188,7.713476155,2023,836.69
2.405184249,72.92979075,40.64926205,0,58.01474507,18.40057198,70.09721122,3.601934247,17.11729166,2015,639.14
1.018350578,55.68664725,93.32655409,1,41.46800727,0.728656161,16.93029856,3.5604234,17.65211732,2023,784.34
2.444475341,42.54077819,62.53637022,0,47.50563684,20.47133642,13.70558924,3.932477699,13.00830689,2019,523.87
0.240344539,77.62815058,75.46380456,0,47.03554222,2.649967536,1.224298582,4.400819858,25.42514838,2020,642.14
2.684449968,74.42270725,52.45862495,0,60.10522686,100,99.48979206,4.321867001,3.553863679,2016,883.07
1.642777128,41.67451799,69.62014853,1,42.65954771,26.61008305,44.47611061,3.569293635,18.92183568,2022,556.2
2.45189331,87.10885602,45.45732855,0,42.19181627,8.892911532,11.1141957,4.326083943,18.56402402,2017,527.59
1.356954854,83.40397418,71.78101757,0,89.37514619,24.88397164,38.98444155,3.582030112,17.70791466,2015,593.98
1.930733086,62.68592994,59.66038873,0,68.79470963,2.399462145,18.50582078,3.194915101,15.88106353,2021,524.86
1.579207983,61.59195725,65.43785756,1,34.78798671,48.26683744,284.2064536,3.816428214,17.75339661,2017,707.67
2.194768565,71.08115542,75.46961045,1,61.41881988,77.83952433,38.56696658,4.561484686,19.3408774,2018,699.51
0.244889946,42.76593859,46.51189533,0,52.36700131,62.2501949,40.6395826,4.327980276,11.37056208,2019,568.55
0.181056252,60.60062958,54.73262404,0,57.83102351,12.5454609,183.1694379,3.999214096,16.49597811,2015,485.41
0.741309702,16.95232911,71.85986422,0,52.74682649,11.82543573,104.3430484,3.791647258,14.08341579,2023,467.5
0.47863404,77.52911291,96.47332212,0,73.79285291,1.071539118,123.8466281,3.805118932,9.531157999,2021,626.59
2.6153507,28.77013555,62.92876498,1,56.91240689,31.61493525,101.0606367,4.054392453,18.58584987,2016,635.82
0.657641962,90.06839657,73.86704177,0,48.75822604,22.96539388,292.2412743,3.465781257,12.17819788,2015,788.64
2.927595767,53.39759812,63.39542795,0,70.84381154,18.44929344,23.1933106,3.825946327,7.510706626,2016,592.91
1.010687375,55.76666036,94.13368392,0,54.66570082,71.45890048,451.3433817,3.892215269,12.3044467,2017,554.97
0.546353747,47.44532188,38.791675,0,52.42957159,5.513318915,177.7597293,3.324462771,11.00550551,2017,518.82
2.369095521,54.23922252,66.41931567,0,56.28045205,0.291398649,88.9095373,3.580775875,20.14239505,2022,604.78
1.976123327,88.3706269,40.6168395,0,48.12781953,2.28429432,108.5809469,4.205253396,15.7659657,2019,568.15
1.494587149,10.24382687,27.40142644,0,50.18453986,7.583792516,104.64731,4.00475592,21.91191373,2023,369.39
1.666090653,85.53930772,69.4619308,0,38.26610822,1.015563633,6.017071291,3.845619104,11.66721884,2017,611.17
2.157605335,66.76046962,67.09246694,0,34.97665561,20.9655251,24.59216365,3.544286281,19.37084936,2020,707.2
0.685364224,35.85956704,60.72744593,0,30.02859227,11.31028557,325.6341077,4.788424913,29.19811457,2018,501.63
2.989001748,38.49375214,63.40708865,0,22.16033426,5.971204395,76.4351987,3.581010393,16.78016234,2022,431.77
2.924379486,93.52786054,100,1,32.40565277,41.59892152,47.53838419,4.125796404,19.30824431,2015,1007.88
1.950977059,41.0898624,61.12737293,0,46.51465931,6.861697401,143.5646229,3.756065456,18.46758832,2018,640.48
0.598627353,36.93298979,72.65186542,0,52.06235165,34.90461569,74.34282351,4.018139646,7.889623363,2021,634.98
2.040684727,82.74629085,55.25952771,1,44.57406874,12.88957923,1.325016848,4.228804871,17.92908649,2023,734.75
0.216595227,66.77105753,69.42848863,0,2.885930197,21.51260958,133.2706569,3.314871705,16.5322816,2015,404.78
0.091957507,41.24148847,61.42649487,0,81.49172716,81.48264047,131.7580419,3.996691878,13.70126308,2022,709.1
0.773048666,64.33249951,58.84222276,0,71.72960246,1.142012372,18.05016683,4.595364324,10.57981813,2016,615.15
1.38786887,39.48494633,92.28347798,0,58.91519702,20.81029006,313.8681323,4.880750947,18.4699162,2018,639.54
2.604817516,82.01642797,82.65777445,0,88.14981345,57.81149551,25.34843786,3.934993013,10.1379813,2018,899.89
2.181507209,81.2274193,67.05119971,0,30.45271765,26.60008283,61.20269626,4.020840604,25.66822802,2022,625.97
2.228119564,70.64012398,30.43682096,1,87.75250241,9.725009446,12.18693296,5,15.57084542,2016,736.5
1.276480003,67.23322122,59.58486165,1,30.69571846,15.20904894,92.45303834,4.567462141,8.883464761,2021,733.15
1.037804978,95.2237625,100,0,54.77475851,34.20794153,47.0725682,3.691357715,12.43001861,2017,681.41
1.113116289,59.99372655,61.540075,0,24.5232535,66.44049432,43.56771228,3.690508275,13.60932831,2023,498.02
2.962948691,36.36251749,81.54826358,0,50.29388191,1.258002537,175.4330036,4.478274731,27.06188327,2019,499.61
0.120327574,68.98947826,86.62913603,0,57.72332996,2.226801314,0.960771953,3.494481435,10.57705527,2022,778.92
2.601094488,100,68.28445874,0,46.90619338,11.79356767,159.9224106,4.543863376,14.41891368,2019,755.74
1.736026226,39.70481014,52.37267552,1,64.27754888,7.949438269,84.73445149,4.167149982,12.31085815,2015,665.43
1.315846258,52.77074467,28.47031502,0,51.98028899,9.233722555,427.5759501,4.258860382,17.49629243,2023,535.63
2.175772981,68.32892076,75.26244813,1,39.55170543,7.502726689,89.0241042,3.871633098,12.39058293,2024,627.32
1.460006824,58.92190302,52.77865996,1,38.66373364,6.538152976,5.697163215,3.685087598,9.304716669,2021,433.32
2.620269714,40.35392839,67.64225678,1,66.21827545,4.199385838,5.19728162,4.730996415,14.0235271,2018,677.84
2.702105592,82.43715712,46.25269491,0,36.9251594,81.52217417,214.6889776,3.87663136,13.50303078,2021,743.45
1.265162781,100,61.02143689,0,68.30805941,4.67118791,184.0198812,3.794532462,12.03877811,2019,659.85
0.830483392,63.92262918,65.50578582,0,74.45423586,6.859904297,42.44798615,3.959931466,12.30594821,2024,504.58
1.777050986,41.91863421,69.02890372,0,16.62572275,8.481461765,96.24197111,4.096511066,20.92347899,2023,398.06
2.737090037,29.0207895,48.27766719,0,72.65852775,81.09854014,67.25436134,3.484587437,13.40129893,2016,507.03
0.631986567,65.15951962,82.95366423,0,91.20845397,42.28248468,341.6231484,3.717564253,9.329361688,2018,694.66
1.868899751,82.07754687,56.04657823,0,55.04007522,46.77652462,299.4950597,3.690983963,12.68942018,2020,570.73
1.89468066,69.50335493,39.88295809,0,61.98168371,3.319844883,412.5154875,4.422640152,15.2716783,2019,556.03
2.199339067,59.95192318,63.3646487,1,70.74010649,54.29340361,201.3270209,3.557018716,8.318651817,2015,730.21
0.394703055,48.21456696,65.51562964,0,44.4903537,15.73724547,240.2975655,3.122116071,23.1298898,2023,544.52
2.147474894,38.15672735,67.4088415,0,53.64560447,9.147818651,24.49786857,3.016452719,19.33789739,2023,439.54
2.727097562,76.69502653,85.43198606,0,23.71600941,25.72297715,177.7896736,3.264809933,22.15086372,2017,661.59
0.539049327,78.27543243,61.45326745,1,52.77270057,51.80999453,123.3941112,4.680769101,16.96064063,2018,757.14
0.712629975,29.08540427,63.20570563,0,59.96223991,45.24059513,329.1083918,4.0081033,4.531512749,2018,579.09
2.914185282,91.79677956,48.45223428,0,60.32326046,66.21756083,84.69088691,4.250624543,22.67666858,2024,775.94
0.542930858,71.48142442,77.30830254,0,71.30849447,78.98780293,8.901392626,4.268243864,10.6821582,2022,820.44
2.56315528,87.9918929,67.76463596,1,34.50395644,8.159068046,90.98090116,4.028091959,11.08906628,2020,802.2
1.476833569,33.15744503,58.69958409,1,39.34786487,16.54202812,116.0214096,3.962609352,15.78162572,2016,605.63
0.741693223,32.68351689,36.4298796,0,87.91014692,0.44209774,24.88730193,4.522263215,21.89114923,2018,484.3
2.612249704,57.0206138,86.66618293,0,46.99343252,63.43879842,50.10624119,4.072997957,20.26643567,2015,657.82
1.335915765,70.05568854,46.58480053,0,54.00067575,5.037373505,91.25562489,4.69954874,19.5314056,2017,608.26
1.544452062,95.92721646,56.13082986,0,48.65979917,59.30109329,46.85738316,4.310414973,13.44086474,2018,650.61
1.077700108,74.12157828,70.37516767,0,33.56638347,11.98690619,46.99199803,3.691101863,13.36196237,2022,553.21
1.778852554,55.14637446,47.05163107,1,82.47058422,13.77231851,14.2816237,3.751432988,16.72971834,2017,596.67
0.490571618,39.47261585,42.59735333,1,39.44597176,1.197555036,282.5934194,3.636267597,14.34964579,2019,415.24
1.17324461,84.60001145,33.14078626,0,27.45428953,11.87489584,138.8273857,4.608774011,19.44658954,2015,460.84
2.908236967,40.70589148,75.81495429,0,40.98519445,65.77526577,0.124421258,3.797474524,19.15058832,2018,613.65
0.774400298,92.5693711,56.82220633,0,9.965879965,0.776382081,145.0782895,3.600763602,17.95670661,2016,434.73
1.970209994,54.31230701,100,1,36.9742507,15.64282239,134.6285469,4.159889021,2.370193591,2018,761.71
0.975570193,91.81164145,50.08467402,1,30.63742804,0.957095005,0.977861535,3.951416447,15.63994182,2019,646.2
2.320419377,73.5786258,51.17823465,0,62.34857262,13.90506867,46.14075577,4.147284256,14.4557306,2017,561.56
0.392620982,57.26009021,56.51910545,0,36.53171521,5.685484345,93.33038638,4.944906952,15.84012801,2020,679.82
2.909463135,49.61207256,68.64701983,0,67.75607871,8.719329397,60.28507337,4.456535403,11.22837681,2016,646.77
1.361368624,53.18184245,57.94694992,0,77.96967986,63.01342853,150.5015371,4.013505277,8.376070448,2019,674.82
0.70815139,68.56633385,74.18498321,1,65.62350673,17.18364906,55.41826563,3.295788308,17.3156924,2018,668.76
0.220490242,61.54312992,50.32117415,0,45.69223422,9.597811623,16.70739579,3.750018751,13.21849341,2019,496.7
0.509273715,48.12377184,44.27612422,1,52.82228993,26.69957123,374.7170832,4.355523051,17.87346497,2023,613.66
1.559321846,56.68737179,38.02677891,0,19.5003012,4.598275472,27.71246556,3.41447948,11.64542811,2020,399.26
1.011009529,61.57154059,31.64638748,1,47.32441255,9.008498353,126.4757705,5,22.0795532,2021,682.7
2.486650098,17.42531811,57.22896471,0,32.79123064,23.70613243,15.4499771,4.007208281,20.00532421,2022,303.95
1.292662571,69.1633623,60.48529531,1,63.88652762,8.135489693,39.90049407,4.024424197,16.48413554,2023,668.52
0.746142818,40.40557551,55.52844459,0,100,34.10136513,58.34457953,3.666677404,13.93355793,2019,659.81
1.85143496,36.93335194,83.65108696,0,59.99643272,20.28818877,21.3480396,4.248368878,19.26204439,2022,538.52
2.120331651,26.25311306,83.42045314,0,10.17719702,44.35085141,59.77635059,3.420999097,16.96273908,2016,379.55
0.501125724,24.12215004,59.97795519,0,42.77539614,88.83675788,17.09814867,5,16.19292094,2024,526.85
0.502857649,32.89104994,38.0911833,0,52.44981851,3.692325819,81.87252313,4.658675652,20.21432705,2023,489.32
0.110014281,45.81958085,56.49942338,0,51.74714851,12.22393862,108.9791068,4.492148223,22.13268077,2016,413.93
2.209206045,99.06518275,56.00267909,1,35.38373749,11.54998673,6.446842656,3.304785497,8.737944078,2019,684.34
1.991413583,49.48240648,55.14297557,0,54.90583485,4.917347057,204.8967594,4.102706635,9.748079463,2020,562.79
1.423892627,63.55500213,54.53421644,1,25.14998326,49.86983822,20.47400458,4.604543199,11.09869637,2018,618.07
2.532511347,68.00962773,55.19805656,1,31.10182555,42.7983325,25.53600046,4.2965527,7.487877012,2022,667.45
2.417010459,62.62130372,59.20187576,0,62.91595283,19.87420229,108.2787681,3.498945448,14.68625737,2024,557.36
1.756063093,58.45113079,55.46688352,0,29.68673538,23.15083077,63.25245549,3.674953122,18.00058228,2017,459.91
2.604813842,36.09412473,68.12483763,0,60.76423211,1.841716851,69.19391089,3.774031931,14.89290853,2019,448.45
0.61752363,89.01855097,70.40553074,0,22.61072451,24.32465294,13.71436055,3.698281083,12.32939179,2016,573.89
0.335758858,96.14393287,51.34032369,0,85.29651768,47.01169349,163.8536303,4.764389418,20.63228879,2017,811.08
0.809248835,26.34682612,84.06597989,1,34.51460155,25.58733773,95.98619346,3.039493431,15.70278202,2022,727.2
0.171260568,39.51942818,50.29906547,0,45.52666856,9.249050903,14.54675382,4.32795957,16.71491484,2019,537.39
1.593508584,54.40379315,40.73299079,0,56.61226522,33.03781828,46.84038967,3.353848313,20.77117402,2017,518.67
2.809817077,40.7092441,70.71167107,0,38.69300095,13.45846449,166.2891078,3.519374256,14.38379031,2019,666.63
0.118030622,70.11931107,52.73887798,1,52.86811922,23.61538208,84.01518944,2.995133317,25.30107036,2023,812.75
0.366329742,45.43455595,69.81937206,0,61.50713449,20.05746343,11.50167419,3.725472784,12.76092498,2017,565.94
1.356597085,100,28.94497098,0,69.21226465,14.39798286,46.64532127,4.755365826,24.98974102,2024,532.59
2.801625053,83.81097189,85.88683912,0,65.82994872,38.06899411,27.79884062,4.132412121,10.12632409,2021,900.37
0.948468315,64.25148061,75.08440112,0,46.56379072,64.59292973,72.87029694,3.400819227,17.58742451,2022,563.09
1.521704426,80.53972527,42.49285176,1,47.06736452,0.156784531,185.3812307,4.508573837,11.78733916,2019,570.87
0.124718577,82.11800849,42.81834314,1,96.98217116,81.36921111,57.3174783,4.615652132,20.59783058,2017,665.93
0.445029603,48.72105024,90.08398856,0,68.99778136,21.49340378,56.79993854,4.052023241,12.60883696,2020,708.37
2.959890369,43.67565511,53.93930145,0,31.56352687,36.19246159,235.7578935,5,16.45435595,2017,354.36
2.895356089,61.56286126,52.48722727,0,51.99976328,58.06014579,85.8459213,4.410782062,11.74729002,2023,730.44
0.014819943,77.23272249,31.00921859,0,43.29713722,18.88285255,83.51511354,4.341326254,19.68612587,2016,620.58
2.855435356,62.78120797,59.73832692,0,47.29331532,54.04958059,30.36893641,3.598310646,11.7212437,2017,773.87
1.917359813,28.46007036,61.58420578,0,25.41009685,5.866574523,93.57864133,4.313699243,23.41707422,2021,329.62
2.603754884,43.94351112,75.73239645,0,41.76153531,5.200885425,85.78106843,4.108395639,10.02001447,2024,418.54
1.364219567,58.52054273,44.01382358,1,86.23111546,32.14200091,50.55917947,4.259914501,8.271860408,2022,663.86
1.546788086,58.48668791,42.19569812,0,61.58152602,61.2396443,467.7264207,3.65770719,19.75776039,2019,654.32
1.466539741,99.45084354,71.76443952,1,0.176771837,66.8873384,213.6147055,4.064049442,12.0417818,2019,869.37
2.000592773,32.28024115,80.10095107,0,74.33446985,30.96287293,138.4640889,3.59156925,14.96381343,2019,676.42
0.418953764,70.11178484,41.43271473,0,71.79259046,22.36412892,77.07749149,2.92643395,13.38879423,2018,580.92
0.08992077,89.78226217,81.22271129,1,42.81429391,12.076769,62.00078809,4.499152284,8.436958664,2023,957.45
0.923789825,100,65.56312762,0,64.34527088,100,20.44412782,3.248805509,14.61503168,2020,766.43
2.114042288,51.91205154,81.37708009,0,32.81201578,11.55645184,36.49051105,4.053593232,21.32457947,2022,511.14
0.605560356,69.82858905,63.94669458,0,40.59488567,40.89915241,148.7046843,4.166501065,20.01568502,2022,504.15
2.0202973,71.39520714,27.16583124,0,79.97092721,22.77744284,60.46766176,4.163281508,16.15896381,2019,606.33
2.909736138,63.90963463,62.72048927,1,44.5653992,28.13403871,213.9357306,3.858460463,20.56134147,2023,696.1
0.281702147,58.02309598,80.90215728,1,12.60536676,15.00055448,16.00644575,4.135605738,9.702407077,2016,684.68
2.017806355,68.71950779,51.59380971,0,48.73393554,100,70.99822912,4.235483535,13.37272836,2022,662.91
1.331250658,9.355078296,59.18052547,0,48.42823214,25.4367039,104.1190014,4.367482408,16.9790247,2017,491.36
2.604426763,73.6413898,62.35799745,0,73.96737139,83.31604295,72.74249195,4.86672067,14.34792587,2021,760.67
0.531449368,62.52355807,21.5072918,0,50.28672844,0.228611329,220.0271238,4.117097076,13.76588335,2023,402.99
2.077877857,55.55050206,90.07021363,0,41.56835377,25.50600286,456.2425097,4.032024423,8.996781338,2019,647.91
2.514345869,100,51.4793648,0,70.9011229,37.88906962,12.31111958,3.546635517,4.593293057,2022,594.29
2.833842658,46.50131962,72.58603149,0,52.41580465,41.0041854,13.92102343,4.217973162,19.08933212,2018,619.87
2.049744085,51.93848022,63.69948296,0,34.99954637,70.60905202,13.96346811,4.333691552,16.21610787,2015,657.88
1.491524292,99.83106604,83.86428585,0,73.09995121,0.132339738,114.311949,3.903848408,19.50999189,2015,663.19
1.853541721,43.3587739,71.09084184,0,53.87323529,0.009906413,46.62922776,4.272306252,12.81382029,2020,702.44
2.606714953,48.99769434,61.47613593,0,50.05851933,19.17474296,132.1685822,3.853741903,11.43611058,2022,567.1
1.71182924,57.05949153,51.59727361,1,53.55816783,0.891939998,51.9986579,4.335496326,15.03273983,2024,577.46
0.091161179,76.81468964,76.96776052,1,28.58663257,100,98.78047824,4.456301157,19.27099824,2016,756.57
2.792846087,64.15605015,36.89838044,0,39.44692448,7.533375907,146.9058794,4.449313933,13.84273893,2018,610.79
2.068580253,34.14749306,74.6883563,0,50.07165204,19.19756237,79.45508917,4.058922163,19.00892592,2017,484.33
2.029540157,49.35662874,48.51432873,1,46.1067261,1.89259144,77.54502202,3.480015924,9.968459972,2023,601.83
0.647025457,47.85291134,83.78425493,1,75.44856766,22.14737522,9.237225754,3.694043474,14.19276433,2017,804.78
1.976656411,58.4555791,67.41949314,1,54.34811705,14.33895113,52.89586086,4.297578662,14.64942928,2022,747.1
1.181593217,68.51687317,74.66185652,0,67.09807845,1.370640334,78.91673494,5,21.13194972,2021,602.63
1.953698931,68.36411512,66.22983221,1,50.18790709,12.24465369,61.98610794,3.829639614,16.03813699,2015,760.39
0.319779091,24.47976492,38.71434357,0,71.12576967,14.89959686,231.0435831,4.227918839,23.73038759,2022,437.5
1.973535914,81.27881975,52.08906255,1,57.95055513,100,237.0121513,3.721973721,8.261576,2023,707.41
2.998241177,65.05137692,75.08584006,1,50.26840971,6.991493893,172.5507682,3.513016478,15.64959452,2022,825.45
0.144636117,87.69064095,67.49983726,0,49.73433822,23.60920846,47.04806636,3.661842068,15.8969902,2024,583.67
2.931522553,68.88396655,82.71484858,1,30.91122747,100,126.3366014,2.958764012,18.10046599,2024,834.68
1.220723882,82.02645915,71.04911845,0,60.1383144,47.10928648,50.30037298,4.676717531,10.93320032,2015,745.08
2.612260351,69.33090623,50.49947164,1,49.19590531,100,26.473876,2.884934874,23.4222317,2021,730.73
2.347156452,86.92451512,53.05903793,0,39.9601608,100,41.99230881,3.868085885,15.06481971,2023,790.69
1.701048783,70.44501272,66.54376086,1,72.12923542,20.17326306,7.360847123,3.410936052,9.564662435,2019,662.4
2.215347628,58.04169507,30.28933901,0,24.99567948,35.75894072,40.31340905,3.557809892,14.91987505,2016,400.24
2.635546684,100,90.10162828,1,41.55008209,3.510955071,61.75615613,4.68826133,13.43419239,2022,952.93
1.212420965,77.78074245,71.62620105,0,70.55437498,17.45616227,311.1836851,4.100533495,28.91617571,2023,674.24
0.981099485,71.47488842,83.40551896,0,56.31045882,49.66736807,37.60188164,3.51730192,20.249718,2021,614.28
2.002780157,34.47391167,41.29094089,0,49.04282145,21.11625486,232.7426494,3.705241434,15.24830678,2019,455.6
2.423537826,34.23384765,83.66847741,1,55.02007086,36.39030887,25.98831037,3.61725939,14.44041657,2022,752.66
2.286855404,65.85430964,98.47248367,0,53.58828342,41.08327425,21.19179174,3.978227164,19.75528431,2020,619.02
2.393440947,62.91042396,45.18682467,0,19.66674907,8.769549748,73.18785628,4.086445842,19.9943108,2018,597.02
1.306749944,47.7175487,76.57102692,0,43.01476229,62.55156707,111.630194,4.947787387,0.442250403,2015,799.12
2.453502649,62.81965399,65.01664917,1,82.33043309,18.47572085,4.534496902,3.041849617,18.21496577,2020,756.26
0.360627166,91.77253856,41.83349228,0,36.8135173,7.078700081,24.98287875,3.982593843,15.13983272,2022,507.95
1.633467294,73.90804949,72.39325958,0,43.63397972,60.16697584,60.82247057,3.842216154,8.444280891,2017,688.52
0.017275981,37.1798298,77.50404807,0,39.16758473,16.2292065,40.19777002,4.473274264,19.4010707,2021,582.93
0.97375749,57.76982346,55.98310171,0,48.25969553,41.62634689,124.6953653,4.177409059,26.23094007,2021,599.2
1.099384605,43.90067038,82.4887478,0,38.33754337,23.82438811,71.57212607,4.295181104,17.78397973,2023,594.17
1.188518075,52.24600167,39.9985489,0,59.73483004,14.43177967,17.47809852,4.172543093,20.50214221,2015,594.59
2.08640162,51.72768669,42.5786578,1,53.94626825,49.80242913,224.8716222,3.534004437,24.02059546,2019,730.83
1.165674304,50.44708835,67.04896093,1,65.4709523,26.34600902,34.65912068,4.605632748,10.84868925,2022,637.87
1.346080868,34.89729256,65.38077917,0,28.98117668,14.85654678,131.3531412,4.399252452,5.712142774,2017,549.8
0.712632393,57.44690637,54.25139767,0,43.19319034,3.482462617,151.3744984,4.457764896,18.28433032,2019,586.2
1.119755375,48.78784726,77.14391654,0,45.48554737,67.74135094,330.1108644,4.632025085,13.76194232,2015,675.17
0.681808882,1.4110262,72.96341471,0,59.1129382,1.08341739,69.01665601,4.20883755,8.129132738,2023,493.23
0.219587771,100,77.87208606,1,34.13557606,59.67428386,95.6684473,4.740496202,14.60915032,2018,810.2
1.81034578,81.77539308,63.15295347,0,68.31307609,13.38680961,40.77822308,4.188819786,18.63773687,2019,565.99
2.004638396,52.4739855,74.03870402,0,73.72831181,30.59448493,113.37607,3.890470706,14.25514168,2017,808.9
1.858471038,60.37638099,58.31524545,0,30.22255305,76.60830894,62.2471566,3.996698045,11.06586185,2016,505.61
1.390482131,36.56691305,95.80728035,1,40.1825421,4.935861922,57.56350522,3.988078116,13.8824647,2021,806.81
1.139357341,93.91445756,52.81181345,0,39.36136983,25.10709548,193.4251085,3.740304339,14.90261767,2019,597.49
2.590000949,97.9457739,96.57946144,0,100,43.37277962,5.147104018,4.815944424,5.352588687,2024,1055
1.557245355,63.13387456,65.52331921,0,41.4019979,42.51297991,213.6752297,4.148147683,14.28612523,2017,610.57
1.437545633,80.47061288,44.36733666,1,83.55250884,22.37315122,191.1014994,4.047369238,8.278297639,2016,816.84
0.076926197,63.50573558,85.52119026,1,24.6673601,29.40404162,70.59614407,4.194137127,18.29512976,2024,728.4
1.023743483,33.26549122,66.88852083,0,30.20698068,42.50594672,67.37423857,5,7.194787122,2020,477.28
1.140586856,51.76353262,77.76686148,0,36.26790936,55.17074743,44.91151102,3.434137906,20.06346102,2024,616.89
1.196468343,62.63855934,83.35783878,1,33.08621377,43.04098819,514.5388864,3.577480744,12.95417465,2020,720.21
1.740517108,50.90904563,70.06933331,0,44.64202532,13.10890282,11.78485371,3.309714491,12.28512147,2017,592.72
1.60080764,55.62693445,56.11638733,0,35.82443595,100,89.21232221,3.883700381,16.47227299,2023,648.75
1.823715278,58.17200885,79.63570067,0,33.61316815,17.10149241,114.4703108,4.122759222,10.66982777,2015,612.88
2.294649785,58.38243004,65.01133261,0,73.16943993,0.743068075,272.3113204,3.767338741,16.39372877,2017,519.7
2.438957216,61.04516981,75.28786728,0,74.47587245,13.51153417,151.5053146,3.730136601,11.33945613,2015,562.27
2.154369229,38.78789867,32.69404139,1,68.98592997,4.101509422,103.2395435,4.071202433,12.21632744,2021,569.09
2.866571088,45.65967702,71.70472576,0,60.47997911,3.884221582,12.42175492,3.748946088,17.02677085,2016,591.76
0.054697748,34.30831469,55.42121262,0,51.85486132,9.919150292,46.79793065,4.155087914,9.307096331,2018,368.78
0.587333957,79.55631099,89.79964456,1,40.05938619,1.645583208,14.94768688,4.557117173,8.678313491,2018,797.53
0.022688625,17.88706116,74.34631022,0,30.9368499,34.99185209,213.0421053,4.338515235,16.24112754,2022,516.64
1.942424142,83.07180687,68.59786619,0,57.25991407,2.306071209,138.478013,4.440506674,14.86550074,2018,665.78
2.694091647,87.72698795,72.2946499,0,26.52739215,6.817919187,141.6905278,4.542959206,15.84346372,2017,637.69
0.73044689,53.95638826,50.02338721,1,30.12158142,2.925067998,105.6290191,4.14141408,16.63819618,2024,445.45
2.781103634,7.937258243,89.34885036,1,73.05826512,1.957530636,70.73344191,3.920679487,15.28687777,2017,560.54
0.180802171,52.77378876,94.87055628,1,88.01298083,9.349067035,16.24848824,3.613873465,18.04046312,2019,805.86
2.80330808,58.71631677,70.89370266,1,57.86590276,25.45188163,40.00222773,3.804410918,15.48718143,2020,674.76
1.054868062,39.7880356,88.85605353,0,72.12914305,100,14.72430173,3.738157234,4.963480502,2021,700.14
0.304262485,49.69563212,56.46277702,0,45.08303365,62.51714165,129.0668387,4.365836163,6.260577027,2019,595.5
1.457615278,90.60390398,53.04329651,1,23.24651628,62.60822988,17.46257766,4.173391277,24.6397459,2021,890.62
0.770329703,73.29854325,65.61387123,0,62.24343237,5.809983204,121.1042906,4.348378931,15.00035934,2018,577.87
0.854618706,41.50871771,71.52411558,0,61.38578647,9.232755612,117.8485027,3.419831572,19.75120826,2019,695.9
0.921869895,28.04801661,59.09019978,0,51.43337108,2.384068965,61.48989663,4.715874742,13.27148047,2020,457.94
2.409077693,53.45965365,73.06652286,0,45.15249084,45.21569294,14.5290147,3.786509814,14.70992453,2023,679.2
1.61748383,55.73086441,69.59584223,1,69.24421157,2.171195612,37.80457182,3.449991679,12.73317673,2020,765.63
0.933923097,69.92398375,50.02539837,0,30.28533933,24.40496314,38.57994153,3.780391118,27.32963666,2024,589.73
1.83100135,49.29366575,72.78189526,0,34.52438842,8.545605192,120.5257406,5,16.26621211,2015,576.58
2.148452023,70.22999151,77.95292364,1,29.83786986,8.369426496,12.07483246,3.806141567,12.32571047,2021,681.01
0.817872002,98.7030808,67.57203976,0,51.69945925,100,176.6493243,3.837451764,6.742301433,2017,861.82
1.240647305,76.31002045,82.28972155,0,28.24213976,42.41364305,143.132223,3.90394766,24.86866721,2020,683.15
0.36565828,59.03822985,46.7389431,0,36.31515639,54.40899337,20.61720334,3.925689808,14.18360807,2016,484.4
0.543448049,56.33699058,72.01925633,1,35.88488876,25.45774888,126.9985769,3.609261967,18.7211456,2021,757.29
2.043353562,52.86653732,47.4457894,1,44.78783335,61.44160907,110.4167233,4.071606542,19.27998645,2015,702.07
0.544315043,83.61281825,48.28877963,1,20.25251107,31.11060737,137.8805672,4.537797454,12.68584738,2016,576.29
1.575490151,47.45373108,55.53603749,1,51.74409984,87.65979518,20.93991344,4.157144658,18.36226388,2023,662.03
2.127138785,60.90445418,50.86909725,0,74.94607301,9.910948339,17.14888298,3.444417351,11.97930857,2023,739.24
0.320630769,61.02395804,56.78006272,1,52.70982745,27.13972576,26.982118,3.827827048,10.04786819,2021,613.42
1.701936659,49.96431614,61.78774534,1,80.8264229,35.14820323,45.55039841,3.7242363,20.82232346,2016,779.87
0.769688351,32.55068904,77.55731729,0,76.67996372,14.9736962,157.8254126,4.026469734,14.2090531,2019,611.91
2.888780626,66.45949007,60.18261442,0,65.55470094,63.53499037,133.9120502,4.665225836,17.59256417,2018,773.68
1.45063694,58.77992056,41.2156144,1,51.49371685,100,259.6306597,3.925558602,17.05460497,2016,874.39
2.417977649,70.00480939,82.1010177,1,50.45000776,20.42289488,6.041854959,3.955922566,18.1896598,2016,847.74
1.650679626,49.32799387,52.443648,1,65.27599545,14.86041382,1.162357377,4.888822409,7.217315329,2024,736.56
0.130237599,84.41642598,64.11919359,1,42.16658781,19.15624328,120.1106349,4.438102996,12.07354734,2022,693.22
1.899454127,42.46452438,71.6980476,0,12.34958497,57.46600345,32.75149671,4.287040641,13.37762421,2019,498.58
2.854210027,94.24080568,67.99415628,0,59.84008108,31.10873608,40.65840772,4.979065808,10.84260664,2022,957.74
1.80483546,25.0472698,81.41269321,0,27.3786274,1.374168406,79.14262201,4.244905627,17.14503424,2016,471
2.457566578,68.69540129,72.18504715,0,30.75717544,23.43771442,10.80453646,3.006736429,20.93446539,2016,571.4
2.65261939,69.50861365,52.0803563,1,50.00447896,0.523545555,102.9163887,4.416332879,21.72592328,2017,682.63
0.684239316,44.08885864,97.67843261,0,48.09750245,45.22477172,39.32610508,3.203995771,13.30397617,2024,662.38
0.63613452,68.48787876,67.91500195,0,21.75848787,11.93885218,100.1617504,4.226002684,16.45982931,2022,658.6
1.832942967,85.5903734,62.7898966,0,53.30983128,19.16019498,179.5809137,3.143128213,17.22821752,2022,677.61
1.233085409,15.66362321,79.45888135,0,69.32279322,48.08550566,18.76694312,3.766572295,18.10628047,2017,472.92
2.519583909,70.05489615,68.74176419,0,27.43316859,1.426865298,267.1811231,3.818107735,10.60932463,2015,506.66
2.70006937,10.13458359,70.98842289,0,75.44966662,5.178558767,75.64877871,3.614940446,24.10290134,2021,514.21
1.060264138,40.68670393,100,0,18.7965835,15.22296048,256.3012182,3.825574001,19.63260092,2018,632.58
0.710611677,92.5833273,60.87317858,0,92.34648289,7.83802736,23.28531399,4.51628086,19.76324672,2017,581.62
2.341576546,48.36435933,60.23358659,1,41.77479139,12.37022491,92.77629483,3.643023544,21.01730028,2019,653.18
0.824418107,36.52240071,66.74867768,0,52.91233994,100,51.73252294,4.27257044,17.67067971,2020,701.67
2.467842956,56.04124542,81.07273903,0,12.15932855,52.36020985,148.820391,3.51717518,9.863432885,2015,671.08
1.271214761,100,42.40198955,0,48.75727867,64.59957069,93.11732878,3.905250212,14.30513634,2023,669.17
2.002649698,23.36635506,35.51666163,0,54.56964355,82.96464385,68.22378186,4.161919633,6.744733025,2020,608.51
0.286605942,38.97380177,56.19327094,0,48.27675792,12.50803352,244.1679432,3.501735792,17.07536255,2017,383.39
1.871577974,89.94863366,40.49115561,1,38.73837846,10.57523591,47.33966818,3.344139784,14.15393171,2015,710.25
1.355303036,97.15404687,58.62752979,1,31.06870963,7.999640867,24.84359813,4.245939075,14.79738808,2023,699.39
1.75982539,57.93137551,72.53749544,0,72.61053239,53.17934376,93.67516022,4.5615402,21.02000565,2016,703.95
0.504042623,35.21894595,51.63876705,0,50.6161427,34.14104498,97.82417692,3.96046749,12.71502981,2024,490.16
2.210621235,100,43.59760135,1,80.81504753,8.082378694,57.82030536,3.771343547,13.73938421,2020,823.24
2.588391233,91.88884783,66.04005743,1,39.4703529,14.19596566,66.67195738,4.077837694,15.10986648,2020,669.04
0.6502194,73.57893976,77.93815227,0,41.30410613,21.19984855,320.7773047,4.027739959,5.800038753,2017,697.2
0.287143667,43.75195302,39.57539842,0,66.31188489,22.53219207,131.9330127,4.12145127,13.66968172,2020,549.88
0.070915758,59.01941318,77.30348597,0,17.54050076,65.87325556,11.72101702,2.73587745,2.571025439,2016,545.78
1.925914501,56.79279838,77.25959306,0,25.7307328,14.36848007,23.84222673,3.465447854,12.07239219,2022,555.15
1.821282108,66.61702609,79.31127653,0,71.94969943,71.75036909,371.2215,3.577384947,19.27594527,2015,682.76
1.640092238,89.02002876,83.27720322,0,26.56132142,17.46790662,129.6327719,4.075433814,17.23633279,2020,567.83
0.695841288,77.58834082,98.03020887,0,13.61897969,41.15667939,246.5635059,4.092938942,12.02589845,2015,681.74
1.172717988,38.45247846,59.65861927,0,87.37054376,79.88699386,36.22065925,4.318090244,15.20399109,2023,695.05
1.783429006,87.529929,66.6435737,1,22.12364704,71.44096172,135.4279781,4.128790875,9.625052164,2023,765.8
1.490300577,66.2626428,58.7534235,1,53.68238797,1.759170478,125.1772939,3.349632465,14.98828298,2020,545.16
2.963356561,73.74131592,65.02965267,0,51.38170385,6.908983878,34.91178359,4.723502309,29.65160143,2020,666.94
0.409319258,89.33081719,87.99310033,1,0,19.43979002,80.03234002,4.635959152,24.2290066,2023,680.88
2.085433662,37.76839501,44.82478274,0,44.65365954,16.94548402,98.72903779,3.370901355,15.26311065,2019,387.69
1.212956304,59.28348843,52.08425492,1,58.96826499,30.723935,65.61053988,4.166352647,15.80072082,2023,777.2
1.284598845,49.37090897,85.65771405,0,57.08618763,86.85438155,175.5497205,3.702287807,10.10217343,2019,645.88
2.152793297,28.64281149,80.3005476,0,68.07041368,3.577181875,178.8977593,4.069431995,10.99105446,2018,620.82
2.077308454,66.93419955,59.5530253,0,42.2501737,18.03666345,190.1131676,4.52665514,16.81092161,2016,460.04
2.973767981,100,77.81603002,0,64.25008884,6.411061805,162.6703962,5,12.37553717,2016,659.99
0.385182868,23.19844511,70.11823764,1,36.21341864,67.35995339,66.95937086,4.375638853,19.52074797,2015,662.14
0.312328948,59.35438778,87.50411914,0,21.79065167,100,48.03583317,4.147467368,22.8484284,2024,661.25
2.173016451,72.8108587,66.11764391,0,24.04543249,19.54298441,178.0085577,3.830089416,16.66310392,2017,476
1.735160751,62.46156403,80.38448171,0,20.7577909,3.294790772,67.37396481,4.091067436,15.50868603,2015,625.99
0.822482,57.73743895,100,0,70.19171936,46.15466201,28.28556035,4.679885947,6.596101875,2020,796.12
0.238258107,34.01567273,73.97148733,0,19.70852982,35.83467257,70.7943168,3.977645622,18.73805123,2021,308.56
0.256974749,64.65573486,65.73992249,0,55.48077681,13.13984238,15.29761621,3.556943674,9.281643492,2023,646.13
2.682572624,44.86472046,75.83670478,1,44.68151612,65.51939825,117.6453266,3.190155067,12.90995436,2021,658.92
0.575601974,16.2015659,59.52078713,1,47.94702853,100,40.93545848,4.256523934,19.79787946,2018,514.6
0.970114686,83.89184441,100,1,77.2721459,24.4834438,30.19957575,4.123644063,20.14879082,2018,826.43
0.679969207,79.1677164,67.70106557,0,41.23145266,25.02252027,313.5195424,3.677045913,12.66746236,2022,605.96
1.064988917,61.03321954,60.9060002,1,62.23203123,10.59387307,150.0049999,4.513007063,12.95542233,2018,689.15
0.208271528,64.58149376,52.46466492,0,50.75126703,26.34861575,154.678947,3.789111568,11.50340563,2015,402.35
1.557179373,81.48636025,81.45830287,0,46.95962189,17.37539957,97.74269654,3.932677954,9.010731273,2023,569.51
0.202837691,64.48679314,78.00781119,0,95.99938249,10.79429674,182.7424848,3.991667933,11.82602259,2017,621.99
2.401069523,78.0803511,57.53968443,1,21.17316509,2.086457807,142.3632769,3.824523629,6.934349905,2015,578.98
0.701136246,54.05035598,73.64677018,1,75.78263671,8.738972567,91.3229682,4.117932533,18.41531291,2023,775.2
1.620035744,86.23967477,42.37166048,1,63.12813131,6.613963582,324.7388522,4.575757573,16.97261803,2024,669.86
2.640237263,66.41571452,67.77455863,1,40.40950011,23.42933305,21.26920462,3.428759051,17.80264642,2024,764.23
1.952632107,63.88103887,71.79134528,1,82.58637035,27.61423578,287.1388036,4.244260069,10.22797975,2019,892.72
1.59887336,34.59877823,90.60994714,1,13.03779775,28.13858953,51.32254377,4.086079335,9.024647182,2023,689.12
0.973001259,65.73911709,53.43771796,0,39.56466685,14.73956381,75.16219547,4.076881915,15.26757137,2017,273.32
0.999005739,43.36090165,45.82471057,0,25.83035591,16.4054897,13.09510897,4.435922285,15.32051282,2020,401.59
2.008460866,47.23434547,51.56858059,0,58.2416693,53.91614539,77.67623797,4.024648713,14.26365086,2021,575.48
2.982418084,43.69248743,44.9514725,0,27.73871798,19.40123982,94.47075724,4.240114631,13.55258365,2019,465
1.98551757,38.67530136,85.04986037,0,58.66127893,100,607.5516732,4.357932315,23.55387889,2022,572.22
1.673350252,100,88.22958943,0,46.27127168,17.37405633,369.6605667,3.7478174,17.13012506,2024,680.64
2.191951531,86.62678124,69.80324867,0,40.41292115,31.45876619,339.3148616,4.14959173,24.85339196,2020,560.87
1.395616837,98.40735004,83.31942419,1,57.77294492,1.550264148,42.83060785,3.874606196,21.34482513,2020,735.94
0.180427028,35.54209961,67.00937571,1,44.62756752,31.78231765,474.0588929,3.93365911,23.51635463,2021,579.87
1.686890448,61.425075,63.57332528,0,28.22730314,57.20024349,60.78472118,3.838969302,9.627686168,2022,540.49
2.872875854,34.1298475,60.00443571,0,100,85.65712071,190.9437257,4.235540202,17.96585495,2016,657.21
0.525908827,46.08610246,60.34413513,0,40.25665634,100,24.37544657,4.040822355,12.84117256,2021,600.8
2.070014672,41.63746033,41.78297666,0,5.647818397,9.94603653,70.48821258,4.197272017,6.683066443,2023,348.01
0.602801066,84.79168013,68.96382145,1,33.15802621,25.6961169,338.1750586,3.991241319,22.48001585,2015,716.52
1.607483053,52.07540644,64.39499135,0,24.65446623,17.97429845,293.8055936,3.197939494,13.53153737,2015,454.18
0.290029349,81.36758667,76.18041086,0,66.52291232,24.89083502,115.1174423,4.015684208,9.724491849,2021,564.85
1.351112809,72.08241779,66.40285245,1,56.43305319,5.139773435,159.8568809,4.031768978,12.92718068,2019,622.16
2.268489987,100,62.55944448,1,57.97425604,58.16943653,19.41027189,4.121297969,11.01887939,2015,835.13
1.042714573,30.41111554,51.93210455,0,42.59955068,72.09502571,127.890668,3.703135403,11.53151016,2015,477.45
1.994735173,85.1846648,66.08229855,1,44.41299506,17.91666096,96.24676853,3.402265142,13.89198305,2016,614.15
2.386349882,82.92881741,76.07355846,0,42.58137793,9.873038257,9.601733911,4.312303322,23.65407597,2024,716.67
2.781533458,40.53242324,47.84991513,0,48.37613632,4.553773846,12.00895761,3.863196722,11.66841392,2023,507.88
0.703926246,80.14266673,66.31210631,0,66.70666871,34.5380735,11.47865994,4.085622024,23.29635332,2017,617.27
1.197947747,66.72289926,68.49564427,0,56.72150825,11.22910422,128.8648492,3.85926996,19.24418398,2023,587.27
0.45724804,55.4504748,54.22902825,0,60.00225659,72.08495118,15.28193094,3.996969087,16.98135782,2020,526.59
2.977450506,43.52129026,56.18215543,0,59.99117816,33.35206339,63.06086664,3.775357326,18.74060016,2024,648.55
2.781002904,45.61781097,68.45916273,0,67.68884875,31.12709546,44.15822595,3.515958205,15.06827832,2020,788.79
1.619871391,100,47.99868473,1,55.76300083,24.58867941,79.96286371,4.23686583,21.43025052,2021,700.23
2.526099883,60.01365638,70.24885573,0,57.17696145,1.405715699,122.5797531,3.698439956,17.83490132,2024,698.59
1.562873932,75.64260003,51.5696844,0,73.77612482,80.61322717,115.4302194,4.08197574,6.676670075,2022,661.76
1.870757064,44.18201237,80.9428054,1,36.69908164,29.6608023,72.46789546,4.205230111,16.48125966,2017,641.5
0.267373296,44.40294108,100,0,32.8851484,100,62.42460774,3.706593642,18.91986571,2022,816.29
2.265811261,81.63969618,52.08864797,1,26.28156802,23.12394882,50.71915602,3.398057183,13.55499391,2020,648.43
0.383140451,33.00847577,73.01311794,0,53.65829127,37.14770445,197.9849258,5,15.63127936,2020,623.36
2.478202891,51.69572464,54.09887143,0,12.92535518,1.735533802,40.1749726,3.736114062,11.93571003,2017,417.43
2.346084263,60.68054822,80.61431261,0,59.24308192,29.96867061,30.02484614,4.311708579,8.11187172,2020,547.15
2.126234093,62.22745204,46.02112386,0,47.81613811,43.40039582,135.990755,4.969731775,7.248115645,2022,788.34
0.108481142,56.4181343,72.20880138,0,72.692794,45.22191684,44.59175798,4.394953873,7.314660065,2021,646.88
0.909385068,67.91639562,51.9051655,0,36.56165379,44.10484597,187.7308206,3.849778596,18.34522371,2024,571.2
0.78933771,73.85711512,61.89523116,0,45.93363429,7.696458709,39.73313549,3.966441806,2.548591458,2024,520.87
1.080409222,74.69275091,49.53462087,0,72.44406667,100,121.0476657,3.58369639,11.66760037,2021,786.18
0.26292824,40.28392383,77.33525706,0,77.66271294,100,4.615808772,4.440848213,11.17173357,2017,782.97
2.810873469,54.31689804,52.44529468,0,36.39695268,2.358178152,48.70486825,4.283135354,13.58920232,2024,388.64
1.661406722,83.89525724,73.27946389,0,53.63562465,82.67615981,42.04216643,3.742787091,5.71784225,2017,782.34
0.916572932,77.89294375,59.83852958,0,55.88837955,10.25144481,169.6515142,3.478912596,17.01944047,2019,653.23
1.190944551,32.54281097,63.28291442,0,57.47306811,35.06628691,341.2928014,3.339383131,8.634193029,2019,626.2
1.341607622,67.02959801,67.21633861,0,44.74848681,12.37971873,61.78194665,4.493257002,20.6620277,2023,640.84
1.801783,20.43549501,53.57262993,1,75.62766796,100,174.2034183,4.060186564,11.89117156,2023,791.72
1.547038283,60.93869804,68.1555067,0,12.20593033,3.210986008,120.2955658,4.107492268,14.52193488,2024,457.51
2.75817592,97.95534033,87.95501847,1,41.5773953,20.65952813,342.3013257,3.588525687,15.01886928,2019,747.21
1.490890449,41.04214565,53.32857821,0,58.95861466,16.7609953,166.6582579,3.268248448,16.22120526,2019,470.35
2.976474044,43.31353909,82.57715215,0,59.14449624,11.83679893,8.064412662,4.481306787,15.18507189,2020,536.03
2.554274873,75.28059563,87.4714645,0,77.05518061,31.11428465,124.9255156,4.021019518,12.86444726,2022,724.31
0.625531543,29.1439697,52.75767516,1,73.96450786,4.214289072,76.67931081,4.45361733,16.71524265,2020,521.45
2.791785644,47.3448994,43.17418092,0,44.28916749,37.8334867,1.657262845,3.807033437,17.33073565,2020,442.56
0.349099194,71.92882275,69.5294135,0,75.99742487,100,28.94342182,3.881591078,11.17432666,2023,819.96
2.452349125,47.31428305,56.78888716,0,35.71916512,48.97485823,254.7913481,4.356649088,17.13183909,2015,477.78
1.14186988,55.28060026,93.02904829,0,68.61774766,58.98697582,260.4519892,4.36617404,20.95860151,2018,889.63
2.633922961,74.88371421,65.52211311,0,86.21044957,13.37159025,160.3706668,4.398782811,18.52947098,2024,794.56
2.60417007,68.43092167,52.96700888,0,74.29888214,11.78623835,400.5213613,3.852399373,19.66187621,2024,718.61
2.4177762,65.33636793,47.79260733,0,52.11540767,21.83516231,164.2711513,4.307273619,15.85960424,2016,514.14
2.370091309,53.21755441,81.34857439,0,43.36442456,1.404152438,1.025660691,4.554549733,10.31924777,2023,622.14
0.914037417,67.40122231,56.43224039,0,19.42817407,87.20864766,33.94447265,3.947613994,10.9517777,2017,516.69
0.242757849,57.5253464,65.65743199,1,56.21079276,4.657019047,3.110290145,3.743255818,16.59943984,2024,655.53
1.208940536,69.1561122,79.33704118,1,27.69565544,69.99536202,9.883515083,4.671373802,19.71381863,2016,634.1
0.520573545,50.0613595,57.73612472,0,34.13730673,2.618487863,24.69763304,3.672777133,28.92955957,2022,526.29
2.084853267,56.34862051,64.31106757,0,26.18508399,51.88466207,70.02897205,4.314738249,19.90910972,2018,530.21
1.03829918,40.20084415,64.75147385,1,40.79215335,4.94491359,188.0800564,3.970788845,9.147821213,2016,604.67
2.926830603,59.2998478,75.24986767,0,49.44061171,1.16632952,198.0260725,3.079217192,11.16363714,2018,631.14
1.922916232,43.77998273,73.86116503,0,55.47229162,38.13431833,95.76385379,4.564297034,26.39258658,2021,572.98
2.467441691,37.719071,61.69829403,1,37.98986729,9.86617822,263.3535749,2.621073185,13.92805534,2021,506.93
0.397574018,65.17322296,65.95473592,0,71.38567413,37.60499324,69.32718415,3.007935967,15.23757317,2015,608.41
2.586043447,64.25479552,59.42331483,0,45.83589484,24.29617768,219.8549852,4.26366504,10.1979154,2015,662.79
2.768271572,75.6574747,42.8358139,1,34.24555133,3.455841069,60.52558275,4.263535599,22.82551703,2017,606.4
1.461185756,51.37748861,68.86401286,0,54.52584534,80.70486745,32.46573188,3.681210071,17.50166604,2016,705.18
1.818758813,68.16105694,93.38287641,1,89.27105667,18.06160404,248.1866294,4.073911045,11.12699326,2017,933.82
2.294429403,71.01595145,51.74421289,1,56.70321133,39.77825643,49.09169166,2.734284977,10.03087356,2018,688.56
0.524515882,68.89547616,53.40455436,1,42.74288745,20.85571232,69.99786799,4.353487732,16.53601973,2021,633.87
1.507698229,43.48692634,51.93908343,0,19.45077288,27.817629,39.87784624,4.124862744,15.22103087,2016,459.8
1.195989083,62.98726965,75.86887668,0,45.61175358,10.81935268,108.7190566,3.977178573,19.16055109,2021,681.6
0.439121976,67.28280592,71.72728181,0,54.6985625,6.707820983,530.4581949,4.010420741,17.73484237,2019,558.13
1.102603267,60.14356934,62.62193461,0,42.24838217,23.46395568,2.584466353,4.246627088,13.67759826,2022,654.02
0.204516928,18.27044683,51.22971408,0,16.69230724,17.40628785,230.1066307,3.985549238,12.28099202,2022,364.37
0.077435721,63.20979248,66.38565187,0,32.98869221,14.83445804,0.393378418,3.062972249,14.20028926,2019,442.9
0.405498867,100,41.53066809,0,79.09076922,33.49417262,45.29150835,5,12.24659577,2024,690.69
2.889345335,52.79921462,67.1513985,0,78.68002007,35.18455846,18.46524387,4.60040041,14.34902234,2022,602.14
1.648588608,45.43845804,78.07286579,0,32.26721662,1.410234372,141.6101331,3.357527669,15.08220464,2023,406.92
2.897466483,67.46697119,46.23201295,1,63.45513574,12.40844909,5.193649147,3.827431385,10.51034553,2021,735.64
1.297493635,66.24756421,42.01222585,1,26.4285443,15.91883959,80.62821807,3.881982905,18.15339931,2020,629.48
0.935448399,83.85470331,88.69156838,1,78.08632564,3.057399295,34.9452707,4.539424783,13.14786143,2021,841.8
1.518425589,34.84263688,55.82360541,0,54.90471696,8.071732278,14.34896679,2.920365532,10.79057825,2021,469.02
1.318535066,74.62760505,82.03921769,1,68.99282997,1.590689912,147.7612652,3.750495868,13.24196286,2017,722.61
0.316994053,71.80844123,62.69003502,1,15.69813306,100,24.51550801,3.119681778,16.21129078,2020,725.96
1.922478944,57.15706926,62.57067775,0,63.55274204,40.01757071,25.31843052,3.857452242,15.415191,2020,787.16
0.648114548,66.77374636,71.57619049,0,49.84651873,2.74537716,32.16895403,3.763749553,17.11059057,2023,652.15
1.858763865,80.58914963,51.74001715,0,67.03858142,0.613716266,88.37431089,4.039847034,19.49173063,2015,590.23
1.950603277,77.4463076,66.98745715,0,68.29735596,38.11276003,107.782759,3.6975628,21.52470102,2021,680.58
0.456074559,37.13961376,59.27765878,0,51.31569379,17.3513092,1.775929051,3.624488304,16.42743081,2015,438.21
0.184048881,76.40316374,45.19259835,0,37.98340722,46.36527453,27.68999241,4.309828346,9.652988064,2024,453.85
2.342284758,58.7062279,70.06223112,1,65.59392364,77.10454068,56.38236028,4.22733637,13.65444599,2018,791.26
1.379401271,61.45748196,61.0503829,0,48.79691001,27.43629697,40.34326033,4.275699171,9.978408078,2021,643.66
0.174491387,61.46393982,62.64462757,0,32.54430093,6.214726195,215.5637365,3.911549955,23.48427037,2020,413.07
2.984598952,56.99514022,46.84758585,1,31.59695537,45.72452058,154.9796036,3.714130709,24.93700441,2020,614.96
0.173341683,83.83414994,88.87100552,0,20.45671167,93.57888624,98.32059833,3.940573759,18.25155599,2019,642.8
2.085105687,58.3256408,78.1507128,1,39.79417681,26.04154209,41.25537976,4.250581035,19.29229421,2021,782.1
2.951036776,37.60907743,79.46233826,0,72.05384092,34.37087606,120.6216469,2.91161015,16.25471597,2023,542.46
0.717540313,52.12940288,60.41832946,1,53.55659599,12.35089577,185.5581529,4.197055965,16.83027958,2020,678.07
0.426748106,63.57389434,39.06225666,0,39.40464588,14.41508596,90.34494782,4.154569094,7.012728908,2024,557.92
0.364154818,84.58429569,94.29376074,0,66.09711876,39.80167561,153.4615578,4.031075453,14.63033817,2021,746.29
0.909825443,72.0618937,64.08353738,0,33.35046757,78.83745042,138.27206,3.925343289,10.59423469,2023,602.7
0.303137433,42.98929443,53.76800306,1,51.90700549,29.74565747,84.80185127,2.716940307,16.40678269,2021,611.92
2.076484025,100,71.25202362,1,46.40739255,46.79771295,37.423278,3.780073368,14.70195077,2020,968.16
0.186875394,65.29550622,82.50681182,0,65.58261251,5.649042645,136.9563734,4.894719356,24.73410981,2017,744.44
1.528266384,85.50781476,64.65424166,1,18.45543258,7.146158237,23.16753014,4.006450648,19.58313844,2015,646.08
2.990090562,56.96571133,84.17862752,0,32.99604508,22.78083309,151.1804735,3.846355081,16.42255991,2024,561.36
2.441910809,70.66718489,81.24499908,0,17.23508682,5.827726162,163.2433763,4.008453098,13.66530156,2023,575.27
1.845658315,76.78937009,48.85428219,1,44.80806556,30.23533258,172.678599,4.177386434,23.38010729,2021,549.85
0.918760862,84.36389424,54.89314842,0,74.22855007,10.34464362,64.03952953,4.329410122,14.85022677,2017,592.68
1.871687509,81.14736611,79.36305745,0,39.89105581,47.03918083,21.37884072,3.885559918,16.65836981,2024,741.51
1.581124392,77.44394,24.31081154,1,39.78632124,49.52504382,10.50534518,4.212459801,15.21124802,2023,605.51
1.278250152,53.69826538,62.7581646,1,67.43448848,18.69673976,136.0085827,4.838325401,12.97923047,2017,654.21
0.39213113,48.56507916,43.53753198,1,71.37099117,5.98320021,217.385231,4.5031254,15.18253111,2017,590.16
2.659812646,66.65215021,57.85169298,1,48.22857865,31.21949763,105.2220309,5,5.190165747,2021,720.5
1.349353946,78.66256145,60.51769866,0,63.69429708,100,15.56719068,3.671614821,7.261467994,2016,813.25
0.583867535,55.54558598,59.62633433,1,28.46090918,29.23276586,273.1776177,4.838094754,16.74815271,2024,521.02
1.103278053,81.30343931,56.71608122,0,77.55948668,1.092908651,451.9177327,3.60466318,22.84099845,2021,658.43
1.242389258,89.05233491,48.54284526,1,92.97412588,0.5233579,56.80639407,4.176783073,16.74110552,2021,755.52
2.482613687,41.67358162,99.378669,0,60.42431582,11.58584796,90.34369204,4.366238265,11.39815573,2015,705.41
2.200843142,43.26158592,93.01193006,0,8.313367573,6.53661447,150.1608786,3.744611404,7.78573123,2024,428.48
2.307914681,57.19249882,47.5690127,0,38.83539475,50.30761604,133.3283744,4.043982139,18.9226363,2016,625.01
0.033093793,66.15225336,88.73175127,0,62.25650643,55.89231559,343.5391139,4.455230551,12.16402424,2019,771.13
1.248461995,49.50865972,59.00801764,0,41.57034006,8.97720922,12.20355422,3.644864551,18.21617709,2018,619.44
1.444032455,87.04405358,66.9378121,1,75.44397109,11.81994809,86.92279305,4.83469173,16.94932579,2017,737.08
0.05757683,68.48133723,64.0508906,1,61.76314529,8.085323947,117.7432857,3.307701688,17.39150196,2024,618.79
0.779439626,60.78894096,55.10377038,0,35.87048998,71.70400484,220.8170079,4.969845721,15.16800854,2022,467.8
2.280869469,31.28180952,79.75778515,1,50.64529622,20.95379813,207.2343812,4.500663067,16.91822192,2021,616.28
0.411329117,33.68368367,66.88829796,0,32.12333559,32.02536255,381.6703442,3.955137212,14.40272799,2023,600.28
1.605930394,65.62018501,57.85172865,0,46.34830243,16.10903554,71.76006523,3.798665894,11.82346733,2017,581.25
0.645605616,17.34808748,45.43115834,0,38.90813519,29.90991301,177.6442575,3.746485869,10.1825047,2024,337.32
0.036362324,80.25274819,51.59607479,1,73.495236,14.62574507,55.73613204,3.93210218,3.07495601,2015,713.93
0.723604373,56.83692311,40.37929827,1,92.32024114,12.45085041,54.87245991,3.975752069,14.09445219,2023,655.95
2.927621265,100,65.18335323,0,21.37623334,30.19303446,29.2156554,4.627613123,22.59689091,2023,525.19
2.404611336,100,47.05001612,0,11.53567428,26.82575744,170.5053217,4.98432705,18.65040046,2015,451.64
2.878729933,56.37101862,61.01659231,0,45.09655156,10.42414934,425.557767,4.09968996,16.13854559,2022,656.43
1.463562132,57.87325995,85.5515278,0,19.63168602,4.852580823,29.6173662,3.577185756,11.32997503,2024,611.07
0.329208596,79.91163028,82.98949359,0,50.92423207,13.79336375,5.776851664,3.72713698,19.98669613,2015,518.62
1.643878467,94.0634522,64.51584659,0,64.97872228,16.09444001,169.0335855,3.908454608,14.40345344,2020,680.75
1.363132004,27.23941885,63.69372911,0,79.88283795,29.72108175,96.8189611,3.484938947,22.87467157,2023,496.82
2.533071248,24.27249069,93.19811824,1,54.02789117,73.78726129,321.1374047,3.410529299,10.09456368,2017,862.2
0.294247742,47.55930389,72.81134181,0,46.1368955,1.105671043,29.06721638,5,11.25015236,2020,571.66
1.464723411,71.65475166,60.0829031,0,10.43230167,8.377968216,7.367631241,4.151306763,10.76365028,2017,411.62
0.450145994,69.93747181,43.60972824,0,50.52370298,6.459575089,67.81448028,3.583433433,7.589408148,2019,507.54
0.974027781,81.3954291,70.90809827,1,51.42574521,20.93239677,8.934065817,4.408301785,10.31477657,2021,754.92
2.212071232,36.00604943,77.43985659,1,62.77913628,16.84782468,30.35269435,3.410826938,15.5160813,2024,682.66
1.428054388,13.67712274,55.52522713,1,35.83023797,39.17325903,13.46495728,3.451993976,11.43899488,2018,483.76
1.127664855,77.16028391,69.36804133,0,41.298948,8.328622237,25.37731079,3.598478799,0,2018,597.84
1.183428836,43.43607454,59.54640058,1,20.43995489,27.07891126,11.2211321,4.82725664,20.37136649,2021,513.03
1.378340305,19.63024271,62.23951401,0,4.174143862,64.58806074,307.7072477,3.873559967,6.579531353,2019,353.44
2.355049632,62.90127492,27.68266914,0,27.83005818,72.46513647,32.65098255,2.779146507,17.94614142,2015,395.02
2.676254067,75.86351376,61.67327894,0,18.59348371,95.66830262,58.68028038,4.605032967,15.15607295,2024,617.79
2.86600406,57.55885736,79.54053954,0,56.73424591,44.5186912,228.8798641,3.846809318,25.58686408,2016,714.25
2.360710159,50.84303228,55.52896167,1,39.63731887,70.92995545,113.109908,3.075295997,19.98478741,2020,716.42
0.946220687,56.81275536,65.78789552,1,39.2352574,8.017991816,96.24327918,3.841658256,12.47697702,2023,744.4
2.064404118,52.58834475,53.6607394,0,30.31173908,6.603728829,122.2690867,4.260501948,11.48968219,2021,471.62
1.312809372,33.03905776,70.40662514,0,0,0.195276686,176.505283,4.202024583,22.5136384,2018,448.7
0.764011866,45.70638646,61.75215204,0,80.16621497,36.81154823,210.1026983,4.89920749,7.620644514,2016,629.88
2.522614738,70.4255981,50.91137689,0,29.99458954,83.16191595,102.901068,3.573616069,15.95439968,2018,652.58
0.115279047,66.43357083,84.98827201,0,41.7515986,6.208339386,220.7341049,4.02336006,14.34439768,2019,657.33
2.705285976,63.36119612,78.9339802,1,20.90215669,30.39591052,76.65731367,3.650215361,13.28386966,2016,749.03
1.384432394,40.09703036,55.92639854,1,69.43860687,41.16698183,32.47484286,3.228903553,16.76756992,2015,657.93
1.91160443,56.36993676,72.46682464,0,52.86857874,78.77236851,212.0902981,4.442763686,15.9477993,2018,653.74
1.978061767,16.45869907,73.06118004,1,33.47269429,31.22674003,77.97357249,4.231634785,17.28700371,2020,614.73
2.685353222,63.56953328,74.63451853,0,42.15540777,100,236.5925266,4.141839225,15.69487826,2015,853.01
1.910009047,88.57715416,39.58616156,0,83.56359844,12.67863439,4.0996816,4.213395097,17.08840703,2015,649.99
1.841800754,30.51735736,80.09909812,0,48.54061136,12.92018922,50.66937576,3.657263574,15.46682596,2023,510.61
0.199956122,48.28144653,56.45451556,0,46.36532925,23.49297788,295.2768926,3.497152456,11.70286556,2019,555.97
1.555224066,66.58213557,59.632581,1,31.17237028,14.51100023,28.72156383,4.018823686,15.0200063,2016,521.02
0.450507002,85.05685269,100,0,12.10837699,0.042802368,283.9348307,4.580605701,11.4280672,2016,603.63
2.212301306,51.03550767,69.52810071,0,46.79922653,39.47754022,307.6995717,4.804038568,11.09811698,2018,548.44
1.536665762,46.15499341,59.20516287,0,56.50970225,41.79558664,213.8277435,4.397716353,13.31924999,2016,570.91
2.040683338,20.62153715,31.92058441,1,71.99168929,41.22796256,82.93519609,4.014587213,14.4028842,2018,668.26
0.125018702,62.06876259,85.84646201,0,5.03006931,12.69454788,104.1115704,4.134891965,15.17612653,2020,574.47
0.254376048,100,44.82185494,1,27.49807346,22.16250968,203.7278994,4.00579693,19.58189414,2021,502.67
2.148970164,65.54716924,49.94841645,1,38.38517819,13.38737177,149.5649879,3.48702833,12.50767959,2020,572.29
0.216253008,59.55442042,60.02971551,0,49.93038303,0.484991235,99.45059527,4.012323689,15.98425963,2018,387.33
0.213770183,66.44164622,86.24617688,0,47.09932617,24.79685623,403.1899924,3.332586591,15.59013857,2024,713.16
0.036325426,59.77815992,76.5985998,1,47.56622629,3.963480394,115.7333002,3.937961387,11.95685856,2017,608.42
2.869504195,43.73971255,62.63243735,0,58.16192117,2.502795823,370.8347429,4.818052555,15.36870393,2018,571.41
2.212525078,76.46559831,69.62438095,1,31.93413778,42.25608483,5.910103733,4.411429611,20.01360708,2019,759.45
1.059754226,64.51523046,55.99421461,0,68.68282884,0.286550243,14.96147486,3.538440408,15.93253108,2018,567.74
0.889606744,60.35226504,67.09480534,0,58.66904883,95.83167525,60.0492972,3.963785465,16.13291965,2017,470.45
1.049109689,40.49267945,66.10005117,1,43.60335472,21.72399152,48.59370318,3.582811844,11.47335835,2015,633.63
2.323960594,86.07015864,79.53154844,1,82.01815984,100,152.6636742,3.968743116,24.84429426,2017,934.83
1.984111833,73.29405491,79.50767184,1,81.12832071,1.792422822,17.50846383,4.520553908,11.75821815,2019,881.31
0.555586704,48.94158325,72.40966073,0,68.6579071,26.27819297,373.367513,4.326503969,6.661082697,2020,633.81
0.522328006,80.03649707,59.56478664,1,0,12.89244367,37.84326136,5,19.3009206,2018,649.1
0.295186949,50.04858323,76.12733442,1,81.57890185,55.63762225,56.02324666,4.596238701,14.4259148,2015,730.17
1.980908159,44.35993015,63.62047301,1,65.89517045,13.44598361,32.12320066,4.102000191,13.4847909,2024,586.83
2.293117987,44.80593765,48.77128447,0,90.12817275,9.052926017,86.59865176,4.338574987,12.2722311,2021,655.64
0.795139285,24.57862894,58.95068312,0,74.74929183,58.46358512,6.041763744,3.898778413,24.35857312,2023,605.53
0.062834883,69.43084761,66.26790476,1,81.56685355,14.0834619,16.21395962,3.436247876,16.77295139,2020,738.4
0.246515002,23.37710243,78.65323675,0,67.573097,0.509298315,136.9624886,4.652888289,17.74875611,2020,540.23
2.903580105,35.43112337,62.24707742,0,76.97386397,14.8431111,20.64100695,4.504495738,15.81307812,2023,631.83
0.886334332,18.48823982,46.86201933,0,89.88247481,31.88481277,26.85521571,3.879472893,16.35024807,2018,398.52
2.307669444,58.27860614,65.85112525,0,54.33109477,8.805352514,157.4950672,4.136967868,21.99312305,2019,669.8
1.873990707,56.99359079,66.7018406,0,18.55538912,16.96836049,9.794494394,4.620469594,13.74572669,2019,517.71
1.145818919,53.46607574,67.78756443,0,43.850782,1.75160885,57.53176087,4.423175713,7.715312272,2019,529.36
0.617061787,39.14844611,78.79807274,1,57.79891199,26.60871531,2.333350826,3.268449374,19.34027327,2022,627.57
0.364159254,36.55532493,80.2838486,0,51.49775169,42.35389467,42.58832457,4.121810011,17.48350806,2015,378.82
1.845038904,69.28739727,56.08683691,0,25.06876068,15.99789221,120.0583231,3.916184237,15.53989906,2024,577.62
2.323901342,48.98896137,55.75784813,0,17.3786475,16.35385041,9.442418011,4.55650035,17.35376621,2024,404.86
1.931712761,66.32716643,49.39701934,0,35.17674663,2.772752823,219.2248619,4.515521369,13.1462789,2017,520.69
1.5909064,42.29502628,75.48223505,0,66.15479112,6.76717739,240.2394853,4.659303914,15.10346291,2022,533.09
0.12585367,63.62125486,86.73230163,1,81.60679542,5.041034063,11.09208067,3.441052831,14.34149873,2023,733.25
2.905466333,86.06556075,60.27377108,0,68.33135228,19.71532365,468.1234758,3.607944233,12.04255871,2016,655.2
2.396142575,71.72331601,61.37854153,1,71.14854574,22.60319646,35.31519475,4.557041218,20.94586392,2018,699.88
0.87846611,51.75172364,87.00173835,0,48.38368854,89.24269315,8.784991515,3.704177092,7.938706863,2022,697.79
2.939910988,65.14397941,72.5833678,0,15.15835085,2.281544386,0.507999585,3.23928351,26.80441086,2019,483.02
1.805644769,55.18669651,71.54353557,0,40.89558838,27.47882158,52.51323043,4.266298244,19.38681105,2015,500.29
1.747267975,60.15760369,47.13625241,0,44.82471176,22.42800769,99.3738853,3.72639078,6.110122326,2020,621.81
2.244219538,53.48777896,75.18092104,1,40.05895026,21.78456287,40.37354796,4.894895385,13.87916835,2023,651.08
2.435309364,56.71329588,51.06295489,1,51.09389731,61.94469633,181.2272626,4.148092277,14.15727042,2023,767.59
1.969435822,64.24186706,47.98969721,0,58.8283952,6.902721463,126.0918096,4.080129643,16.95943314,2015,595.89
0.384287239,40.13282601,59.79842635,0,67.06030376,1.248834396,43.10314577,3.815378054,10.05310865,2018,571.08
1.014802518,39.68242346,56.21310915,0,44.43760271,33.46709342,132.5423809,4.795417667,15.16012672,2015,469.81
2.784250921,32.22914892,61.67600458,0,11.92481189,12.70081427,282.1572886,4.17927723,14.39440301,2021,430.38
0.673846836,27.99457791,43.38527548,1,40.34244561,0.532393716,9.77186763,3.795750241,11.31190819,2017,452.13
1.116501072,35.65434616,79.3822446,0,50.87420794,8.685472871,36.54331282,3.602958147,10.61623884,2016,573.15
1.296230649,63.18925014,81.91529442,1,74.45615844,11.10265403,62.23643317,3.963263473,19.59402323,2022,749.88
1.318214969,42.14424969,35.78986289,0,38.64384316,28.77895158,68.91354937,3.511176581,6.5170873,2023,472.96
1.838818747,70.27228928,79.67686708,0,60.25087257,5.683495671,78.13133584,4.514438721,17.38939468,2021,645.81
2.829227513,60.69427498,52.84207055,0,55.80175799,15.98469148,35.7570926,3.095828973,18.98755153,2020,646.33
0.722078135,20.62991573,77.85463305,0,50.87801066,19.76094914,110.0392811,3.930242986,13.90720831,2024,510.67
0.364504129,73.09951168,63.97330261,1,68.61066639,18.44324692,103.5875556,4.305066773,15.2618642,2020,718.49
0.59241147,76.21597291,65.43163346,0,36.78317606,100,86.23270835,4.17105971,20.817475,2023,728.01
2.660774701,40.1227465,62.22353526,1,38.49627101,1.397162269,12.07694274,3.641358513,11.47574245,2019,719.85
1.937432438,68.40383086,83.18193806,0,49.76198354,90.45857806,64.81124231,4.330129353,11.99173786,2019,730
0.857720368,42.87003525,46.40617981,1,37.1970699,26.16370956,44.04089247,3.556980306,12.52258159,2016,624.57
2.447840817,61.95340753,74.11760508,0,60.16024582,47.64904334,67.53828445,3.988807672,20.826628,2020,623.81
2.584109989,34.71003186,81.51995247,1,35.73615391,16.88423877,254.9335552,4.325920786,21.46146873,2020,661.44
2.539543016,24.13787095,75.74510121,1,54.52608415,18.1451828,65.49488036,4.23145639,8.020548828,2020,597.37
2.756779601,52.34365621,99.87048371,1,47.99654462,63.44000158,1.407944368,3.662480494,20.03120374,2018,808.32
0.756723061,57.52542107,57.06579856,0,54.2985193,67.88204204,57.77433963,4.598747258,19.09454153,2021,572.22
2.265125786,52.04640613,79.35957234,1,40.8051721,8.181395282,171.8405928,4.043347286,22.76797405,2023,738.07
1.381618492,36.31938884,63.40864047,0,43.21823411,6.665890449,151.4404695,4.371497705,16.92554016,2015,441.72
2.525995659,52.00201876,83.50109115,0,51.92018536,20.56937204,72.02924492,4.764550503,14.7786994,2017,696.15
2.185472031,65.38589505,64.88466506,0,54.04149012,69.16077626,28.7374137,4.558760274,20.72608343,2024,658.6
2.329342339,59.1021394,59.18186327,0,49.91596169,11.67395594,62.56542709,4.560064703,18.49451896,2023,576.87
1.968485513,63.65002061,84.59108306,1,84.10724713,31.66784395,82.94302858,4.096339965,26.22449207,2019,952.55
0.532286308,46.59769599,57.62657091,0,30.18526163,36.94563271,895.9101412,4.39696756,19.79353922,2020,437.67
1.635080757,83.43435829,43.80911362,0,48.7159241,45.24364666,103.3324927,4.106798287,15.76773988,2022,560.14
2.954009219,36.47653327,57.24729675,0,18.52741956,24.89819367,118.5036337,3.395337766,9.129478098,2023,449.31
2.812164199,69.75120594,74.2854942,0,57.44162957,15.44777948,67.61998878,4.151371896,12.09541411,2022,673.99
0.129521207,83.63782186,85.88058127,0,27.69506927,100,43.7713881,4.128180492,7.82022511,2017,804.99
0.494444447,69.61816185,66.66694063,0,44.43379488,28.35079688,167.6395269,4.291864681,13.92468982,2024,606.83
0.39518632,55.94951546,84.77295601,0,42.55871349,39.12100076,68.30628475,3.936001512,19.63033797,2015,630.65
2.17793973,49.43405907,44.62737618,0,55.61782253,12.69281562,523.8187919,3.619272222,14.98164456,2019,407.29
2.45335599,80.72175302,58.35104803,1,38.94418165,33.25525918,61.08680358,4.328253042,20.10862634,2021,757.56
0.640534099,31.54050149,60.67137324,1,38.09388605,8.944001415,7.042276864,3.343363856,16.68786867,2016,545.3
1.517558079,40.59751479,63.28160859,1,78.71712928,8.434977167,114.7523592,4.729409568,12.98453855,2015,732.08
2.522109084,52.04884469,66.26141582,0,55.69133581,37.62875529,4.776421411,3.884290969,15.43812578,2018,590.72
2.198404634,84.75307515,75.36366436,0,38.77898296,22.10637316,28.8351092,4.122764086,17.36048346,2017,664.79
1.626711616,67.59535272,58.32789743,0,44.98332656,34.49179422,43.65506758,4.279279077,15.69611699,2018,653.25
1.771043071,40.63908483,67.0854303,0,82.90709905,9.418255493,134.5089409,4.295344022,15.75342114,2015,509.28
1.525081641,53.79384589,64.32315665,0,45.29670243,27.39312501,68.16849761,3.29550785,11.15474946,2016,406.35
0.892645354,47.71353712,51.11165144,0,36.21446754,17.6060297,2.906423381,4.41204329,12.83511867,2015,379.25
1.695065979,45.80422016,63.29499966,0,36.300077,27.26160534,95.93283334,4.151576914,26.29230398,2017,467.33
2.066655906,79.57779117,62.84510705,0,39.01747038,10.3119041,53.00700105,3.682369308,21.14233245,2018,670.44
2.619968748,32.56513741,62.52379152,1,38.11004555,37.70549042,254.8927033,3.625166525,7.630795516,2015,785.67
1.908874062,92.17561711,65.47639185,0,24.40704303,49.18599283,69.22721858,3.832973459,3.165155212,2020,597.14
2.283364611,76.5645938,66.13510311,0,27.51599806,9.02976678,123.4346606,3.350629157,15.38096211,2016,555.65
0.480214905,81.81723341,58.51557231,0,33.41359251,10.72685554,24.70117596,4.861133695,19.46736447,2024,524.53
1.384672423,50.74120976,84.09072101,0,61.83142037,32.46631044,143.1181125,4.743075663,12.40029081,2019,709.9
0.027994859,57.00118562,47.45779056,0,42.37525425,35.68091849,127.6383333,4.2258501,20.10829364,2022,525.36
0.740036594,31.33696371,54.18544837,0,45.85676622,36.53197959,234.4258581,3.888300792,15.29827283,2018,403.94
2.179385145,49.50675186,100,0,75.40176051,34.43708604,3.440682591,3.901446006,14.1846936,2019,692.35
2.975429854,69.87309695,49.43012968,1,75.900143,14.96729286,59.33031082,4.379032853,18.78057588,2023,729.5
0.297534299,85.92126124,44.69367988,1,44.35750114,15.06854969,113.6798394,4.87891345,12.34062104,2016,755.85
1.204482948,37.85686366,76.01715118,0,37.38272979,8.823788703,10.00014567,3.71480163,13.56646839,2016,448.32
2.400212906,52.68988126,33.84320219,0,32.71139373,5.11773206,52.86571092,3.441206979,18.35083631,2020,292.39
0.612106904,56.9740156,61.47089135,0,63.85551539,35.38595591,284.9843107,4.773820387,14.84302031,2020,716.55
1.665254848,32.08421596,97.18737388,1,45.90585533,2.934629815,57.25848833,3.106430706,24.54388137,2017,688
2.199213888,71.82698484,41.82596117,0,42.27010219,83.31828841,422.706144,3.495734596,18.46912706,2023,533.28
1.847956351,45.52019337,35.27053271,0,33.7267085,52.57956159,5.851834398,3.876571054,18.14406914,2015,491.38
0.564074204,56.09219298,42.51228197,0,34.60667182,58.45360681,126.5244759,3.219783266,14.75247677,2017,558.29
1.066153706,50.96101256,78.47539353,0,56.40116383,71.14802935,86.99231098,4.556074531,19.37377338,2022,697.44
2.351375353,44.21322989,81.8716508,1,23.69123468,15.7581323,69.42271177,4.428452635,13.38696114,2022,771.59
1.662679542,59.85910029,57.31116805,0,69.89737388,56.26089635,353.5211227,3.712603386,16.41188876,2018,691.11
0.015688841,55.68780843,75.24818606,0,39.32310712,5.161442118,13.88603095,4.63980706,10.41853476,2022,570.32
2.28297228,52.56284235,85.85382991,0,47.00728111,0.656382385,226.33543,4.724646214,20.19720696,2024,637.79
0.105934065,45.43076757,91.81019622,0,23.26044084,46.09836712,117.5192334,3.943414676,16.45302349,2022,594.16
2.237201348,66.39049342,61.30497078,1,49.75268124,2.332251769,29.97493545,3.774665911,24.91256532,2015,725.16
0.60744168,93.07234537,30.47792423,1,43.43358115,100,231.9417421,5,26.96149192,2017,744.72
2.87422044,62.79774466,52.68681616,0,48.99838802,33.69911767,56.08826964,4.360580911,18.81659726,2015,671.23
1.103822254,79.9223643,58.59793708,0,79.43417797,42.00567873,168.3231547,4.128162326,15.34212656,2016,718.56
0.980794849,32.1955615,61.11591805,0,53.55396092,8.463084217,49.23907894,4.681772973,10.26967744,2018,502.68
0.446664151,63.15522879,62.18210898,0,34.10681632,33.61335242,190.3344835,4.150965318,19.52374902,2017,519.79
0.916812646,38.05263362,81.78341897,0,35.77360179,1.325452003,101.2331254,3.747189707,16.05142282,2020,478.87
2.629952285,30.46150145,84.1164264,0,61.90262372,54.57251157,15.20406467,4.04007988,17.6901742,2019,685.13
2.989003013,45.21257185,62.42489519,0,75.97386582,5.576303423,104.8860197,4.519327144,23.64893694,2019,680.05
1.104928592,83.83798669,81.47727314,0,55.63836042,35.85614733,21.23826118,3.003907217,10.87788356,2024,745.26
1.345831893,79.00031657,70.3649205,0,63.77425489,7.626664596,53.08967545,3.85598463,10.37847916,2021,595.36
2.166212815,64.86009444,65.96758959,1,62.19475447,2.127264475,18.66857672,4.691528699,13.81787031,2021,594.51
2.658587341,29.3459888,78.59816236,0,78.38128827,19.70409179,2.226208727,3.744065799,19.10600575,2023,677.61
1.779133003,56.07438697,66.08378072,1,11.00819655,5.564098804,23.8113214,4.77305428,17.7743362,2022,810.27
1.174577095,66.03400018,95.86716766,0,63.34437879,39.21828405,76.86728236,4.70737191,10.52155744,2017,729.93
1.237865523,63.51072459,43.4238325,0,69.67472088,8.137173786,65.69328431,3.967235442,18.7827645,2016,495.89
2.086854439,23.12412833,57.27243651,1,23.22552588,12.57806329,69.61458632,3.715730348,8.993935906,2015,571.57
0.009654791,42.19364304,63.10221655,0,32.28663632,25.14097509,28.46026567,3.856320563,10.81129163,2024,409.37
1.858768012,58.71844472,71.59179036,1,32.98434503,10.06285111,115.5694519,5,14.42271341,2020,796.35
1.066479031,70.72581819,84.01940731,0,35.42419607,14.24388242,121.8285703,4.937212223,12.23284377,2018,670.36
2.382591994,16.07744358,64.63402149,0,40.36565898,50.72298117,44.31168606,4.062695486,19.44929744,2017,506.44
0.278971919,56.75752049,43.66655526,0,54.85205626,5.924634138,213.0062123,3.695923224,16.43189242,2016,399.79
1.764606801,62.8609754,77.63770845,0,67.31349302,2.573325266,103.2889766,4.058520518,23.82780589,2016,700.04
1.44291867,76.99223977,76.32438149,0,71.62633916,11.94088496,124.840992,4.121913463,13.76407317,2018,653.38
1.926976578,73.85715168,35.87212011,0,33.24353878,16.56905825,32.48163167,3.378320631,14.38898924,2015,536.69
0.194560783,71.65142638,64.94293799,0,33.10594003,23.46979838,0.061182228,4.040020635,21.05191305,2020,581.18
1.739951362,44.00118987,41.14787254,0,76.3164368,13.97670047,200.526669,4.661202162,14.54539598,2024,640.2
1.684453764,21.83995726,55.03023354,0,62.93487871,46.80682085,172.8358758,3.100321659,22.47002624,2019,513.59
1.681980283,52.13894486,51.4578661,0,51.65729684,1.203401359,13.14671111,4.413291983,17.70414105,2024,759.02
1.810463,80.0326365,77.13897047,0,59.46673351,16.95674041,46.85728692,4.687398985,3.236067651,2023,759.17
2.029403812,87.86909055,66.75245261,0,49.40392436,14.45043026,108.2756583,3.719721327,20.88785207,2016,653.93
2.414966999,74.21098205,45.71613499,1,60.49169366,31.28782051,105.5871405,4.847087879,19.56363407,2023,700.99
0.80946216,68.58681646,78.20098944,1,43.27866607,100,196.8618384,3.654831469,19.75666303,2023,898.49
2.475148231,67.59279297,43.49291264,0,55.37609869,21.42348952,15.11347542,4.220541331,5.445108107,2024,554.77
1.494767047,48.87762506,69.95170686,1,19.78907899,100,56.20132181,3.846613658,11.68505019,2023,668.79
0.231174837,57.39879413,52.78983996,0,36.2443141,10.79680618,10.22812813,3.846501821,12.05647583,2024,436.97
0.175652788,93.38139052,59.51484376,1,36.45977646,0.940637707,49.36330147,3.691350465,10.79439316,2024,652.42
1.002714956,41.14883988,72.56406122,1,42.51219934,5.433542467,1.522272557,4.34928774,23.70961266,2018,785.86
2.354690931,92.29557581,72.82174099,1,31.4697349,15.0819979,228.5463164,4.424402729,14.94116081,2019,789.31
2.123042804,53.55943691,85.0545361,0,39.32912748,11.40856956,74.87529114,3.9677889,14.81719529,2022,552.48
2.365844894,86.50864218,63.7661945,0,19.71171875,3.062780192,189.5802592,3.320015893,17.76004155,2022,649.23
1.551807169,31.86369981,69.59676294,0,60.97400953,17.00390093,6.177402695,4.201585083,17.84650834,2015,552.76
1.320596994,71.71808402,58.43394016,1,48.34972962,12.3799386,25.80690458,4.21100718,0,2024,796.52
0.44235758,45.26459728,67.72984824,0,15.89584784,3.924425899,30.02675993,3.891642494,11.76821231,2015,585.95
0.984578261,31.69465616,71.59229072,1,33.30340179,10.53429946,48.88871983,4.933615644,7.936057111,2024,481.85
1.302058099,64.37068085,63.52535229,0,56.73202855,65.26167635,162.3873467,3.218035368,17.00153047,2020,458.2
0.265801289,80.18943577,37.94374274,1,39.13956107,10.7881856,48.8669353,2.891358145,13.55553793,2021,729.54
0.661835858,43.10117123,69.97206344,0,36.0611708,37.54822853,22.89774475,3.63458255,15.07693782,2016,467.78
1.794675882,30.01968079,70.46842216,0,48.50814646,28.40613858,6.7198333,4.355212267,4.607401256,2016,411.73
2.206989343,58.16310471,54.79739785,0,56.8719507,16.71557331,8.282931404,3.472077681,13.45073888,2019,515.36
2.995042534,58.25129342,45.73419446,0,21.27295086,8.1946683,142.7313066,3.509514541,20.57565126,2023,385.97
2.799339994,70.96639255,87.13818726,0,61.00256962,13.81418136,58.84322571,4.475510668,22.04724742,2019,654.46
1.927695599,78.99189143,72.37168266,1,33.99413437,26.90252752,129.528842,4.231273961,18.5943171,2022,810.54
1.26374416,58.81169637,61.56378454,0,49.64144064,12.9582714,114.6607203,4.188530455,8.322673533,2022,534.85
1.908532094,97.1100663,47.94450675,0,49.29159719,7.258189144,14.54448908,4.39071446,21.29700901,2019,481.77
2.356954854,64.48469489,52.67277757,1,39.45867764,3.71465475,15.41866037,3.787403523,18.62001128,2022,624.11
0.355008573,53.07146988,84.53885595,0,29.52680508,63.54969707,140.7894025,3.810507963,14.41405483,2022,555.24
1.229714669,27.76865282,67.06492911,1,44.28626904,17.4113261,127.7505585,4.404889636,4.874818427,2019,581.38
2.519406857,54.74680959,56.74119399,1,82.50660618,29.44154796,47.48646519,3.32755661,19.76797475,2019,708.76
1.151498856,53.27226109,72.64533847,0,22.76649939,20.2244852,8.058363923,2.928640077,12.03916835,2018,571.3
1.715616814,79.20609593,52.78402719,0,83.84626038,61.80482289,1.21717984,3.783357913,16.73082911,2015,673.33
1.763308083,69.24967248,87.51264545,0,44.80557658,23.75158051,33.98978265,4.465436645,15.3419693,2023,740.4
0.553428759,36.41261757,85.29200802,1,50.70742834,19.66290973,0.926506203,4.127779849,22.69197492,2016,527.21
1.086706325,63.44508773,58.00138893,0,28.26578377,77.54883419,26.14590817,4.428645752,14.37316507,2015,677.83
1.003533866,73.43062343,55.56994629,0,34.57461167,38.15573113,54.3866753,2.991852845,14.92443205,2020,656.56
0.078590126,90.56062719,25.72800202,1,39.941807,3.548304099,12.94434913,4.157748404,22.89307695,2019,542.9
0.072575292,77.75007935,42.77628843,0,29.08610058,5.869662369,11.01249116,4.326932252,11.70888878,2015,404.06
2.495091131,75.21693309,44.90795338,1,45.82164085,46.41120303,226.7579363,3.324601289,19.07161426,2021,608.87
0.81921243,61.20171989,67.02785511,1,41.85968216,54.20948051,88.06100007,4.431028795,14.00692139,2021,720.33
1.554236299,67.76624011,60.10649443,0,87.01562285,23.63632058,272.5028827,3.944240552,9.98729019,2017,763.69
0.896176721,84.99009801,44.81996769,1,26.68051629,24.25372616,42.43821582,5,15.00580493,2022,618.82
2.822037735,33.34445205,60.78253936,1,52.05381033,29.98470574,113.0551779,2.911381966,18.45852557,2020,711.98
0.777890277,53.01121346,72.58005721,0,54.95692564,17.34722298,22.90254089,4.684557184,21.7685492,2018,491.11
1.288970438,44.54862502,72.91759025,0,28.59358903,34.20170213,96.32259504,3.802920952,22.37346993,2024,507.52
2.618190751,67.58306237,36.50494579,0,63.73654991,3.444864553,13.87860083,3.191424143,13.52617963,2024,525.15
2.5258007,84.60444351,63.07604779,0,42.03345974,97.54138349,0.208280671,3.736522428,10.06375384,2024,776.52
0.558304254,48.06051427,44.24988835,1,0.152206968,41.60741544,268.1385896,4.138739621,13.4063055,2017,477.41
2.407929929,12.19391265,78.52593046,0,63.19699224,29.92292532,80.94436681,4.518733335,9.092346233,2015,670.53
1.37456066,51.7555851,76.76219625,0,27.66118232,11.40804947,261.6483329,4.860982144,13.913069,2016,650.66
1.448906616,78.26947464,51.52959161,0,29.04450108,5.264745589,40.6212673,4.710946544,13.29167358,2016,517.89
0.400439917,70.75259806,53.50932196,0,63.75804166,15.79559223,39.71786397,3.51730899,18.63745102,2019,517.08
0.241804541,68.56372496,58.08099424,1,43.05677035,32.5037376,51.19178897,4.565082346,3.9703241,2018,631.03
2.183817921,54.40013396,31.20809908,1,68.35544301,30.12987627,122.4314923,4.195642479,11.33196027,2016,716.41
1.489383457,34.41938528,70.0395226,0,74.20332191,14.46914483,83.4269907,3.67269849,11.37240848,2023,519.04
1.310552108,70.30588643,60.9073318,0,37.10143079,28.50212687,259.5010492,3.894044703,20.93563626,2021,455.86
2.188524686,43.3143638,79.55262624,0,65.86524992,50.41968811,2.577011655,3.64507867,9.430778113,2022,567.5
2.296538697,100,48.52386173,0,34.89078397,0.799091765,123.1672722,4.018546171,16.1332868,2022,644.12
0.476724503,71.41014417,55.71315578,0,94.66231834,17.9690045,40.09667748,3.635171059,14.35935793,2016,526.52
1.830675448,48.38703395,42.40212113,0,36.14085991,42.63343564,19.87359206,3.486002963,20.21521263,2019,448.97
0.406062247,47.77229505,49.93564155,1,70.52174882,23.69929045,71.41576069,4.239559564,17.97915932,2017,637.07
2.254125258,58.14111587,47.27027006,0,66.87580052,31.62145311,70.33263816,4.314365274,15.60621866,2024,465.6
1.970865469,55.20996156,79.93960518,1,56.32175644,21.81206565,14.73533675,3.9062015,12.22666563,2023,756.53
2.869843863,82.33667551,54.52607227,0,36.58913677,100,22.55164345,4.683825652,5.738287484,2023,724.3
0.206874049,63.72832339,66.86263527,0,46.97205016,1.685098235,52.4526833,3.869784707,16.23542828,2020,380.33
0.171164163,45.36736522,59.28854894,1,6.928237741,20.26185974,52.56202133,3.848612727,17.65244899,2018,523.02
0.846561224,97.8088137,45.95802101,0,54.48840077,2.876056191,38.20779418,4.330244491,7.125661938,2022,635.42
0.785117051,60.98616663,62.47549365,1,56.99230662,5.222944096,16.08088061,3.933787208,8.831529178,2019,670.02
0.740936397,75.37679352,73.98654998,0,52.66998838,14.4884524,0.438327162,4.042398865,16.26164987,2017,663.06
2.718763742,47.83546985,46.88360911,0,0,5.071740525,351.442417,2.739780765,16.69570843,2022,395.64
0.7486386,67.26231255,77.13669186,1,24.6872711,99.46752136,287.3501007,4.008353692,10.04676345,2020,852.49
0.815849178,66.22219982,52.25418618,0,35.03818034,88.00514203,66.09711832,3.086402031,12.12967643,2019,523.98
2.278194787,22.20701416,57.75524111,1,55.83317866,12.28914819,530.8721962,3.389524715,5.817555807,2015,458.98
1.349219527,100,72.96024685,1,55.78677811,30.62852079,111.9798124,3.332338731,21.88631952,2017,714.38
2.330131671,85.81288922,55.04845764,0,46.59552416,22.8912129,7.134299258,3.478708423,8.500627963,2021,559.86
0.196098473,52.05609368,65.56362289,0,62.70491073,50.71732097,12.52437718,3.72557307,17.71129696,2017,758.04
1.462713581,37.95460519,60.27963757,0,29.47515249,29.62116714,247.8258921,3.756753692,14.82519652,2015,410.13
0.100840801,66.95123228,66.9405201,0,62.20470011,0.007574591,99.43933702,4.332137602,21.4479681,2022,533.08
0.18795961,61.73395399,29.28891342,1,59.4948421,43.21293639,185.2679755,4.111193907,11.03872954,2021,594.23
2.71931236,67.11337897,37.55477277,0,57.55109466,41.21296978,228.542959,3.049462786,15.30626355,2019,539.48
0.417736113,63.83154792,74.23950509,0,46.35919138,21.38352423,59.41021862,4.041647319,6.507865454,2024,749.14
1.597262047,70.12481979,80.55772108,1,86.6148765,69.96627965,4.9742867,4.159127623,5.307365815,2019,773.69
1.233286808,88.94611399,51.34269945,0,59.86391377,71.72485691,20.86002557,3.835716742,17.98166792,2020,873.08
1.042029979,71.3620641,61.33957472,1,30.63328273,22.26455666,6.88913916,3.969557012,6.074870805,2021,672.27
2.699500037,39.00689002,69.42078879,0,54.96610951,28.09390252,20.91664942,4.095155063,13.85891233,2017,663.52
0.06547019,87.25125705,75.39826402,1,65.04966754,100,52.85364155,4.382299799,20.05647724,2018,904.56
1.991369059,92.81229127,34.58484092,0,38.23782802,10.64972951,12.5786389,3.212560006,18.73342428,2015,583.85
2.890183303,100,51.7093963,0,71.78544494,11.77427101,18.24014574,3.877841481,11.67707256,2021,625.51
1.68050455,37.53011934,60.0113093,0,57.64067411,6.055184444,59.0268951,4.754168049,7.057484318,2024,425.72
2.810467386,64.85764026,75.54710296,0,3.150433247,67.86257299,41.57744933,4.708330654,17.54747431,2016,843.74
0.156773638,18.35802594,100,1,55.99343955,40.9346229,63.04693723,4.425468464,21.71128391,2021,855.92
1.256379957,71.06298313,61.5799141,0,41.87941691,3.34950257,56.06673893,4.268412342,11.68880961,2020,476.04
0.780473373,49.03599404,43.89533807,1,60.74359629,100,103.416822,4.827317374,10.98343571,2018,792.38
2.192462895,98.4689159,71.03402116,0,68.88429681,39.38704682,276.76338,4.958924001,12.37549019,2016,885.89
2.943891271,44.5077006,84.81493684,0,53.90324094,57.01820362,11.4137071,3.935460006,17.85804355,2021,743.62
0.769590187,26.21633924,66.62021181,0,83.30504468,1.480459462,10.4538797,3.515283778,21.14258803,2021,494.77
1.962523804,50.57472519,51.40027182,0,46.42586231,21.09355704,191.6004589,3.864853841,8.801965943,2019,684.03
0.594292898,20.49024458,79.36990912,0,62.49635646,35.97933925,70.60231303,5,7.508590953,2023,640.92
1.695990764,75.02198909,74.95318428,0,66.09885147,23.48865036,145.4166533,3.215321829,26.69998161,2017,587.37
1.39179746,18.69833907,49.60878734,1,48.05308062,32.95664062,24.26091625,3.76473043,14.11338606,2023,513.22
2.916015989,60.56915162,70.72138426,0,65.57548616,51.09170619,176.528838,3.293654424,16.26446398,2019,604.35
1.825581818,18.4437636,79.95898351,0,38.10654026,14.06830476,257.500587,4.062381931,11.5403458,2016,487.21
1.048519116,53.59404391,82.72835064,0,41.54863162,56.64850934,100.9182132,3.398654486,17.44981155,2023,625.96
0.342287355,92.86756312,64.00326537,0,23.75022619,5.334929408,11.19141902,3.945624489,19.80030437,2015,611.28
0.453740486,67.21295783,59.62880831,1,54.82818233,9.477757682,225.6606632,3.02495242,16.49898086,2015,689.13
0.67595079,42.7301279,83.40910733,0,56.50503352,1.329393063,157.2564796,4.308810333,23.70429039,2021,593.59
0.752899984,59.37593022,46.84759246,0,73.58526317,13.59684084,138.9811646,4.611172628,13.36627705,2017,586.92
2.551848174,60.36033744,71.57868936,0,65.82280009,14.33669748,3.74196525,3.808028189,13.68558763,2022,727.68
1.683668365,69.45260692,44.44960059,0,44.30408887,49.08433086,160.4263947,3.932434996,16.15703176,2021,560.29
1.570172734,32.66283273,80.98064408,0,26.43640625,31.76421424,14.84431775,3.918296385,17.32480823,2021,338.16
0.344306616,71.85134548,61.12931727,0,58.65700805,17.21948941,25.15252485,4.090455338,16.13973631,2015,752.45
2.58041908,5.912167368,84.02874853,0,72.21506345,31.67641133,86.07019093,3.980915207,8.577924865,2015,512.55
2.16844291,47.40230895,72.37119135,0,65.10369948,1.626823123,30.78586208,4.384058476,16.56257583,2016,644.63
0.203005086,50.23452315,46.65169655,1,71.6895505,5.963464051,108.2782857,4.616519567,13.12913208,2016,580.05
2.123505292,72.66653652,86.36941598,0,45.76220938,29.58111212,93.66731689,3.592964389,12.09511493,2019,800.24
1.630614652,60.45261705,88.268679,1,40.66762064,30.7636558,11.44568712,3.845335754,15.16241027,2023,674.73
0.245176037,31.88873892,78.23429739,0,35.26197296,44.63448877,106.7156005,4.450809724,10.19238656,2021,490.34
1.374901925,40.30013748,53.57618202,1,48.88207067,15.47513286,257.6428823,3.289165476,9.323043381,2016,532.44
1.454088861,63.97360019,60.40979068,0,48.42818408,38.46387923,17.56755765,3.014639359,1.9226552,2019,634.16
0.49732362,58.41865316,67.18140826,0,54.13355257,34.55852486,90.8972627,4.113157976,23.73618664,2019,605.82
2.837094441,48.41751781,54.44434401,0,47.41405086,99.22578408,41.83457667,4.248173206,17.7786566,2022,711.02
2.549926114,50.38332421,90.38519859,0,47.32744541,7.267124055,61.54672715,3.638849906,14.41617939,2023,636.72
2.007067012,73.92335994,67.16489708,0,34.46611894,24.06741128,33.82741097,3.710674473,11.66388382,2022,681.1
1.386886683,49.64614854,24.44977929,0,68.83238027,27.62134784,43.71580191,3.619903839,0.61983859,2016,555.21
1.235296625,58.23817512,70.09033719,0,51.53036124,100,2.933800458,3.56653738,11.35735562,2018,821.32
1.952920401,100,59.77763905,0,46.51112131,6.738744767,399.2785109,4.34674791,18.57933169,2016,675.29
1.636295608,31.52634726,63.87610166,0,35.05141494,22.22087873,98.02958542,3.409750757,19.71087152,2020,494.45
0.186819318,22.96314537,59.47070951,1,23.36173779,12.74793938,69.45593582,3.867238569,18.21145997,2018,615.27
1.537507946,75.6717933,77.10569625,0,76.15928385,22.38966534,48.40463272,3.547331916,15.79195978,2021,800.41
2.419210852,46.42713877,81.79531668,0,61.09277416,7.923990315,77.51700583,3.272355512,21.51937073,2016,637.02
1.377719633,53.63524945,69.24579743,0,17.52164315,1.463494846,47.82067812,4.435089087,13.35731389,2023,384.62
0.155869733,44.37687244,59.91033219,0,65.26284601,25.49862333,44.61432497,3.740087389,20.42594458,2019,393.04
2.358834598,54.80399718,64.37994193,0,68.4496234,12.27761249,62.35213873,4.09422004,13.07708778,2015,655.16
0.604091346,91.97076224,65.29399425,1,52.48752245,6.024639268,32.29404527,3.24596206,10.59429346,2017,764.81
0.775862505,76.04256917,52.9635494,0,81.96221792,11.74400673,19.85117942,3.629030273,9.971435098,2018,557.95
0.49411906,77.24447024,73.68392973,0,54.33439284,1.516076958,81.32962841,4.37804394,9.677517894,2017,647.72
0.990645195,31.67545888,71.90063486,0,21.66352944,90.13848905,185.0016551,5,18.29534014,2020,514.16
2.270254517,36.97692527,88.1066186,0,57.30338002,26.10712321,16.58517451,3.011891968,11.28627214,2020,660.35
1.558157579,3.21842681,83.8302467,1,54.89794603,50.58449592,3.328209593,3.899446102,9.834855775,2024,705.88
0.614643822,43.81238358,54.71487624,1,37.93406302,16.50353646,28.3440076,4.206140299,18.5686761,2021,612.09
2.633490234,79.13406373,77.30447562,0,61.47117674,70.08880708,389.8151829,3.691949923,16.63985195,2023,810.45
2.638745565,70.33893031,50.73569925,0,16.64669468,19.80984329,176.4677949,4.424760993,19.81295991,2024,506.34
2.611735275,55.56973474,75.43898151,0,69.81133655,25.59562768,90.60089053,3.566633665,17.56299756,2023,647.7
0.716388634,59.55399433,57.25078702,0,32.43756593,20.30605088,264.858741,4.07692383,11.2344421,2021,605.57
1.353718033,46.22228915,49.65120165,0,30.3010775,39.64648412,58.9290205,3.738964048,15.38051208,2015,509.37
2.954968968,64.09517765,69.20068014,1,47.72350455,25.08670765,409.1185711,4.609715541,15.62566495,2017,784.17
2.316037429,75.31756559,24.88149308,0,58.65945856,9.5071036,35.14060563,3.661817748,10.40420671,2019,519.26
0.081502264,27.68226425,38.73536638,0,53.27848127,4.7185512,27.48392286,3.824063102,9.47687513,2024,434.17
0.195613774,65.99295376,62.33762174,0,35.14681668,27.95160382,101.6244228,4.472844519,11.59639195,2020,633.34
1.39179413,78.64869742,66.2366265,1,39.87821418,20.15213778,47.50627538,3.48598067,25.18291178,2020,640.43
2.727660618,51.69799422,59.46021845,0,27.33915305,3.026971043,98.44773445,4.034375028,12.93627953,2019,546.26
1.616105394,74.01401224,41.30845552,1,45.50640197,15.1064384,36.3836985,3.088732828,21.16433396,2020,589.52
1.493437524,100,52.73162237,0,71.50042429,21.69436526,96.21207059,3.456033271,12.65669745,2023,709.6
0.3164211,57.91314414,70.86813991,0,49.91474125,52.61540188,32.26134792,4.191065638,19.4441941,2015,679.31
1.970340314,67.866141,73.72672656,1,67.1882851,2.374577433,5.231704858,3.504651245,19.51245828,2015,607.45
2.466309482,45.23885833,64.75665324,1,79.10802675,12.85412227,243.1963998,3.727713534,19.76295254,2023,618.58
1.141260023,63.62502325,82.35250672,0,38.23962962,51.88993865,214.7336746,4.246543201,16.93913671,2022,612.97
2.326835553,69.2054325,70.96095535,0,46.26853494,31.35987542,353.3523191,3.710406929,21.88683289,2023,582.82
2.893429962,63.89684681,53.78816519,1,93.42385722,10.27294827,126.063902,4.411421037,16.89176985,2021,752.58
0.611299377,39.60609361,60.7924692,0,78.88686824,55.99483741,114.7974326,4.107831394,23.56764865,2024,747.25
1.569988894,64.12723543,43.95700764,0,16.55190948,20.39470492,81.87173652,4.217841556,6.900400984,2020,568.61
0.861413874,89.24391877,63.37791514,1,57.74296632,20.69569151,13.46090203,4.620482799,16.74143124,2023,720.51
2.378563257,68.97271529,81.68150929,0,50.01119985,100,20.97774161,4.159911531,16.41661796,2016,857.39
1.732780098,79.23974378,75.27935127,0,66.52906222,88.18991878,34.17436704,4.769423645,10.31740077,2018,812.99
1.903747253,55.2597606,86.03013989,0,35.10042465,13.31991134,220.8697402,4.455631142,17.89792111,2016,630.69
2.393742479,74.99800479,60.45672134,0,33.20783256,4.54489566,18.99137341,3.738273785,7.549586622,2020,487.73
1.187911418,65.58535676,85.19149692,0,36.47858569,11.82092483,256.2304128,4.646574038,11.72907837,2015,514.65
2.745270205,40.98178541,62.1004366,0,38.56142908,0.928726144,73.9789692,4.13193301,5.004560936,2021,568.76
1.599086602,66.3704201,87.07377624,0,66.30648334,0.62959717,125.726682,3.802660146,22.79313258,2021,662.75
0.473864469,40.16606673,64.67214879,0,26.37597654,15.10170686,11.68085581,4.139192848,13.84225253,2021,501.3
2.087697355,47.3423945,75.60847061,0,37.547722,84.91661608,31.33877146,4.556163412,25.83442017,2018,792.7
2.379784051,63.78656615,87.12668546,0,14.21975219,61.52150416,318.2510342,4.227522547,19.01474963,2022,650.68
0.950285031,65.94488547,62.09858557,1,70.14235647,21.48896372,30.94505586,4.911196416,17.24049107,2019,715.27
2.571537771,36.2153507,68.27583481,0,75.42060199,24.987894,35.17182777,4.543265279,12.06886153,2016,760.82
2.718429764,81.07971542,84.33295138,1,43.45853138,0.178535096,22.01447832,4.261580017,9.768249822,2019,782.4
0.830713462,71.44012557,63.00495254,0,44.0410127,7.281305404,13.81978813,3.486965959,17.61485787,2024,486.76
2.950564418,45.90543129,45.18661576,1,59.06443805,0.752585104,26.56044421,3.910133743,14.64242995,2023,665.19
0.422134584,29.24830407,97.14510582,0,79.48964015,42.13858122,102.8135816,4.03583207,8.303648423,2024,663.37
0.606047005,57.10190842,57.95353303,0,58.17221495,4.722282373,60.76444524,4.348315751,7.415707917,2015,469.45
0.552674518,51.08112572,67.38134076,1,36.04916115,60.98752744,80.68890246,4.318666521,10.20648135,2016,693.26
2.68196913,62.26280914,82.34010004,1,17.62354856,30.92785055,13.05242942,4.084770205,24.10483613,2024,778.62
1.962877657,52.73766678,55.87259144,0,27.69747475,7.818302502,162.0076538,4.060174958,26.06638959,2022,384.4
0.45631285,19.85086279,49.8819813,1,51.46438901,5.149294647,153.2915396,4.360228448,16.02494574,2019,406.16
1.320970255,52.23306123,68.80605945,0,36.89344954,29.63559194,2.182638307,3.570706887,15.74471398,2023,544.25
1.845894075,53.88761778,38.10385403,1,53.89935412,69.32970358,48.37214409,4.84775791,13.31839814,2020,603.99
0.250392255,72.6732205,60.68140885,0,38.94151968,38.0137919,7.124963246,2.976416557,10.32757326,2022,462.27
2.647249105,46.03600651,68.67557996,0,28.83707137,12.85648474,157.0725884,4.727704741,21.87589529,2015,531.09
2.410810606,93.57349347,60.95072155,0,26.45936737,26.55710759,133.6627184,3.977407236,24.36788197,2023,718.35
1.515620321,21.76718899,41.84823585,0,81.24709019,11.16504592,232.2666321,4.501289907,10.53290457,2023,546.48
2.901379846,86.22334996,88.91266934,1,67.77975498,100,26.97163717,4.181920217,14.58580811,2017,993.36
1.253282938,55.51362058,66.55307231,0,84.61035904,41.44985585,60.93500829,4.173017205,12.7506685,2015,772.83
2.952330957,77.19169745,86.46728177,0,60.79901802,28.58721308,20.39389915,4.277127238,12.89880463,2022,899.86
2.003759996,61.59602968,61.09945625,0,41.40017183,16.51086703,46.39975968,4.404527145,20.92954128,2022,605.9
1.90401382,82.79111072,51.79982027,0,76.46681845,28.88200246,73.86535705,3.835584587,8.440192273,2023,649.14
0.497864686,52.25276071,69.0377138,0,49.33863997,12.53901078,5.480554971,4.517399565,17.33234845,2020,673.61
2.645783275,38.0275915,61.76319311,0,54.41683541,0.878688693,125.4811503,3.457764688,18.64119054,2023,631.17
1.282469064,88.41008575,47.33357813,1,49.14351242,15.08019449,78.37140206,3.997334713,14.28924413,2024,711.36
0.486700217,57.73038708,87.04676388,0,0,79.98457762,176.5852086,4.417984962,19.46533913,2023,717.98
0.03782256,64.43116947,55.66594666,0,82.09470025,29.52914616,31.71527669,4.49750879,15.7382592,2018,557.52
1.679267051,84.69503828,37.39600423,1,59.82007892,2.630716692,233.6360155,4.230394424,21.08564961,2019,490.99
1.582198866,39.36089516,84.92249081,0,56.59646122,64.88302849,664.0980011,3.803303781,7.388973475,2020,597.04
2.158060867,71.90981795,57.43552976,1,48.76447875,9.395118875,251.6997353,4.448353889,13.25612369,2020,710.52
2.670774159,48.20210487,55.88264161,1,53.26855641,8.382271378,150.4593671,3.66531688,14.64093429,2024,629.65
0.238219754,57.35661289,38.51918619,0,38.05442128,10.57583389,167.327696,4.875704537,1.638963078,2016,532.6
2.194489471,61.44557931,91.1141223,0,62.33158705,25.82583942,85.27157432,3.957664551,9.570236332,2018,592.72
0.562235832,29.99556277,45.65779119,0,23.85803311,23.60317758,21.09110036,3.230187153,10.93200373,2023,256.04
2.574531159,44.42325914,65.87674221,0,53.72136865,20.28361411,113.0228924,3.402658266,19.74102997,2021,620.86
2.457190542,87.02145785,78.68930484,1,61.23146941,37.92621682,124.7412813,4.021821818,11.46578327,2023,750.52
1.622381265,77.72382377,71.325754,0,46.02661732,11.41751482,422.5716478,4.069912636,10.90960506,2020,609.95
2.130728396,58.74720845,64.10518532,0,57.41735585,45.70668692,77.93617469,4.984828342,19.0874289,2021,660.97
0.94305034,64.86246917,39.47501213,0,30.17331216,5.782856456,31.65878686,3.480750331,6.910446771,2023,391.85
1.413503697,54.11514989,52.85412746,0,30.68346458,45.78335804,115.0977278,4.0197311,4.643779663,2018,581.05
2.464910693,87.13166772,67.81700507,0,54.73434242,32.70237347,388.1291089,3.470289296,13.1920385,2023,535.59
1.377795592,55.99294844,53.19238895,1,63.57099309,34.48532547,19.50590249,3.753672573,7.76146616,2017,825.31
1.073394796,64.63684184,68.0503919,0,12.50268689,19.70754721,39.45220798,4.841986015,7.951603527,2022,516.1
1.482637342,82.92060288,75.22615113,0,60.4404127,32.98852175,78.06262024,3.431831888,17.86716896,2017,678.3
2.484747757,44.4525703,79.43754329,0,39.13596999,2.494830951,18.65882079,4.293521212,19.37986919,2017,770.9
1.005624142,91.17578369,46.60730963,1,46.14387825,57.22543808,2.247123718,4.19645368,18.94432108,2017,628.97
0.521284779,29.39077181,97.94969082,0,23.20964153,1.714488068,41.09548328,3.987914287,20.5438833,2023,417.93
2.136042061,92.59284262,76.51219017,1,32.9676552,4.831183435,200.5230957,4.259718312,21.2056716,2024,870.96
2.477934638,52.54648832,64.97428769,0,69.32250651,25.79658241,4.444145283,3.419989809,4.357048956,2017,496.83
0.301912436,55.14602504,81.34304875,1,50.65726748,40.3443772,56.02418371,4.828161254,17.2520598,2020,780.16
0.719622338,22.19979658,100,0,42.34443197,2.379465006,143.6328545,4.962422748,12.351959,2018,505.1
0.425915969,50.90410565,43.41919848,0,47.67023295,76.06004438,306.1500284,4.023552349,11.26287877,2016,421.7
1.043824235,39.20386938,61.62106036,0,59.78423649,100,423.1911447,5,17.80207316,2017,706.65
1.351052937,47.84707309,29.3235251,0,58.80988992,27.9383374,54.8128437,3.800486034,6.348522601,2019,516.38
2.246479011,57.25378068,67.88977299,0,48.49945999,19.68961774,300.344785,4.200215997,6.244456971,2024,611.04
1.953442755,79.15583229,70.48091363,0,71.85918222,40.57360112,3.606144112,4.715944532,18.16786372,2018,902.66
1.862785702,64.15206703,64.41256827,0,69.40925274,11.94086563,137.009405,3.77049777,17.43893009,2019,554.61
1.05712484,66.15353307,55.18199644,0,58.26744058,20.39297933,102.9308363,3.309225471,15.68366328,2015,624.48
2.524342659,38.08961222,34.25728226,1,51.09223566,74.3621411,28.70447524,3.194141467,10.60043298,2018,649.1
1.413861502,42.38491821,70.60300525,0,63.1464219,93.47294717,70.78923597,5,18.71914817,2024,788.23
2.937314814,95.97450037,86.83151726,1,56.28534844,78.54729245,13.87492537,3.735487675,18.40151446,2017,912.98
1.902426415,45.2959793,56.13472316,0,71.21600144,9.132563267,205.2582699,3.907131618,15.42652258,2016,434.72
0.378794225,93.12416504,71.60089894,0,67.99122753,7.937293856,44.30082426,3.443617961,9.113394794,2021,619.2
2.028532686,55.13877602,41.4778353,0,29.63492197,10.60032232,98.36183936,4.47416964,12.87375827,2024,465.2
0.975312046,60.04575872,71.85819596,0,28.28073659,17.46487537,17.28976452,3.60922007,19.18916839,2023,590.31
2.05898159,81.4073032,59.09926553,1,35.97500911,11.31365169,23.08794522,3.754368486,21.63595611,2015,671.67
0.208923444,85.43784844,53.56373074,0,69.5227738,14.06234685,482.2874905,4.14976021,13.36731698,2021,638.4
0.524644312,57.78374879,53.59454538,1,18.47382006,29.07784867,139.8716779,3.467977036,13.75163516,2015,695.18
2.567211777,52.23513893,59.09582627,1,57.89514778,43.13087326,326.9429124,3.910708865,14.19155446,2019,712.33
0.681538671,58.88159103,70.73649974,0,57.25086182,39.90402249,35.07655321,4.701104795,16.37446504,2015,587.53
2.511123376,66.75915056,45.31755198,1,73.25296117,50.52865333,17.98001901,4.214127199,12.0946635,2017,789.08
0.837828265,77.82607374,59.04327003,0,53.60677381,0.981411271,69.93030159,4.065271146,0.529074712,2022,451.28
1.92864573,60.08459718,64.37792333,1,23.13581219,1.467319518,68.25401985,4.107432355,20.96384501,2018,464.05
2.082451721,72.37772596,48.51441163,1,30.81290079,46.73141322,19.23070629,3.805432452,23.97344474,2015,647.57
1.537964259,92.76719465,91.94997803,0,26.36008956,22.8478446,132.1329317,4.99807616,11.9380007,2015,643.74
0.91593203,67.62619225,52.1975678,1,39.24112067,25.89250112,44.90683643,3.593921435,9.666733155,2022,587.1
0.637933129,66.23305712,54.9584463,0,46.34196865,1.620600578,20.62437003,4.105463081,14.31449739,2022,593.71
0.099568064,29.6217835,50.32538075,0,26.69116948,8.843770769,40.34422473,4.057512783,14.06248058,2018,411.13
0.911839204,7.385397263,91.97720131,0,79.41323981,30.51270868,82.93305429,4.504381254,19.97759289,2018,590.99
1.959488372,67.76751458,73.29357843,0,23.49437256,58.80858666,129.6347382,4.551586969,15.27319721,2024,662.38
2.814914455,58.10351537,50.95111991,0,76.92206848,74.66143972,65.75694142,3.983990598,11.03688585,2016,660.44
2.613613447,49.7043465,81.59347338,1,73.70326063,20.81959573,74.56938703,4.145333247,8.407952747,2016,847.44
2.29819433,64.87060408,68.01048041,0,67.96605099,23.6550202,14.95979844,4.164267377,19.32817092,2020,722.2
2.36534203,58.79192542,68.85880132,0,36.12466785,53.70176108,246.1474438,2.863929172,17.99755621,2022,686.98
1.99495471,82.55560501,59.83284187,0,56.84901758,23.14134496,264.1198392,3.205505199,20.30279939,2021,707.65
0.780860573,61.72221737,53.7587602,0,24.45257733,21.82337281,115.0200122,3.697468155,10.15906625,2021,492.56
2.721585092,45.0615343,70.06649149,1,68.2181407,70.64290161,1.778869374,3.719200662,24.1921845,2017,721.77
2.012196936,79.80332478,56.82369155,1,48.52030437,46.80982271,77.01885313,3.400358789,6.281527465,2016,730.45
1.681321893,55.6573785,92.25133444,1,41.81359571,71.9307925,99.21436119,4.374791286,18.54800511,2024,836.14
0.332968408,70.53073367,45.96063342,0,25.52510307,7.386495455,523.1448368,4.001059211,5.452086164,2021,415.07
1.341166631,50.45178588,88.04235159,0,0.449877627,22.29379721,553.8341393,3.892652726,11.04834309,2018,657.58
1.381074814,47.00346229,63.33021727,1,29.22918286,55.44458625,194.9194183,3.371922363,22.80511465,2015,759.37
2.593690829,61.6833646,69.48628601,1,72.25596391,3.534730272,6.595925473,3.977727568,19.15682127,2015,719.99
1.639944661,60.25657287,77.4973665,0,41.94333143,47.49295886,306.3505691,2.686657622,12.26889792,2018,703.91
1.141201647,69.59654071,55.54626057,0,46.61342286,6.062508186,94.84556385,3.918521845,12.40581479,2019,586.1
2.930400986,54.62708493,77.96372577,1,63.11108717,49.52635842,161.3881624,4.031591834,15.50311055,2019,765.42
0.33216178,23.27280432,24.38684217,1,86.11337756,28.40257067,52.28861431,4.120957492,17.57070495,2015,556.13
1.267645285,51.34452233,54.200157,0,76.5000931,6.441722522,38.51765272,3.217949118,21.25789691,2017,468.63
0.126074026,75.87636934,51.13905789,1,30.55329992,19.2368107,62.22119349,4.112408368,12.71882998,2020,545.34
2.219712362,54.05247842,46.19740981,0,11.14858857,34.36217166,15.88486297,3.479284365,6.941074683,2024,506.36
2.754229657,55.07233195,61.77567743,0,97.19228518,30.14160349,44.17134197,3.593765084,15.78484314,2021,725.15
0.840111989,79.72753012,70.78624952,0,95.37983223,16.71903187,194.9238179,4.358965693,12.71284581,2015,939.49
2.57502503,45.76053545,75.53989998,0,53.76907193,68.88811086,3.868936006,5,8.496831476,2022,693.35
0.876654691,29.14393564,68.61315136,0,24.59023509,21.97307394,16.35524597,4.025679379,16.48834458,2018,408.41
2.732310485,56.78737761,55.01459803,0,69.26453068,21.14853514,13.36641553,3.591452271,13.93443123,2023,677.34
2.261885711,50.31652098,70.53524657,0,47.84032628,1.928175574,51.59647108,4.094335224,16.53256103,2020,555.85
2.414720331,40.6750736,66.86428542,1,47.74037754,76.57773311,580.4786126,4.469514579,10.527779,2015,693.26
0.054019667,56.49243088,79.04084252,1,67.88917686,5.848221812,19.03834832,4.310498783,17.43355265,2016,652.08
2.888431071,69.83011294,76.65405054,0,56.68749494,22.54520529,15.72184719,5,8.414509016,2017,692.21
2.180012976,59.81422877,65.45714621,0,26.28370178,48.82310803,246.5759882,3.642331215,10.86134305,2016,667.78
0.914253286,66.13962145,51.54120491,1,43.5051613,7.279474525,213.7498856,4.12611574,13.78542884,2024,655.7
2.488183995,96.26815397,55.20574766,0,63.22305857,22.48348196,3.277153865,4.774458977,23.70909207,2021,634
0.844563595,53.14242277,56.75315961,1,60.20504445,8.260153451,139.3141591,4.743079619,18.92412684,2015,781.78
2.618261519,65.56697269,60.27100499,1,55.24033149,42.7753896,106.5561633,3.024961037,20.38596252,2023,655.28
0.337741171,49.81573275,69.02075641,0,68.66845909,24.92687511,145.9901332,3.99832119,22.08538517,2016,520.09
2.111057932,43.0728056,75.72761585,1,42.76566024,58.13323072,68.22120967,4.742260383,33.01416068,2018,817.33
1.62209543,48.30184693,64.2332196,1,53.5733955,67.48782803,475.3579531,5,15.20794534,2022,873.4
0.289603411,50.42482857,65.24187182,0,0,31.38630103,4.483735646,4.351897942,22.10200462,2017,475.55
0.725681485,67.18951595,67.14959458,0,41.00699612,38.77223723,26.70583267,3.816068353,20.06317627,2023,492.39
0.037212109,100,57.2614203,0,65.27805817,23.90328255,50.50854418,3.495398424,19.98016252,2021,659.79
1.406303896,45.67913127,51.11911614,0,42.19211066,14.55613659,59.74333396,5,23.87119809,2024,386.29
0.903795782,51.66749389,38.66843154,0,40.67545217,31.33377504,254.2968942,4.364370793,12.90343485,2017,672.52
1.795072453,58.73753974,54.57275963,0,29.17094096,71.67326535,82.09904705,3.575966537,12.50657488,2017,601.41
0.891713423,67.91597697,72.0971818,0,70.06731785,16.17060031,4.616017093,3.898421817,16.59882757,2019,702.78
0.899757335,65.27101624,54.45632843,1,60.96926547,11.32426608,52.40171902,4.155093258,14.08650114,2019,632.47
2.229579596,85.68191588,61.43289444,0,66.50829196,14.7521161,53.86943961,4.271903327,16.59250426,2024,827.66
0.144428508,11.47215859,71.99646931,0,15.47572076,17.14900698,336.6533335,3.550190671,22.81374393,2019,324.5
2.708684986,12.2614026,72.81034245,0,46.79099913,2.292213176,91.42854713,3.692904791,12.60926639,2023,407.21
2.556791623,50.08243656,48.80700722,0,44.39777984,20.70107121,100.9643275,3.173532719,13.47660519,2023,531.6
2.00341405,81.94600375,79.95589035,0,44.38856587,20.45519539,124.9155094,4.519881145,15.87155502,2020,760.78
1.77966471,28.68703937,81.91025134,0,37.67944913,26.63429286,146.9846922,3.829190767,13.85840787,2021,713.84
2.676907494,0,48.05225214,0,43.07791456,13.5210941,100.7997854,4.233160825,5.42997086,2024,526.71
0.555990539,71.42358812,52.64244696,1,66.99289565,28.48825951,27.07519998,4.711129254,12.09936179,2022,814.54
0.236907487,64.87314447,82.86636025,1,11.74297293,63.16526529,207.1837838,4.109935071,18.43686621,2023,658.66
0.71853051,38.19583186,62.79719718,0,85.54589536,93.3484321,131.7215415,3.943514762,22.18773375,2020,622.42
2.383734836,40.28920799,31.70333079,0,59.6768225,26.28414841,135.4293824,4.096960738,9.226907162,2022,417.48
0.1040108,40.60512561,44.00477743,0,49.15336209,1.305736606,567.133636,4.031596802,9.203588004,2016,401.46
1.748420505,62.21070635,61.25945562,1,68.13668293,100,162.2151057,4.623082499,15.15116901,2024,701.17
2.986312549,47.47369448,47.55436025,0,20.9633051,36.71119323,176.6977513,4.155419199,4.622024676,2022,617.7
2.567088282,69.88127838,58.79864344,1,36.7059819,12.28255155,302.4245246,3.72779949,12.77514899,2016,580.7
1.564337067,2.907466742,65.48594321,0,47.57849135,4.775418799,16.38539377,4.523924528,6.319789702,2022,340.74
0.190922728,42.8629627,86.93381906,0,77.31120741,4.644178262,68.8612232,4.615242178,21.8453065,2016,579.05
2.494120543,37.47892078,60.64319126,0,49.07006838,5.508470435,86.8851536,3.330834687,11.15334423,2017,386.85
1.796935525,54.87318643,81.08812699,1,59.00109342,1.39930852,39.93971493,4.766391942,23.26417093,2021,773.8
0.344798991,49.23904483,86.43140243,1,38.20842008,69.73087179,182.8859299,4.182355887,20.56760677,2023,672.42
0.281571854,75.9568756,86.51464504,0,59.73684138,23.34600771,143.7249278,4.141634975,11.76841351,2017,727.98
2.728880458,22.81326457,69.2713189,0,83.54479186,36.11512568,127.6124497,4.503312316,9.640201816,2019,704.26
2.007600789,60.90982953,35.55066278,0,69.91053383,52.82675607,586.0239728,3.716511804,14.03227125,2023,550.08
2.487860398,71.16672846,71.91237298,0,48.37088024,47.0403879,30.02694601,4.477082257,14.47676688,2021,640.19
2.636936701,97.13294873,80.72599832,1,63.50981695,64.26648825,132.9752421,3.811612265,16.73073472,2016,863.49
1.715317056,50.36468058,63.78399342,1,61.55033909,100,80.16336322,3.26252466,11.11728355,2019,701.45
1.552339055,66.48917209,91.16875805,1,60.13175343,17.34480763,37.54052409,3.50112186,18.73197437,2019,745.09
1.291282231,23.92274415,77.89750342,1,72.23906722,90.07392647,17.50522869,4.283510916,16.32664027,2023,787.97
0.950839763,12.16087591,73.52410066,0,72.08955408,38.54355198,226.2248052,3.52726583,13.29802422,2016,425.16
1.303787883,76.89548752,81.29571067,1,47.45682806,2.198683058,90.49934934,4.805038062,11.43979672,2015,698.26
2.321638967,59.88879413,70.00054777,1,62.83758123,34.3506636,174.2591306,4.594641727,14.07557508,2018,782.8
1.805770293,83.5702538,27.60784251,0,42.33810158,34.81941771,78.82163542,4.666719583,10.91549374,2018,557.94
2.67756987,32.53194222,57.51291573,1,31.53855207,70.88934696,24.8431976,4.06238929,15.29219347,2015,434.1
1.330140043,70.39804279,82.95752041,0,44.61012489,14.00101508,41.1808404,4.128930809,15.42719343,2024,695.29
1.821268736,97.37635681,52.8861299,1,48.47443697,26.37790587,48.05208902,3.403144073,16.30853642,2021,838.28
1.893922659,68.39411217,61.64791242,0,16.76838022,0.367872846,360.9506971,4.497891755,23.83121205,2016,457.12
1.775091487,65.53163011,49.32745529,0,67.20665119,12.10739249,0.564920514,4.189916728,14.3377764,2023,443.25
2.107901319,60.17112162,91.75883893,0,0,1.927955992,424.5122548,4.283652813,20.02298934,2021,489.48
0.712300405,28.58237086,90.22238686,0,100,22.13636503,393.5375316,4.844155906,16.14793698,2021,620.22
1.537091333,87.11145871,51.74196657,0,80.03758268,51.02154902,555.9887484,3.697018508,13.80877849,2015,802.4
0.312674408,47.7828472,67.20947001,0,44.77982552,6.9368856,64.7386704,3.936929225,14.40420365,2023,418.72
1.153533983,70.08966513,54.79258928,0,50.18852721,22.48778306,331.894397,4.163335461,14.70586795,2024,553.34
1.463001206,28.73931387,74.22416959,0,56.05943747,6.845008293,50.35176949,3.532282297,16.39883854,2023,649.52
1.956672779,36.41080671,72.64524616,1,38.21679224,3.858480826,2.664632152,3.906200589,10.20339617,2016,615.01
2.851593158,88.70174798,77.17558357,1,53.85238295,21.46158687,25.4050264,4.246474905,7.673298083,2024,857.09
1.8019532,53.05395422,69.97877672,0,47.12000045,2.473698746,290.5822924,3.837289364,18.27148697,2023,543.03
2.230781749,89.06550952,100,1,48.11454566,26.55500178,1.386030512,4.654494705,19.49061916,2016,960.69
1.518798178,58.43538682,49.58114352,0,53.62922127,0.955169531,78.96451635,3.244537719,18.72817916,2016,519.52
1.902312094,23.16204454,39.34094968,1,23.72944403,3.385487058,7.861211942,4.56138562,15.77486009,2022,602.89
0.212796648,77.84135199,59.10364699,0,50.79139448,23.95506325,33.74279029,4.330592737,18.83612314,2017,746.42
0.763174743,48.20215364,41.48017602,0,53.26895493,26.85110217,9.221710408,3.715585706,18.56714513,2017,495.14
1.08555928,73.97377627,42.61306595,0,52.57699243,0.882460516,196.275152,3.537795716,18.93814679,2021,503.43
1.417480065,60.50421735,49.98028019,0,45.68338489,25.55562188,89.42130221,2.959858691,10.70229589,2024,536.03
0.136946237,29.13763544,51.16716642,1,72.75715552,54.69797319,232.3874776,3.602412494,9.515241014,2020,584.49
0.420072293,63.28589531,50.68072847,1,42.9269489,38.43816423,116.5884782,4.523588328,13.05715377,2021,662.48
0.830442923,100,72.77328426,0,54.54651814,4.218755531,354.146448,3.971957137,14.91307945,2020,561.43
2.914598073,69.85972917,57.40716408,0,75.94595068,26.92956401,71.31002349,4.58149044,13.79039436,2023,632.82
0.994041021,58.84964494,62.30728138,1,48.4124772,33.46535353,101.8075929,3.690064465,5.616548343,2016,736.69
1.446123174,81.50686804,78.41349162,1,54.28926535,1.138259427,85.87504379,4.35355308,23.60846306,2022,800.08
0.588293138,64.2133693,53.50516213,0,48.07230727,58.00266392,66.21533491,3.641250699,13.62977006,2020,575.81
1.832340213,64.19068461,61.03181152,0,74.74739587,71.01927607,187.053885,3.517212497,15.86352208,2018,733.63
0.842049647,38.16749656,70.48639979,0,44.84550877,57.00419086,103.4300737,3.946436391,21.22274495,2020,689.68
0.620977735,64.67696052,35.87648299,0,75.66709155,52.22596866,161.6020857,3.667516744,3.275138652,2020,559.84
1.549717885,80.70886833,29.22641737,0,47.92824211,40.990658,154.348135,3.228588925,12.44153064,2024,430.91
0.016517397,43.27875696,70.19175993,0,32.81080553,30.10713964,21.20121863,3.90884265,13.06441363,2017,551.74
0.022992098,88.48991642,72.38021421,1,63.58746341,34.05458557,105.0289469,4.053217708,13.31844977,2022,841.12
0.657206427,58.16587952,95.96330202,0,43.90664332,49.25810379,22.27036721,4.634179306,14.13256705,2019,756.68
0.110164088,42.24460977,67.37142314,1,62.41001798,32.58555603,87.54378856,4.468402839,22.23567399,2024,572.47
0.324077262,79.95264154,77.29609576,1,0,11.9127212,113.1449634,4.6099716,18.36729438,2018,519.58
1.016581948,54.26411529,62.06791035,1,50.10410524,14.14627729,589.0740535,4.360178749,19.79017634,2016,660.58
2.407757039,75.19029775,69.45840832,0,40.80789402,68.20753175,3.1018104,4.166306379,15.23560136,2024,726.67
1.71614593,54.16482735,90.00885263,1,28.73482627,0.518110911,9.567688056,3.385527547,8.003134769,2015,631.92
1.538003178,58.80347713,33.14010773,0,38.93517996,36.00147349,8.015496838,4.074936099,4.601514824,2021,610.92
0.88046647,69.87120409,71.20424386,0,38.52593711,92.88485063,50.80981571,4.298396889,7.352961384,2024,714.35
2.795261158,65.81794115,97.03380095,0,49.0402841,36.74855704,172.3661823,4.728718975,16.79882852,2017,849.35
1.191045124,20.08936439,69.23051329,0,22.65347077,100,185.8260445,4.343144271,15.15884856,2017,627.05
0.2612783,37.5751252,89.75859445,1,56.32547561,34.89883553,133.5523667,4.620191717,13.94918176,2017,632.34
1.851199548,78.5881997,55.56181776,1,77.3242957,1.049019661,227.1844871,3.484001054,13.15711547,2024,658.12
0.34151518,57.35726822,64.51928759,0,55.61856994,52.63562416,38.98771503,3.836791187,25.05860788,2017,492.33
1.035669428,49.52537394,65.50287054,0,66.17977218,10.04865794,9.228486935,4.214675357,10.88548205,2016,600.92
1.522235816,32.82851969,31.73613381,0,71.89124909,17.72081679,5.99124677,4.580476345,19.63909728,2020,468.81
2.622667574,38.40527357,47.47733258,0,74.72979024,11.22300146,191.1440162,3.927385677,15.00956468,2024,645.17
1.480639741,19.5640272,48.54687381,1,87.40277386,9.381960821,131.0950532,3.95877702,14.69530244,2017,632.91
2.106776298,57.97438563,77.33099117,0,40.01596003,16.93764333,119.9367777,4.343570153,20.88318774,2015,493.23
2.978450517,48.03124839,78.08229659,1,35.6303203,14.28072099,41.5025168,3.437064586,22.31265191,2024,633.18
0.39446736,40.66824218,69.86054664,0,65.66931297,30.09949269,47.78828911,4.803702275,13.80225272,2023,423.37
0.824194577,58.6375315,77.36154345,0,64.16532439,50.32366652,317.279239,3.560431953,18.9960136,2020,687.34
1.183728227,67.27941262,62.53775881,0,65.51350599,10.57573506,6.593121753,3.040705288,16.81945681,2020,804.01
1.265484536,100,83.02897504,0,87.78564909,7.213313462,148.6033979,4.005033504,15.03718569,2024,802.63
1.233063226,29.76233161,65.13182664,0,50.22739818,32.9789501,37.05324076,4.849229351,16.02127471,2023,556.07
2.722833008,83.18762087,65.86796071,1,58.52313119,33.28898975,3.98377066,4.293226565,11.55995593,2016,804.24
2.142097933,79.46203122,61.0161105,1,30.39223497,69.41885873,135.7007871,4.375545272,13.46950303,2024,807.92
1.823715642,44.41814521,75.26675716,0,92.70642248,0.482225603,40.1839517,4.020692881,12.0968236,2023,629.15
0.928118154,64.06471909,58.68201775,0,43.26910158,57.52798031,128.0664949,3.923811251,19.50688358,2017,644.73
2.471371153,50.84733501,79.64647066,0,43.83568144,22.08177654,122.9818557,3.227545315,14.52399442,2017,532.23
2.865181534,63.71377161,48.01776289,0,43.06500218,29.13049382,76.5259646,2.870306871,8.511429877,2017,487.16
2.463594848,90.18262027,48.51625618,0,37.10208283,2.874566814,150.2258134,4.098136169,11.38281388,2015,470.76
0.004695316,72.11212465,75.31140133,0,35.41125902,17.00151225,86.9975829,4.656274597,0,2024,606.2
1.909204111,70.17216746,63.67183678,1,39.52591434,7.736025582,33.77646654,4.172066852,12.52753699,2021,589.21
0.153406144,51.3938136,58.19162876,1,22.68408144,8.799941196,132.4692527,4.311799764,15.18822533,2024,668.23
0.772821661,30.3188667,78.35086599,1,34.29364159,21.04113402,88.9502307,4.791858773,14.31932076,2021,585.81
0.178574101,55.83063579,55.89107879,0,88.97926223,50.2122459,1.280896737,4.164383426,24.90077176,2016,471.56
1.811386359,84.1321631,61.99698119,1,64.71310287,40.85167376,231.9163537,3.93867245,17.8745302,2020,705.62
2.05976974,29.45664287,85.98841925,0,68.51808353,26.82120069,78.88734072,3.590737597,17.65225927,2018,624.36
0.343462914,38.89821264,88.08713519,0,73.54417575,23.25794371,202.9716694,5,6.783654827,2021,706.97
1.151516649,62.52535472,88.58597315,1,86.68269129,16.72211435,214.333463,4.26327389,13.17678973,2021,856.47
1.368709527,40.3069043,60.76811335,0,14.57154897,100,58.87270891,3.528199142,12.56668596,2018,489.96
1.107159065,44.14953106,83.46054357,0,25.40233769,24.64254813,70.8585737,3.414416166,11.06959401,2017,488.94
0.363075001,51.52802837,50.76570758,1,33.92552678,8.789539119,53.74338155,4.626531863,11.00059667,2021,507.28
1.256843371,32.68765192,51.39645688,1,40.60540407,7.844480485,59.68134798,3.481279152,5.95938523,2023,575.86
2.253534143,40.51756308,29.74316221,1,43.98861219,28.35251645,225.5197426,4.926917079,8.620733977,2018,573.36
0.213022994,74.06855834,90.09302303,0,41.06044894,22.19631826,155.1848546,2.621768601,19.37046701,2020,584.8
0.240540042,33.85260436,52.04030226,0,54.38617826,0.231827519,13.52765446,4.711297599,14.28542654,2021,393.26
1.064313876,28.04255731,63.1020113,1,50.70590781,53.17024375,94.23980349,4.243447406,12.46798791,2024,608
2.825177135,47.39950041,51.34513487,0,35.5433041,36.53427807,549.8389225,4.059297212,14.97294333,2017,530.37
2.00571794,74.63911005,75.42747872,0,6.48902446,32.52613353,90.52288933,3.912270782,20.83695339,2019,690.66
2.03600987,56.06156384,59.36549509,0,30.14262589,2.137812925,154.1179563,4.945364924,15.0210526,2015,526.8
1.085759973,50.70837844,45.42774664,0,39.01522693,13.48513617,146.5603722,4.353529429,17.70187065,2020,437.51
1.780982374,60.88717595,71.62493846,0,45.05841126,82.17798913,43.12715368,3.548398196,10.76697579,2019,651.98
0.030393552,25.08585134,43.49404963,0,27.40665081,59.54341802,46.49751775,3.140545022,11.90685025,2021,536.5
1.908288139,69.89411308,52.43891412,0,40.18387067,10.08697135,128.7631342,4.088648607,16.76988443,2023,612.08
2.739860843,67.66870063,33.39666328,0,27.38025223,5.125745222,69.31142443,3.999464433,24.46326854,2018,531.05
1.837720405,51.81383052,43.64062832,0,47.48361297,17.88540343,84.52981824,3.240065981,22.1488743,2023,537.7
2.62109578,80.11849024,67.67793755,0,28.53817343,13.19379601,124.7944861,3.972303237,17.91414035,2020,602.16
2.171919166,37.45007802,35.53195943,1,33.02190687,34.39248078,150.3165434,3.713032683,15.7571688,2019,626.08
0.361675249,82.55817987,42.78281413,0,23.82631738,100,31.67904096,4.004645034,22.00534678,2016,487.64
2.707359922,63.08987331,64.96446626,0,46.92998609,13.52963699,15.87539781,4.362961806,18.97339162,2015,718.49
0.199331533,53.2689482,56.84589656,1,32.6710446,1.927330457,34.50211803,4.746304974,3.531689888,2022,637.59
1.601902418,59.60252729,94.88054954,0,68.13568533,68.37016128,70.83386388,4.454444518,9.730345761,2020,832.83
0.426411371,57.85470468,92.50844819,0,58.11700533,1.160657226,41.87651387,3.639279625,16.69070163,2021,556.62
0.035119832,84.40565793,51.98116306,0,48.60296264,91.57917388,84.01697631,4.184457564,6.065162172,2020,763.77
1.26610278,38.46641745,73.35706428,1,34.05029005,32.77110287,5.49480957,4.031553561,10.51205498,2024,734.38
0.885122123,44.74961522,76.23923835,1,57.61040611,85.25904297,71.28406535,3.333935523,11.50092528,2021,711.87
1.458001481,80.72605784,56.03781713,1,63.81401779,6.681547502,45.88420037,4.199116392,13.71917047,2023,667.35
1.73159966,48.0893013,42.56687695,1,52.85376824,1.246536412,76.50014739,4.928336169,13.56284896,2019,502.14
0.131217217,78.01066155,64.81552326,0,82.07403711,20.09522556,54.91045956,4.016213302,13.55439786,2015,701.72
0.369009885,93.98871966,62.40731488,0,59.19274636,17.96913374,33.43905956,3.20290866,19.12653759,2015,617.59
1.675927189,51.96409946,58.46353255,0,68.27214435,12.08121973,234.4531735,4.015134336,13.67388067,2023,744.98
1.02950206,73.62724653,71.63475302,0,52.67130831,94.85819243,20.42788495,3.393143901,13.07684934,2019,608.2
2.187520463,36.92615437,53.73905589,1,63.51328907,51.87769536,114.3710838,4.431802753,8.254139479,2016,618.08
1.956874946,75.09466596,47.72003679,0,34.06437535,32.50420573,258.5541185,4.262432496,20.12173101,2017,562.21
2.536813089,63.98847972,66.63624456,0,40.83203274,5.332857532,77.36415695,3.914544973,11.64251243,2015,624.64
2.07747848,69.46076564,70.78955139,1,56.98727107,39.76426591,209.0773414,3.834417867,9.56484836,2020,828.48
1.289793232,47.08855856,47.35032584,0,56.84198963,38.94987319,13.33616681,3.893882849,16.06545287,2020,536.79
2.018899867,26.77833169,78.92135916,0,60.15223646,16.60511424,68.08012467,4.004137247,11.16529369,2017,593.16
0.826143523,70.06504129,38.44278293,0,72.00785785,77.62250084,61.06925172,3.613882489,12.3702363,2017,643.78
0.918940496,18.73193695,56.32829812,0,21.50057656,5.480852557,0.815194403,3.306123459,16.29230087,2021,429.95
2.36695548,53.65299016,61.12987196,0,30.51094905,9.332106146,58.5652159,4.569349473,13.36758688,2015,478.12
1.339258549,78.82363733,55.45664431,0,54.59145282,1.959343449,46.04965751,3.807299512,26.55804688,2019,528.52
2.395141022,63.83795472,56.5240929,0,35.51272736,47.60842557,110.8052895,4.083521552,14.62585728,2017,649.39
2.467267121,98.9668529,93.06611723,1,100,29.16674223,278.59541,4.142640976,18.08919109,2019,1121.5
2.572687013,80.50218305,52.23673866,1,60.31439238,11.34747899,8.9696165,4.16101024,5.291529763,2018,680.07
2.749905708,46.92203223,100,0,48.43338302,5.367114009,39.67180554,3.413091001,10.69675434,2020,664.07
1.292955662,60.5462676,71.5569017,0,39.69061454,1.229278004,58.71034257,3.162079918,9.565431525,2023,510.08
0.956600455,59.05258595,66.38082706,1,40.39675434,5.472487309,60.73096854,3.705653738,10.22810138,2016,668.48
1.74659624,28.35646473,72.1436053,1,50.60281323,18.11480968,149.0809549,4.197855766,17.07768997,2024,502.93
1.11351727,41.19202167,100,0,52.23963865,8.517752922,58.59006431,3.636025066,20.17782534,2022,581.87
1.8032225,48.78478186,50.09610494,0,40.86601711,8.991918058,2.753698798,3.822539323,16.72315252,2016,422.53
2.116757588,19.27558994,48.19373122,1,44.53695507,62.52189414,123.8233367,5,13.86677688,2018,585.49
2.065215055,60.94986937,53.67700705,0,76.8856915,21.71670873,216.1343334,3.077288058,11.84572481,2023,402.31
1.123658661,55.01856311,65.4821472,0,77.69009925,39.19700042,72.13506096,3.622483002,20.56799876,2018,794.34
0.500580605,26.54212197,39.11343313,0,55.0406796,1.090925517,87.01433943,4.948302034,25.35627727,2021,194.01
1.291588015,68.08425731,65.33508859,0,23.17480546,13.63162699,17.78552723,3.977700664,15.67527852,2019,570.22
0.427782432,74.31745489,90.403207,0,60.77006313,19.56990999,24.92898366,3.647007417,19.69681532,2016,572.95
2.670291106,64.54068958,67.27111086,0,81.08564883,6.189214539,26.81020047,4.584384459,16.71685175,2022,576.83
1.037632382,53.5186365,60.60971812,1,77.39562204,3.841531678,56.34214764,4.027615218,18.77752453,2024,686.33
0.463379242,71.82884304,55.72759327,0,64.68851706,61.27680962,263.3108154,3.825845802,9.177266109,2024,715.38
0.07634328,73.60440721,78.47767557,0,78.44845911,84.11947264,73.7694369,4.096184464,12.5593186,2016,693.24
1.937467159,66.14807139,52.6125084,0,51.06768545,2.462561462,21.33140758,3.670945595,16.9773472,2017,442.93
1.910706952,43.50775499,92.69593881,1,62.5620594,12.87823144,30.93657887,3.491254469,21.06245472,2024,631.43
1.0218125,65.53201531,94.00039622,0,36.38448867,95.30728682,48.45327147,3.943201536,10.90932889,2021,778.46
0.215135667,83.90961302,68.85126198,0,55.84530912,2.604725829,97.61972658,3.49450152,4.833504445,2019,525.57
1.228886685,48.06741883,64.82727368,0,76.59068488,30.95453027,57.98776988,4.005346656,12.50867787,2024,724.88
0.933652485,100,80.45989712,1,38.21153177,100,49.83123164,4.177203284,20.05065357,2017,816.04
2.031361919,49.48738132,81.42197753,0,32.77113141,100,83.17855353,4.426530228,7.080522045,2016,753.78
1.817337748,60.64814027,52.91012403,0,51.94977878,19.11567336,27.68542323,4.563962493,9.115400539,2020,694.51
1.093781185,46.55028808,57.101673,0,45.46675593,5.32894505,8.21902239,3.797131749,15.77959293,2024,489.22
0.653677663,64.46541672,45.16478848,1,62.98295442,6.772570349,2.471728559,4.249707304,14.42014374,2015,476.71
2.964107898,25.15556615,71.13597408,0,40.93480948,66.10973347,28.9362368,4.246261723,17.97233241,2022,629.27
1.362004864,49.07916402,74.99941825,1,84.36879231,72.8046814,9.606169968,4.163909358,8.856366198,2019,815.35
2.064822707,38.15757599,44.75111543,1,24.20647804,28.08559366,40.9986271,3.760270295,13.37510703,2019,529.33
0.421658903,62.70676696,58.17201643,1,75.07469572,43.59564875,148.2512531,3.485966094,20.97592701,2016,838.78
1.456769099,79.88894751,44.79119124,0,34.70301543,40.40427796,125.9817953,4.251000945,9.035519032,2021,584.78
0.08261016,72.92012374,51.51800285,1,14.08034531,32.52545118,94.3989893,3.146568719,22.38456148,2019,608.63
1.516365354,12.56681278,73.2652559,0,54.75750313,52.68197587,191.3928757,3.866080284,9.662915071,2022,497.74
2.892052221,100,53.997769,0,44.90784028,34.69423023,33.1379899,2.723184492,19.24690789,2019,634.87
1.152620139,65.90559881,60.48761066,1,27.80781264,22.90723778,216.3290678,3.331798788,13.13520745,2023,717.53
0.116988038,44.47001719,40.59032408,0,16.37246217,8.113201723,50.95583765,3.561433031,9.275458712,2019,361.69
0.092867373,63.14255838,67.80485315,0,49.83278425,40.86422979,51.2315597,4.548362104,12.51550476,2017,632.26
1.16396028,63.52379645,64.3359002,0,69.51673783,19.24157834,51.97849954,4.344054012,17.72464594,2016,698.97
0.480074809,46.66302566,54.06561125,0,61.69906986,10.47786108,10.32453833,3.723032658,14.96573003,2019,626.49
0.070056289,63.95833335,62.16478553,0,51.13413298,48.57650851,370.8694413,4.364684898,20.59234706,2024,515.04
2.268640842,47.85055425,67.70442321,1,59.57695146,35.7923312,14.90880905,4.443811482,22.1787003,2024,684.95
1.375569027,51.91276015,52.77697777,1,49.45571735,83.10075064,41.6858352,3.919667576,9.084846673,2019,833.64
0.867734316,46.27441728,42.85606184,0,21.40551514,5.425578128,38.46340691,3.307810928,8.718654275,2020,538.98
2.700249549,31.34657421,92.08361649,0,21.5821203,31.4252542,7.761504239,3.896043845,8.476031132,2016,551.39
0.348416881,62.9167294,55.50090943,1,45.93662942,8.400921291,16.51814475,3.951053797,10.50401952,2019,633.79
2.867756487,71.70598873,63.54859845,0,46.78693427,70.17217776,4.589561043,3.383772805,20.5210726,2015,706.31
0.941900152,70.29767192,80.16259603,0,67.01965357,3.144133917,34.58826671,4.183523396,17.80180975,2017,666.18
2.665211017,76.39850505,100,0,65.14608448,32.027523,201.4829953,4.139905927,12.27486214,2017,820.47
1.808828629,66.4868042,46.33270325,0,62.10266032,46.97493786,41.46706581,4.22252135,14.94448705,2017,722.02
2.480122079,49.34549004,71.74740821,0,44.39434574,13.15132773,13.203746,4.139461549,22.02152753,2017,421.56
2.95203949,76.79327729,54.38671572,0,22.3869566,92.46360367,103.7593961,4.364921518,24.54005425,2022,623.63
0.865216313,32.8496492,56.91814543,0,58.24142274,57.06009356,568.4248135,3.910335986,16.29692167,2015,591.7
2.883406456,41.98657235,54.19681968,0,60.50338627,10.47048611,26.43872357,4.100892554,1.70359408,2020,510.55
1.168445685,40.71599857,48.11517548,0,2.22937075,0.227090116,32.79084185,3.801129858,16.48643547,2020,367.81
1.156535714,81.60112118,64.38062957,1,33.31323627,10.55732543,357.0103286,3.707750392,19.67374065,2015,751.02
1.021161313,78.85577028,42.88245969,1,36.17891245,9.909774697,19.69597189,4.669124815,16.12316158,2015,743.44
1.624222822,69.74610474,79.2021135,0,52.36700402,66.20859645,71.58306511,2.978115649,18.63257459,2017,719.9
0.46243513,81.4385973,65.82504404,0,33.93279134,100,27.39792307,4.438379995,16.78532687,2022,832.76
1.661134456,42.41434435,71.33652459,1,49.23730862,2.191317239,269.3435979,3.689729562,8.826772913,2020,641.91
1.625114437,66.9719024,58.00717082,0,45.78930119,19.11973003,399.1121116,3.624980911,10.56880783,2018,540.57
2.285705438,57.49651143,59.49194099,1,46.81701057,23.84423637,168.5767522,4.130788742,13.39423906,2019,553.15
2.500949886,76.93764208,69.31345858,0,35.67211413,2.925463112,37.80208932,3.255195194,20.32707389,2024,507.24
1.321324051,57.69551535,47.53924051,1,37.22029892,14.22023912,51.66550406,3.591988464,11.17057966,2017,576.72
0.906999748,52.30114223,59.63014348,0,28.3946588,11.44143289,27.74752513,3.575430177,17.27951317,2020,469.15
0.778004692,70.81817037,52.10579729,0,57.60134881,23.03976562,221.4189372,3.889300871,16.51846297,2020,590.31
0.58387151,77.52338334,51.64146784,1,61.42205257,32.46955369,245.9920746,3.597931156,22.93098633,2020,841.25
0.172942747,46.6330961,33.35242639,0,34.587641,36.46973533,54.27819346,4.800559343,14.79160111,2023,499.85
1.027343937,58.77848657,85.08989884,0,80.41280192,4.411702864,106.8664445,4.898508258,6.226207909,2024,760.69
0.810743076,38.83118733,54.7019187,0,43.70797105,50.29101097,18.09862644,2.989003239,18.23435232,2022,641.56
2.899252158,10.03877965,82.45064083,1,80.60371248,34.04665422,57.08161036,4.272161352,25.69027606,2020,687.12
1.673126479,64.00919263,81.03188482,0,37.15745652,65.96700694,99.83121431,4.42933172,18.56191672,2016,646.38
1.041831117,72.17810713,45.7100044,0,9.468444468,17.89891692,48.67887034,4.271492601,11.06169204,2018,564.13
1.741402803,65.24133618,48.67383146,0,58.0439565,67.29830253,44.2543378,3.670943253,9.590270604,2020,673.51
0.417590104,21.00876564,100,0,54.9709021,60.24693732,0.099949159,3.877952219,10.23515583,2023,636.66
1.332131248,52.9830114,91.26388913,0,50.68787591,17.30946132,163.1139006,3.625862673,25.0165594,2016,611.64
1.878702964,15.6330448,64.5272223,0,37.15535043,14.39644681,220.1271262,3.789867984,13.3633628,2020,426.19
1.466693495,87.39402215,68.8605966,0,49.30855549,81.00782525,348.8833557,3.395017486,11.68678303,2024,738.73
1.205336402,38.27890836,55.53730396,0,39.77481084,37.67532845,127.0366859,3.942605589,14.20781678,2024,502.97
2.981545167,85.10807219,71.48529071,0,43.95300867,79.03507705,79.58275408,3.248599144,13.41546476,2024,736.75
2.640944286,78.91739287,54.24227149,0,66.83264512,47.83275197,31.3731115,3.899932723,22.8382518,2021,731.35
1.870217874,41.98819295,34.51469354,0,53.68434459,28.19426168,726.3681879,3.375709155,9.927612545,2022,526.57
1.708132084,37.34430097,45.1766632,0,62.19902775,3.693950651,89.09955071,4.103408181,20.90321616,2023,425.01
1.861981439,67.00740433,65.31639122,1,45.36262987,10.33733823,114.3047278,3.66029022,15.61046048,2019,747.04
0.603936323,43.11351926,48.03399147,0,43.15965308,100,114.6981951,4.145290174,21.03513257,2023,476.63
1.18541323,62.04969284,63.99083803,1,26.93034938,11.54438961,186.5955972,4.540790364,22.91309522,2023,666.99
0.118378599,50.34344818,48.88008441,0,42.59926775,2.936816143,0.97196217,4.794723468,15.42398817,2021,499.87
1.426638112,24.37683171,53.26469116,0,0,36.88419127,24.87779997,2.735997705,13.42468195,2016,344.7
1.629073752,15.39063962,77.7974796,0,38.19556067,39.72824895,109.5220049,3.582902953,15.33089416,2022,515.17
0.683249208,64.53368497,68.71220821,0,48.36251646,10.08339329,225.5183863,3.848456961,14.52614664,2019,547.17
2.892086541,48.76884507,64.85503368,1,61.27347309,10.60064155,115.6258717,4.230163909,6.715167721,2022,662.18
2.728363833,48.93820366,78.1844596,1,44.62644245,18.98375232,53.35677627,3.174822748,22.76240187,2016,677.72
2.166429706,73.91727678,72.2091289,1,56.95347084,0.660895033,44.87205233,3.508953797,16.22892509,2021,682.25
1.600159886,83.46884553,86.69844937,0,6.404226772,46.7228752,133.9212353,4.065178601,9.184504075,2019,756.03
2.609907479,54.54910557,58.10211107,0,48.86326296,11.44171272,135.1845388,4.042444121,4.662383399,2018,392.74
0.391957031,53.18802586,58.55547532,0,16.40994414,57.6758215,93.40932416,4.188809203,3.362003835,2024,519.2
2.371529383,70.00286066,45.483361,1,25.83392969,48.68031826,34.45586777,4.221837863,18.85240218,2020,508.65
0.374462442,32.86128861,58.56528924,0,46.25668904,32.48825441,259.2333544,4.169297217,11.90511216,2019,402.92
2.382631988,64.46306109,79.47154841,0,75.52527976,11.7857167,80.26940961,4.096827658,12.72549666,2020,649.76
0.827302705,71.03771944,84.49981058,0,57.42413527,21.78973918,156.2995055,4.027869887,17.44077132,2023,781.07
2.631271743,73.60460417,79.40457752,0,50.36461994,17.65438706,24.11907545,4.332381545,12.41975922,2015,772.68
2.832126281,21.26494595,38.087122,1,49.60939221,12.41468297,42.16566697,2.880338667,17.73262208,2015,493.03
0.446387908,44.7728946,81.24717819,0,35.72742214,56.54315402,207.6083318,4.772166743,15.47632032,2020,617.71
1.388026815,42.43473494,37.42222065,0,39.12033173,19.82081063,5.140596383,2.897758975,14.57935208,2016,485.48
2.942962134,61.99773909,78.47175986,0,58.54752091,53.64314228,71.80862116,3.460419092,7.136247972,2022,811.38
1.450222308,69.6148916,59.4832321,1,22.29278963,3.335270871,65.72116266,3.886619602,10.90134322,2021,563.41
2.590642568,89.93420815,75.53799971,0,61.86108101,4.560456448,139.1227264,4.336306446,18.01267683,2020,768.43
1.766194566,50.10069039,45.01327478,1,42.22985866,100,33.11377691,2.502366555,11.58989093,2018,599.7
1.125989724,50.04855003,82.56751449,0,66.5111415,26.58510311,24.72656922,3.985937838,21.02684778,2023,611.21
0.857350667,82.99344038,43.02537881,1,69.22186914,21.38639833,260.5486917,4.39619752,26.73200662,2021,748.29
0.609669273,65.93153877,54.97317634,1,16.53831975,22.21698054,84.79539301,4.497259058,18.2819265,2021,540.47
2.285394574,85.35303022,50.02858058,0,38.36838474,7.272420214,11.05847698,3.651335171,22.46415946,2019,529.52
1.15962152,65.77456006,38.68572721,0,32.88944624,38.05042811,21.44764224,3.849582357,18.60363619,2015,357.51
1.533826387,36.85766763,66.41791351,0,13.7454407,2.657744609,674.7389252,3.691925936,12.32868989,2016,458.05
1.47697644,33.3374329,92.09133677,0,29.34933448,25.55188991,21.7669805,3.803662673,16.00075832,2022,488.81
1.731837088,28.96975502,100,1,98.82511691,25.37278709,94.28285436,3.484086725,25.06660473,2019,733.79
2.596731437,73.2410367,66.45733681,0,62.19019792,73.66804094,54.49480257,3.555373919,12.38223129,2016,842.12
2.942218031,83.77193646,81.75021913,0,88.34575937,22.40801121,216.8046288,4.217188461,9.803363506,2019,752.83
1.222752626,96.98724283,68.48141957,0,66.5819688,4.422397182,140.7185437,4.065807687,9.329027884,2022,757.09
